<?xml version="1.0" encoding="UTF-8"?><CodeSystem xmlns="http://hl7.org/fhir"><id value="coberturas-codesystem"/><text><status value="generated"/><div xmlns="http://www.w3.org/1999/xhtml"><p class="res-header-id"><b>Generated Narrative: CodeSystem coberturas-codesystem</b></p><a name="coberturas-codesystem"> </a><a name="hccoberturas-codesystem"> </a><p>This case-sensitive code system <code>http://recuperocaba.gob.ar/CodeSystem/coberturas-codesystem</code> defines the following codes:</p><table class="codes"><tr><td style="white-space:nowrap"><b>Code</b></td><td><b>Display</b></td></tr><tr><td style="white-space:nowrap">MP009<a name="coberturas-codesystem-MP009"> </a></td><td>Accord Salud (ligada a Unión Personal)</td></tr><tr><td style="white-space:nowrap">MP038<a name="coberturas-codesystem-MP038"> </a></td><td>Alta Salud</td></tr><tr><td style="white-space:nowrap">MP039<a name="coberturas-codesystem-MP039"> </a></td><td>Amffa Salud</td></tr><tr><td style="white-space:nowrap">MP040<a name="coberturas-codesystem-MP040"> </a></td><td>Amur</td></tr><tr><td style="white-space:nowrap">OS030<a name="coberturas-codesystem-OS030"> </a></td><td>Andar (Viajantes Vendedores)</td></tr><tr><td style="white-space:nowrap">MP041<a name="coberturas-codesystem-MP041"> </a></td><td>Apres Global</td></tr><tr><td style="white-space:nowrap">MP021<a name="coberturas-codesystem-MP021"> </a></td><td>Asistencia Sanitaria Integral (ASI)</td></tr><tr><td style="white-space:nowrap">MP036<a name="coberturas-codesystem-MP036"> </a></td><td>Asociación Civil de Estudios Superiores</td></tr><tr><td style="white-space:nowrap">MP032<a name="coberturas-codesystem-MP032"> </a></td><td>Asociación Mutual del Personal Jerárquico de Bancos Oficiales Nacionales</td></tr><tr><td style="white-space:nowrap">MP010<a name="coberturas-codesystem-MP010"> </a></td><td>Avalian (ex ACA Salud)</td></tr><tr><td style="white-space:nowrap">OS031<a name="coberturas-codesystem-OS031"> </a></td><td>Bancarios (Obra Social del Personal Bancario)</td></tr><tr><td style="white-space:nowrap">MP042<a name="coberturas-codesystem-MP042"> </a></td><td>Bramed</td></tr><tr><td style="white-space:nowrap">MP022<a name="coberturas-codesystem-MP022"> </a></td><td>Bristol Medicine</td></tr><tr><td style="white-space:nowrap">MP043<a name="coberturas-codesystem-MP043"> </a></td><td>Casa Salud</td></tr><tr><td style="white-space:nowrap">MP014<a name="coberturas-codesystem-MP014"> </a></td><td>CEMIC (Centro de Educación Médica e Investigaciones Clínicas - Plan propio)</td></tr><tr><td style="white-space:nowrap">MP026<a name="coberturas-codesystem-MP026"> </a></td><td>Centro Médico Pueyrredón</td></tr><tr><td style="white-space:nowrap">MP035<a name="coberturas-codesystem-MP035"> </a></td><td>Círculo Médico de Lomas de Zamora</td></tr><tr><td style="white-space:nowrap">MP024<a name="coberturas-codesystem-MP024"> </a></td><td>COBENSIL</td></tr><tr><td style="white-space:nowrap">MP044<a name="coberturas-codesystem-MP044"> </a></td><td>Cober</td></tr><tr><td style="white-space:nowrap">MP037<a name="coberturas-codesystem-MP037"> </a></td><td>Consejo Profesional de Ciencias Económicas de la CABA</td></tr><tr><td style="white-space:nowrap">OS032<a name="coberturas-codesystem-OS032"> </a></td><td>Construir Salud (Obra Social de la Construcción)</td></tr><tr><td style="white-space:nowrap">OS033<a name="coberturas-codesystem-OS033"> </a></td><td>Cover Salud (Red asistencial nacional)</td></tr><tr><td style="white-space:nowrap">OS026<a name="coberturas-codesystem-OS026"> </a></td><td>DASUTeN (Obra Social Universidad Tecnológica Nacional)</td></tr><tr><td style="white-space:nowrap">MP045<a name="coberturas-codesystem-MP045"> </a></td><td>DoctoRed</td></tr><tr><td style="white-space:nowrap">OS027<a name="coberturas-codesystem-OS027"> </a></td><td>DOSUBA (Obra Social Universidad de Buenos Aires)</td></tr><tr><td style="white-space:nowrap">OS034<a name="coberturas-codesystem-OS034"> </a></td><td>Elevar (Pasteleros, Panaderos y afines)</td></tr><tr><td style="white-space:nowrap">MP019<a name="coberturas-codesystem-MP019"> </a></td><td>Ensalud</td></tr><tr><td style="white-space:nowrap">MP046<a name="coberturas-codesystem-MP046"> </a></td><td>Femédica</td></tr><tr><td style="white-space:nowrap">OS028<a name="coberturas-codesystem-OS028"> </a></td><td>FEMERA (Federación Médica Gremial de la Capital Federal)</td></tr><tr><td style="white-space:nowrap">MP031<a name="coberturas-codesystem-MP031"> </a></td><td>Fundación Médica de Mar del Plata</td></tr><tr><td style="white-space:nowrap">MP003<a name="coberturas-codesystem-MP003"> </a></td><td>Galeno</td></tr><tr><td style="white-space:nowrap">MP047<a name="coberturas-codesystem-MP047"> </a></td><td>GEA</td></tr><tr><td style="white-space:nowrap">MP023<a name="coberturas-codesystem-MP023"> </a></td><td>Grupo DDM</td></tr><tr><td style="white-space:nowrap">MP015<a name="coberturas-codesystem-MP015"> </a></td><td>Hominis (La prepaga del Sanatorio Güemes)</td></tr><tr><td style="white-space:nowrap">MP011<a name="coberturas-codesystem-MP011"> </a></td><td>Hospital Alemán (Plan propio)</td></tr><tr><td style="white-space:nowrap">MP012<a name="coberturas-codesystem-MP012"> </a></td><td>Hospital Británico (Plan propio)</td></tr><tr><td style="white-space:nowrap">MP013<a name="coberturas-codesystem-MP013"> </a></td><td>Hospital Italiano (Plan propio)</td></tr><tr><td style="white-space:nowrap">MP029<a name="coberturas-codesystem-MP029"> </a></td><td>International Health Services Argentina (IHSA)</td></tr><tr><td style="white-space:nowrap">OS029<a name="coberturas-codesystem-OS029"> </a></td><td>IOMA (Instituto de Obra Médico Asistencial - para empleados públicos de la Provincia de Buenos Aires)</td></tr><tr><td style="white-space:nowrap">OS010<a name="coberturas-codesystem-OS010"> </a></td><td>IOSFA (Obra Social de las Fuerzas Armadas y de Seguridad)</td></tr><tr><td style="white-space:nowrap">OS035<a name="coberturas-codesystem-OS035"> </a></td><td>Jerárquicos (Obra Social del Personal Jerárquico)</td></tr><tr><td style="white-space:nowrap">MP016<a name="coberturas-codesystem-MP016"> </a></td><td>Luis Pasteur (También funciona como obra social, pero tiene planes de prepaga)</td></tr><tr><td style="white-space:nowrap">MP049<a name="coberturas-codesystem-MP049"> </a></td><td>Medical's</td></tr><tr><td style="white-space:nowrap">MP004<a name="coberturas-codesystem-MP004"> </a></td><td>Medicus</td></tr><tr><td style="white-space:nowrap">MP006<a name="coberturas-codesystem-MP006"> </a></td><td>Medifé</td></tr><tr><td style="white-space:nowrap">MP025<a name="coberturas-codesystem-MP025"> </a></td><td>Medin S.A.S.M.A.</td></tr><tr><td style="white-space:nowrap">MP034<a name="coberturas-codesystem-MP034"> </a></td><td>MET Córdoba</td></tr><tr><td style="white-space:nowrap">MP028<a name="coberturas-codesystem-MP028"> </a></td><td>Mutual Federada 25 de Junio</td></tr><tr><td style="white-space:nowrap">MP050<a name="coberturas-codesystem-MP050"> </a></td><td>Nobis</td></tr><tr><td style="white-space:nowrap">OS007<a name="coberturas-codesystem-OS007"> </a></td><td>Obra Social Luis Pasteur (para el personal de dirección)</td></tr><tr><td style="white-space:nowrap">OS011<a name="coberturas-codesystem-OS011"> </a></td><td>OBSBA (Obra Social de la Ciudad de Buenos Aires - para empleados del GCBA)</td></tr><tr><td style="white-space:nowrap">MP005<a name="coberturas-codesystem-MP005"> </a></td><td>Omint</td></tr><tr><td style="white-space:nowrap">MP030<a name="coberturas-codesystem-MP030"> </a></td><td>OPDEA</td></tr><tr><td style="white-space:nowrap">OS012<a name="coberturas-codesystem-OS012"> </a></td><td>Oschoca (Obra Social de Choferes de Camiones)</td></tr><tr><td style="white-space:nowrap">MP001<a name="coberturas-codesystem-MP001"> </a></td><td>OSDE</td></tr><tr><td style="white-space:nowrap">OS008<a name="coberturas-codesystem-OS008"> </a></td><td>OSDEPYM (Obra Social de Empresarios, Profesionales y Monotributistas)</td></tr><tr><td style="white-space:nowrap">OS025<a name="coberturas-codesystem-OS025"> </a></td><td>OSDIC (Obra Social de Directivos de Empresas Constructoras)</td></tr><tr><td style="white-space:nowrap">MP027<a name="coberturas-codesystem-MP027"> </a></td><td>OSDIPP</td></tr><tr><td style="white-space:nowrap">OS001<a name="coberturas-codesystem-OS001"> </a></td><td>OSECAC (Obra Social de los Empleados de Comercio y Actividades Civiles)</td></tr><tr><td style="white-space:nowrap">OS013<a name="coberturas-codesystem-OS013"> </a></td><td>OSFE (Obra Social de Ferroviarios)</td></tr><tr><td style="white-space:nowrap">OS038<a name="coberturas-codesystem-OS038"> </a></td><td>OSME (Obra Social de Metalúrgicos)</td></tr><tr><td style="white-space:nowrap">OS036<a name="coberturas-codesystem-OS036"> </a></td><td>Osmédica (Obra Social de los Médicos)</td></tr><tr><td style="white-space:nowrap">OS020<a name="coberturas-codesystem-OS020"> </a></td><td>Ospaca (Obra Social Automóvil Club Argentino)</td></tr><tr><td style="white-space:nowrap">OS018<a name="coberturas-codesystem-OS018"> </a></td><td>Ospat (Obra Social del Personal del Turf y Afines)</td></tr><tr><td style="white-space:nowrap">OS005<a name="coberturas-codesystem-OS005"> </a></td><td>OSPE (Obra Social del Personal de Entidades Deportivas y Civiles)</td></tr><tr><td style="white-space:nowrap">OS024<a name="coberturas-codesystem-OS024"> </a></td><td>OSPELSYN (Obra Social del Personal de Luz y Fuerza)</td></tr><tr><td style="white-space:nowrap">OS022<a name="coberturas-codesystem-OS022"> </a></td><td>OSPIA (Obra Social del Personal de la Industria Aceitera)</td></tr><tr><td style="white-space:nowrap">OS041<a name="coberturas-codesystem-OS041"> </a></td><td>OSPIA (Obra Social del Personal de la Industria Aceitera)</td></tr><tr><td style="white-space:nowrap">OS017<a name="coberturas-codesystem-OS017"> </a></td><td>Ospic (Obra Social del Personal de la Industria Cinematográfica)</td></tr><tr><td style="white-space:nowrap">OS037<a name="coberturas-codesystem-OS037"> </a></td><td>OSPICHA (Obra Social de la Industria del Cuero y Afines)</td></tr><tr><td style="white-space:nowrap">OS021<a name="coberturas-codesystem-OS021"> </a></td><td>Ospim (Obra Social de la Industria Maderera)</td></tr><tr><td style="white-space:nowrap">OS014<a name="coberturas-codesystem-OS014"> </a></td><td>OSPIP (Obra Social del Personal de la Industria del Plástico)</td></tr><tr><td style="white-space:nowrap">OS009<a name="coberturas-codesystem-OS009"> </a></td><td>OSPJN (Obra Social del Poder Judicial de la Nación)</td></tr><tr><td style="white-space:nowrap">OS019<a name="coberturas-codesystem-OS019"> </a></td><td>OSPLAD (Obra Social para Docentes)</td></tr><tr><td style="white-space:nowrap">OS039<a name="coberturas-codesystem-OS039"> </a></td><td>OSPLAD (Obra Social para Docentes)</td></tr><tr><td style="white-space:nowrap">OS016<a name="coberturas-codesystem-OS016"> </a></td><td>OSPM (Obra Social del Personal Marítimo)</td></tr><tr><td style="white-space:nowrap">OS003<a name="coberturas-codesystem-OS003"> </a></td><td>OSPRERA (Obra Social del Personal Rural y Estibadores de la República Argentina)</td></tr><tr><td style="white-space:nowrap">OS015<a name="coberturas-codesystem-OS015"> </a></td><td>OSSEG (Obra Social del Personal de Seguros, Reaseguros, Capitalización y Ahorro y Préstamo)</td></tr><tr><td style="white-space:nowrap">OS040<a name="coberturas-codesystem-OS040"> </a></td><td>OSSPRING (Obra Social del Personal de Seguridad)</td></tr><tr><td style="white-space:nowrap">OS023<a name="coberturas-codesystem-OS023"> </a></td><td>OSTEP (Obra Social de Trabajadores de Estaciones de Servicio, Garajes y Playas de Estacionamiento)</td></tr><tr><td style="white-space:nowrap">OS004<a name="coberturas-codesystem-OS004"> </a></td><td>OSUTHGRA (Obra Social de la Unión de Trabajadores del Turismo, Hoteleros y Gastronómicos de la República Argentina)</td></tr><tr><td style="white-space:nowrap">MP051<a name="coberturas-codesystem-MP051"> </a></td><td>Parque Salud</td></tr><tr><td style="white-space:nowrap">MP017<a name="coberturas-codesystem-MP017"> </a></td><td>Premedic</td></tr><tr><td style="white-space:nowrap">MP008<a name="coberturas-codesystem-MP008"> </a></td><td>Prevención Salud</td></tr><tr><td style="white-space:nowrap">MP052<a name="coberturas-codesystem-MP052"> </a></td><td>Sami Salud</td></tr><tr><td style="white-space:nowrap">MP007<a name="coberturas-codesystem-MP007"> </a></td><td>Sancor Salud</td></tr><tr><td style="white-space:nowrap">MP033<a name="coberturas-codesystem-MP033"> </a></td><td>Sistema Integrado de Prestadores de Salud (SIPS)</td></tr><tr><td style="white-space:nowrap">MP018<a name="coberturas-codesystem-MP018"> </a></td><td>Staff Médico</td></tr><tr><td style="white-space:nowrap">MP002<a name="coberturas-codesystem-MP002"> </a></td><td>Swiss Medical</td></tr><tr><td style="white-space:nowrap">MP020<a name="coberturas-codesystem-MP020"> </a></td><td>UAI Salud</td></tr><tr><td style="white-space:nowrap">OS002<a name="coberturas-codesystem-OS002"> </a></td><td>Unión Personal / Accord Salud (Obra Social de la Unión Personal Civil de la Nación - UPCN)</td></tr><tr><td style="white-space:nowrap">OS006<a name="coberturas-codesystem-OS006"> </a></td><td>UOCRA (Obra Social de la Unión Obrera de la Construcción de la República Argentina)</td></tr><tr><td style="white-space:nowrap">MP048<a name="coberturas-codesystem-MP048"> </a></td><td>William Hope</td></tr></table></div></text><url value="http://recuperocaba.gob.ar/CodeSystem/coberturas-codesystem"/><version value="0.1.0"/><name value="RecuperoCoberturasCS"/><title value="Coberturas para Recupero"/><status value="active"/><experimental value="false"/><date value="2025-07-12T17:02:17-03:00"/><publisher value="HL7 Argentina"/><contact><name value="HL7 Argentina"/><telecom><system value="url"/><value value="http://hl7.org.ar"/></telecom><telecom><system value="email"/><value value="info@hl7.org.ar"/></telecom></contact><description value="Listado de Coberturas"/><caseSensitive value="true"/><content value="complete"/><count value="93"/><concept><code value="MP009"/><display value="Accord Salud (ligada a Unión Personal)"/><designation><use><system value="http://terminology.hl7.org/CodeSystem/designation-usage"/><code value="display"/></use><value value="Accord Salud (ligada a Unión Personal)"/></designation></concept><concept><code value="MP038"/><display value="Alta Salud"/><designation><use><system value="http://terminology.hl7.org/CodeSystem/designation-usage"/><code value="display"/></use><value value="Alta Salud"/></designation></concept><concept><code value="MP039"/><display value="Amffa Salud"/><designation><use><system value="http://terminology.hl7.org/CodeSystem/designation-usage"/><code value="display"/></use><value value="Amffa Salud"/></designation></concept><concept><code value="MP040"/><display value="Amur"/><designation><use><system value="http://terminology.hl7.org/CodeSystem/designation-usage"/><code value="display"/></use><value value="Amur"/></designation></concept><concept><code value="OS030"/><display value="Andar (Viajantes Vendedores)"/><designation><use><system value="http://terminology.hl7.org/CodeSystem/designation-usage"/><code value="display"/></use><value value="Andar (Viajantes Vendedores)"/></designation></concept><concept><code value="MP041"/><display value="Apres Global"/><designation><use><system value="http://terminology.hl7.org/CodeSystem/designation-usage"/><code value="display"/></use><value value="Apres Global"/></designation></concept><concept><code value="MP021"/><display value="Asistencia Sanitaria Integral (ASI)"/><designation><use><system value="http://terminology.hl7.org/CodeSystem/designation-usage"/><code value="display"/></use><value value="Asistencia Sanitaria Integral (ASI)"/></designation></concept><concept><code value="MP036"/><display value="Asociación Civil de Estudios Superiores"/><designation><use><system value="http://terminology.hl7.org/CodeSystem/designation-usage"/><code value="display"/></use><value value="Asociación Civil de Estudios Superiores"/></designation></concept><concept><code value="MP032"/><display value="Asociación Mutual del Personal Jerárquico de Bancos Oficiales Nacionales"/><designation><use><system value="http://terminology.hl7.org/CodeSystem/designation-usage"/><code value="display"/></use><value value="Asociación Mutual del Personal Jerárquico de Bancos Oficiales Nacionales"/></designation></concept><concept><code value="MP010"/><display value="Avalian (ex ACA Salud)"/><designation><use><system value="http://terminology.hl7.org/CodeSystem/designation-usage"/><code value="display"/></use><value value="Avalian (ex ACA Salud)"/></designation></concept><concept><code value="OS031"/><display value="Bancarios (Obra Social del Personal Bancario)"/><designation><use><system value="http://terminology.hl7.org/CodeSystem/designation-usage"/><code value="display"/></use><value value="Bancarios (Obra Social del Personal Bancario)"/></designation></concept><concept><code value="MP042"/><display value="Bramed"/><designation><use><system value="http://terminology.hl7.org/CodeSystem/designation-usage"/><code value="display"/></use><value value="Bramed"/></designation></concept><concept><code value="MP022"/><display value="Bristol Medicine"/><designation><use><system value="http://terminology.hl7.org/CodeSystem/designation-usage"/><code value="display"/></use><value value="Bristol Medicine"/></designation></concept><concept><code value="MP043"/><display value="Casa Salud"/><designation><use><system value="http://terminology.hl7.org/CodeSystem/designation-usage"/><code value="display"/></use><value value="Casa Salud"/></designation></concept><concept><code value="MP014"/><display value="CEMIC (Centro de Educación Médica e Investigaciones Clínicas - Plan propio)"/><designation><use><system value="http://terminology.hl7.org/CodeSystem/designation-usage"/><code value="display"/></use><value value="CEMIC (Centro de Educación Médica e Investigaciones Clínicas - Plan propio)"/></designation></concept><concept><code value="MP026"/><display value="Centro Médico Pueyrredón"/><designation><use><system value="http://terminology.hl7.org/CodeSystem/designation-usage"/><code value="display"/></use><value value="Centro Médico Pueyrredón"/></designation></concept><concept><code value="MP035"/><display value="Círculo Médico de Lomas de Zamora"/><designation><use><system value="http://terminology.hl7.org/CodeSystem/designation-usage"/><code value="display"/></use><value value="Círculo Médico de Lomas de Zamora"/></designation></concept><concept><code value="MP024"/><display value="COBENSIL"/><designation><use><system value="http://terminology.hl7.org/CodeSystem/designation-usage"/><code value="display"/></use><value value="COBENSIL"/></designation></concept><concept><code value="MP044"/><display value="Cober"/><designation><use><system value="http://terminology.hl7.org/CodeSystem/designation-usage"/><code value="display"/></use><value value="Cober"/></designation></concept><concept><code value="MP037"/><display value="Consejo Profesional de Ciencias Económicas de la CABA"/><designation><use><system value="http://terminology.hl7.org/CodeSystem/designation-usage"/><code value="display"/></use><value value="Consejo Profesional de Ciencias Económicas de la CABA"/></designation></concept><concept><code value="OS032"/><display value="Construir Salud (Obra Social de la Construcción)"/><designation><use><system value="http://terminology.hl7.org/CodeSystem/designation-usage"/><code value="display"/></use><value value="Construir Salud (Obra Social de la Construcción)"/></designation></concept><concept><code value="OS033"/><display value="Cover Salud (Red asistencial nacional)"/><designation><use><system value="http://terminology.hl7.org/CodeSystem/designation-usage"/><code value="display"/></use><value value="Cover Salud (Red asistencial nacional)"/></designation></concept><concept><code value="OS026"/><display value="DASUTeN (Obra Social Universidad Tecnológica Nacional)"/><designation><use><system value="http://terminology.hl7.org/CodeSystem/designation-usage"/><code value="display"/></use><value value="DASUTeN (Obra Social Universidad Tecnológica Nacional)"/></designation></concept><concept><code value="MP045"/><display value="DoctoRed"/><designation><use><system value="http://terminology.hl7.org/CodeSystem/designation-usage"/><code value="display"/></use><value value="DoctoRed"/></designation></concept><concept><code value="OS027"/><display value="DOSUBA (Obra Social Universidad de Buenos Aires)"/><designation><use><system value="http://terminology.hl7.org/CodeSystem/designation-usage"/><code value="display"/></use><value value="DOSUBA (Obra Social Universidad de Buenos Aires)"/></designation></concept><concept><code value="OS034"/><display value="Elevar (Pasteleros, Panaderos y afines)"/><designation><use><system value="http://terminology.hl7.org/CodeSystem/designation-usage"/><code value="display"/></use><value value="Elevar (Pasteleros, Panaderos y afines)"/></designation></concept><concept><code value="MP019"/><display value="Ensalud"/><designation><use><system value="http://terminology.hl7.org/CodeSystem/designation-usage"/><code value="display"/></use><value value="Ensalud"/></designation></concept><concept><code value="MP046"/><display value="Femédica"/><designation><use><system value="http://terminology.hl7.org/CodeSystem/designation-usage"/><code value="display"/></use><value value="Femédica"/></designation></concept><concept><code value="OS028"/><display value="FEMERA (Federación Médica Gremial de la Capital Federal)"/><designation><use><system value="http://terminology.hl7.org/CodeSystem/designation-usage"/><code value="display"/></use><value value="FEMERA (Federación Médica Gremial de la Capital Federal)"/></designation></concept><concept><code value="MP031"/><display value="Fundación Médica de Mar del Plata"/><designation><use><system value="http://terminology.hl7.org/CodeSystem/designation-usage"/><code value="display"/></use><value value="Fundación Médica de Mar del Plata"/></designation></concept><concept><code value="MP003"/><display value="Galeno"/><designation><use><system value="http://terminology.hl7.org/CodeSystem/designation-usage"/><code value="display"/></use><value value="Galeno"/></designation></concept><concept><code value="MP047"/><display value="GEA"/><designation><use><system value="http://terminology.hl7.org/CodeSystem/designation-usage"/><code value="display"/></use><value value="GEA"/></designation></concept><concept><code value="MP023"/><display value="Grupo DDM"/><designation><use><system value="http://terminology.hl7.org/CodeSystem/designation-usage"/><code value="display"/></use><value value="Grupo DDM"/></designation></concept><concept><code value="MP015"/><display value="Hominis (La prepaga del Sanatorio Güemes)"/><designation><use><system value="http://terminology.hl7.org/CodeSystem/designation-usage"/><code value="display"/></use><value value="Hominis (La prepaga del Sanatorio Güemes)"/></designation></concept><concept><code value="MP011"/><display value="Hospital Alemán (Plan propio)"/><designation><use><system value="http://terminology.hl7.org/CodeSystem/designation-usage"/><code value="display"/></use><value value="Hospital Alemán (Plan propio)"/></designation></concept><concept><code value="MP012"/><display value="Hospital Británico (Plan propio)"/><designation><use><system value="http://terminology.hl7.org/CodeSystem/designation-usage"/><code value="display"/></use><value value="Hospital Británico (Plan propio)"/></designation></concept><concept><code value="MP013"/><display value="Hospital Italiano (Plan propio)"/><designation><use><system value="http://terminology.hl7.org/CodeSystem/designation-usage"/><code value="display"/></use><value value="Hospital Italiano (Plan propio)"/></designation></concept><concept><code value="MP029"/><display value="International Health Services Argentina (IHSA)"/><designation><use><system value="http://terminology.hl7.org/CodeSystem/designation-usage"/><code value="display"/></use><value value="International Health Services Argentina (IHSA)"/></designation></concept><concept><code value="OS029"/><display value="IOMA (Instituto de Obra Médico Asistencial - para empleados públicos de la Provincia de Buenos Aires)"/><designation><use><system value="http://terminology.hl7.org/CodeSystem/designation-usage"/><code value="display"/></use><value value="IOMA (Instituto de Obra Médico Asistencial - para empleados públicos de la Provincia de Buenos Aires)"/></designation></concept><concept><code value="OS010"/><display value="IOSFA (Obra Social de las Fuerzas Armadas y de Seguridad)"/><designation><use><system value="http://terminology.hl7.org/CodeSystem/designation-usage"/><code value="display"/></use><value value="IOSFA (Obra Social de las Fuerzas Armadas y de Seguridad)"/></designation></concept><concept><code value="OS035"/><display value="Jerárquicos (Obra Social del Personal Jerárquico)"/><designation><use><system value="http://terminology.hl7.org/CodeSystem/designation-usage"/><code value="display"/></use><value value="Jerárquicos (Obra Social del Personal Jerárquico)"/></designation></concept><concept><code value="MP016"/><display value="Luis Pasteur (También funciona como obra social, pero tiene planes de prepaga)"/><designation><use><system value="http://terminology.hl7.org/CodeSystem/designation-usage"/><code value="display"/></use><value value="Luis Pasteur (También funciona como obra social, pero tiene planes de prepaga)"/></designation></concept><concept><code value="MP049"/><display value="Medical's"/><designation><use><system value="http://terminology.hl7.org/CodeSystem/designation-usage"/><code value="display"/></use><value value="Medical's"/></designation></concept><concept><code value="MP004"/><display value="Medicus"/><designation><use><system value="http://terminology.hl7.org/CodeSystem/designation-usage"/><code value="display"/></use><value value="Medicus"/></designation></concept><concept><code value="MP006"/><display value="Medifé"/><designation><use><system value="http://terminology.hl7.org/CodeSystem/designation-usage"/><code value="display"/></use><value value="Medifé"/></designation></concept><concept><code value="MP025"/><display value="Medin S.A.S.M.A."/><designation><use><system value="http://terminology.hl7.org/CodeSystem/designation-usage"/><code value="display"/></use><value value="Medin S.A.S.M.A."/></designation></concept><concept><code value="MP034"/><display value="MET Córdoba"/><designation><use><system value="http://terminology.hl7.org/CodeSystem/designation-usage"/><code value="display"/></use><value value="MET Córdoba"/></designation></concept><concept><code value="MP028"/><display value="Mutual Federada 25 de Junio"/><designation><use><system value="http://terminology.hl7.org/CodeSystem/designation-usage"/><code value="display"/></use><value value="Mutual Federada 25 de Junio"/></designation></concept><concept><code value="MP050"/><display value="Nobis"/><designation><use><system value="http://terminology.hl7.org/CodeSystem/designation-usage"/><code value="display"/></use><value value="Nobis"/></designation></concept><concept><code value="OS007"/><display value="Obra Social Luis Pasteur (para el personal de dirección)"/><designation><use><system value="http://terminology.hl7.org/CodeSystem/designation-usage"/><code value="display"/></use><value value="Obra Social Luis Pasteur (para el personal de dirección)"/></designation></concept><concept><code value="OS011"/><display value="OBSBA (Obra Social de la Ciudad de Buenos Aires - para empleados del GCBA)"/><designation><use><system value="http://terminology.hl7.org/CodeSystem/designation-usage"/><code value="display"/></use><value value="OBSBA (Obra Social de la Ciudad de Buenos Aires - para empleados del GCBA)"/></designation></concept><concept><code value="MP005"/><display value="Omint"/><designation><use><system value="http://terminology.hl7.org/CodeSystem/designation-usage"/><code value="display"/></use><value value="Omint"/></designation></concept><concept><code value="MP030"/><display value="OPDEA"/><designation><use><system value="http://terminology.hl7.org/CodeSystem/designation-usage"/><code value="display"/></use><value value="OPDEA"/></designation></concept><concept><code value="OS012"/><display value="Oschoca (Obra Social de Choferes de Camiones)"/><designation><use><system value="http://terminology.hl7.org/CodeSystem/designation-usage"/><code value="display"/></use><value value="Oschoca (Obra Social de Choferes de Camiones)"/></designation></concept><concept><code value="MP001"/><display value="OSDE"/><designation><use><system value="http://terminology.hl7.org/CodeSystem/designation-usage"/><code value="display"/></use><value value="OSDE"/></designation></concept><concept><code value="OS008"/><display value="OSDEPYM (Obra Social de Empresarios, Profesionales y Monotributistas)"/><designation><use><system value="http://terminology.hl7.org/CodeSystem/designation-usage"/><code value="display"/></use><value value="OSDEPYM (Obra Social de Empresarios, Profesionales y Monotributistas)"/></designation></concept><concept><code value="OS025"/><display value="OSDIC (Obra Social de Directivos de Empresas Constructoras)"/><designation><use><system value="http://terminology.hl7.org/CodeSystem/designation-usage"/><code value="display"/></use><value value="OSDIC (Obra Social de Directivos de Empresas Constructoras)"/></designation></concept><concept><code value="MP027"/><display value="OSDIPP"/><designation><use><system value="http://terminology.hl7.org/CodeSystem/designation-usage"/><code value="display"/></use><value value="OSDIPP"/></designation></concept><concept><code value="OS001"/><display value="OSECAC (Obra Social de los Empleados de Comercio y Actividades Civiles)"/><designation><use><system value="http://terminology.hl7.org/CodeSystem/designation-usage"/><code value="display"/></use><value value="OSECAC (Obra Social de los Empleados de Comercio y Actividades Civiles)"/></designation></concept><concept><code value="OS013"/><display value="OSFE (Obra Social de Ferroviarios)"/><designation><use><system value="http://terminology.hl7.org/CodeSystem/designation-usage"/><code value="display"/></use><value value="OSFE (Obra Social de Ferroviarios)"/></designation></concept><concept><code value="OS038"/><display value="OSME (Obra Social de Metalúrgicos)"/><designation><use><system value="http://terminology.hl7.org/CodeSystem/designation-usage"/><code value="display"/></use><value value="OSME (Obra Social de Metalúrgicos)"/></designation></concept><concept><code value="OS036"/><display value="Osmédica (Obra Social de los Médicos)"/><designation><use><system value="http://terminology.hl7.org/CodeSystem/designation-usage"/><code value="display"/></use><value value="Osmédica (Obra Social de los Médicos)"/></designation></concept><concept><code value="OS020"/><display value="Ospaca (Obra Social Automóvil Club Argentino)"/><designation><use><system value="http://terminology.hl7.org/CodeSystem/designation-usage"/><code value="display"/></use><value value="Ospaca (Obra Social Automóvil Club Argentino)"/></designation></concept><concept><code value="OS018"/><display value="Ospat (Obra Social del Personal del Turf y Afines)"/><designation><use><system value="http://terminology.hl7.org/CodeSystem/designation-usage"/><code value="display"/></use><value value="Ospat (Obra Social del Personal del Turf y Afines)"/></designation></concept><concept><code value="OS005"/><display value="OSPE (Obra Social del Personal de Entidades Deportivas y Civiles)"/><designation><use><system value="http://terminology.hl7.org/CodeSystem/designation-usage"/><code value="display"/></use><value value="OSPE (Obra Social del Personal de Entidades Deportivas y Civiles)"/></designation></concept><concept><code value="OS024"/><display value="OSPELSYN (Obra Social del Personal de Luz y Fuerza)"/><designation><use><system value="http://terminology.hl7.org/CodeSystem/designation-usage"/><code value="display"/></use><value value="OSPELSYN (Obra Social del Personal de Luz y Fuerza)"/></designation></concept><concept><code value="OS022"/><display value="OSPIA (Obra Social del Personal de la Industria Aceitera)"/><designation><use><system value="http://terminology.hl7.org/CodeSystem/designation-usage"/><code value="display"/></use><value value="OSPIA (Obra Social del Personal de la Industria Aceitera)"/></designation></concept><concept><code value="OS041"/><display value="OSPIA (Obra Social del Personal de la Industria Aceitera)"/><designation><use><system value="http://terminology.hl7.org/CodeSystem/designation-usage"/><code value="display"/></use><value value="OSPIA (Obra Social del Personal de la Industria Aceitera)"/></designation></concept><concept><code value="OS017"/><display value="Ospic (Obra Social del Personal de la Industria Cinematográfica)"/><designation><use><system value="http://terminology.hl7.org/CodeSystem/designation-usage"/><code value="display"/></use><value value="Ospic (Obra Social del Personal de la Industria Cinematográfica)"/></designation></concept><concept><code value="OS037"/><display value="OSPICHA (Obra Social de la Industria del Cuero y Afines)"/><designation><use><system value="http://terminology.hl7.org/CodeSystem/designation-usage"/><code value="display"/></use><value value="OSPICHA (Obra Social de la Industria del Cuero y Afines)"/></designation></concept><concept><code value="OS021"/><display value="Ospim (Obra Social de la Industria Maderera)"/><designation><use><system value="http://terminology.hl7.org/CodeSystem/designation-usage"/><code value="display"/></use><value value="Ospim (Obra Social de la Industria Maderera)"/></designation></concept><concept><code value="OS014"/><display value="OSPIP (Obra Social del Personal de la Industria del Plástico)"/><designation><use><system value="http://terminology.hl7.org/CodeSystem/designation-usage"/><code value="display"/></use><value value="OSPIP (Obra Social del Personal de la Industria del Plástico)"/></designation></concept><concept><code value="OS009"/><display value="OSPJN (Obra Social del Poder Judicial de la Nación)"/><designation><use><system value="http://terminology.hl7.org/CodeSystem/designation-usage"/><code value="display"/></use><value value="OSPJN (Obra Social del Poder Judicial de la Nación)"/></designation></concept><concept><code value="OS019"/><display value="OSPLAD (Obra Social para Docentes)"/><designation><use><system value="http://terminology.hl7.org/CodeSystem/designation-usage"/><code value="display"/></use><value value="OSPLAD (Obra Social para Docentes)"/></designation></concept><concept><code value="OS039"/><display value="OSPLAD (Obra Social para Docentes)"/><designation><use><system value="http://terminology.hl7.org/CodeSystem/designation-usage"/><code value="display"/></use><value value="OSPLAD (Obra Social para Docentes)"/></designation></concept><concept><code value="OS016"/><display value="OSPM (Obra Social del Personal Marítimo)"/><designation><use><system value="http://terminology.hl7.org/CodeSystem/designation-usage"/><code value="display"/></use><value value="OSPM (Obra Social del Personal Marítimo)"/></designation></concept><concept><code value="OS003"/><display value="OSPRERA (Obra Social del Personal Rural y Estibadores de la República Argentina)"/><designation><use><system value="http://terminology.hl7.org/CodeSystem/designation-usage"/><code value="display"/></use><value value="OSPRERA (Obra Social del Personal Rural y Estibadores de la República Argentina)"/></designation></concept><concept><code value="OS015"/><display value="OSSEG (Obra Social del Personal de Seguros, Reaseguros, Capitalización y Ahorro y Préstamo)"/><designation><use><system value="http://terminology.hl7.org/CodeSystem/designation-usage"/><code value="display"/></use><value value="OSSEG (Obra Social del Personal de Seguros, Reaseguros, Capitalización y Ahorro y Préstamo)"/></designation></concept><concept><code value="OS040"/><display value="OSSPRING (Obra Social del Personal de Seguridad)"/><designation><use><system value="http://terminology.hl7.org/CodeSystem/designation-usage"/><code value="display"/></use><value value="OSSPRING (Obra Social del Personal de Seguridad)"/></designation></concept><concept><code value="OS023"/><display value="OSTEP (Obra Social de Trabajadores de Estaciones de Servicio, Garajes y Playas de Estacionamiento)"/><designation><use><system value="http://terminology.hl7.org/CodeSystem/designation-usage"/><code value="display"/></use><value value="OSTEP (Obra Social de Trabajadores de Estaciones de Servicio, Garajes y Playas de Estacionamiento)"/></designation></concept><concept><code value="OS004"/><display value="OSUTHGRA (Obra Social de la Unión de Trabajadores del Turismo, Hoteleros y Gastronómicos de la República Argentina)"/><designation><use><system value="http://terminology.hl7.org/CodeSystem/designation-usage"/><code value="display"/></use><value value="OSUTHGRA (Obra Social de la Unión de Trabajadores del Turismo, Hoteleros y Gastronómicos de la República Argentina)"/></designation></concept><concept><code value="MP051"/><display value="Parque Salud"/><designation><use><system value="http://terminology.hl7.org/CodeSystem/designation-usage"/><code value="display"/></use><value value="Parque Salud"/></designation></concept><concept><code value="MP017"/><display value="Premedic"/><designation><use><system value="http://terminology.hl7.org/CodeSystem/designation-usage"/><code value="display"/></use><value value="Premedic"/></designation></concept><concept><code value="MP008"/><display value="Prevención Salud"/><designation><use><system value="http://terminology.hl7.org/CodeSystem/designation-usage"/><code value="display"/></use><value value="Prevención Salud"/></designation></concept><concept><code value="MP052"/><display value="Sami Salud"/><designation><use><system value="http://terminology.hl7.org/CodeSystem/designation-usage"/><code value="display"/></use><value value="Sami Salud"/></designation></concept><concept><code value="MP007"/><display value="Sancor Salud"/><designation><use><system value="http://terminology.hl7.org/CodeSystem/designation-usage"/><code value="display"/></use><value value="Sancor Salud"/></designation></concept><concept><code value="MP033"/><display value="Sistema Integrado de Prestadores de Salud (SIPS)"/><designation><use><system value="http://terminology.hl7.org/CodeSystem/designation-usage"/><code value="display"/></use><value value="Sistema Integrado de Prestadores de Salud (SIPS)"/></designation></concept><concept><code value="MP018"/><display value="Staff Médico"/><designation><use><system value="http://terminology.hl7.org/CodeSystem/designation-usage"/><code value="display"/></use><value value="Staff Médico"/></designation></concept><concept><code value="MP002"/><display value="Swiss Medical"/><designation><use><system value="http://terminology.hl7.org/CodeSystem/designation-usage"/><code value="display"/></use><value value="Swiss Medical"/></designation></concept><concept><code value="MP020"/><display value="UAI Salud"/><designation><use><system value="http://terminology.hl7.org/CodeSystem/designation-usage"/><code value="display"/></use><value value="UAI Salud"/></designation></concept><concept><code value="OS002"/><display value="Unión Personal / Accord Salud (Obra Social de la Unión Personal Civil de la Nación - UPCN)"/><designation><use><system value="http://terminology.hl7.org/CodeSystem/designation-usage"/><code value="display"/></use><value value="Unión Personal / Accord Salud (Obra Social de la Unión Personal Civil de la Nación - UPCN)"/></designation></concept><concept><code value="OS006"/><display value="UOCRA (Obra Social de la Unión Obrera de la Construcción de la República Argentina)"/><designation><use><system value="http://terminology.hl7.org/CodeSystem/designation-usage"/><code value="display"/></use><value value="UOCRA (Obra Social de la Unión Obrera de la Construcción de la República Argentina)"/></designation></concept><concept><code value="MP048"/><display value="William Hope"/><designation><use><system value="http://terminology.hl7.org/CodeSystem/designation-usage"/><code value="display"/></use><value value="William Hope"/></designation></concept></CodeSystem>