<?xml version="1.0" encoding="UTF-8"?><CodeSystem xmlns="http://hl7.org/fhir"><id value="profesiones-codesystem"/><text><status value="generated"/><div xmlns="http://www.w3.org/1999/xhtml"><p class="res-header-id"><b>Generated Narrative: CodeSystem profesiones-codesystem</b></p><a name="profesiones-codesystem"> </a><a name="hcprofesiones-codesystem"> </a><p>This case-sensitive code system <code>http://recuperocaba.gob.ar/CodeSystem/profesiones-codesystem</code> defines the following codes:</p><table class="codes"><tr><td style="white-space:nowrap"><b>Code</b></td><td><b>Display</b></td><td><b>Definition</b></td></tr><tr><td style="white-space:nowrap">1<a name="profesiones-codesystem-1"> </a></td><td>Médico</td><td>Médico</td></tr><tr><td style="white-space:nowrap">2<a name="profesiones-codesystem-2"> </a></td><td>Odontólogo</td><td>Odontólogo</td></tr></table></div></text><url value="http://recuperocaba.gob.ar/CodeSystem/profesiones-codesystem"/><version value="0.1.0"/><name value="RecuperoProfesionesCS"/><title value="Profesiones Solicitantes para Recupero"/><status value="active"/><experimental value="false"/><date value="2025-07-14T16:52:57-03:00"/><publisher value="HL7 Argentina"/><contact><name value="HL7 Argentina"/><telecom><system value="url"/><value value="http://hl7.org.ar"/></telecom><telecom><system value="email"/><value value="info@hl7.org.ar"/></telecom></contact><description value="Listado de Profesiones para Solicitantes"/><caseSensitive value="true"/><content value="complete"/><count value="2"/><concept><code value="1"/><display value="Médico"/><definition value="Médico"/><designation><use><system value="http://terminology.hl7.org/CodeSystem/designation-usage"/><code value="display"/></use><value value="Médico"/></designation><designation><use><system value="http://terminology.hl7.org/CodeSystem/designation-usage"/><code value="display"/></use><value value="Médico"/></designation></concept><concept><code value="2"/><display value="Odontólogo"/><definition value="Odontólogo"/><designation><use><system value="http://terminology.hl7.org/CodeSystem/designation-usage"/><code value="display"/></use><value value="Odontólogo"/></designation><designation><use><system value="http://terminology.hl7.org/CodeSystem/designation-usage"/><code value="display"/></use><value value="Odontólogo"/></designation></concept></CodeSystem>