<?xml version="1.0" encoding="UTF-8"?><ImplementationGuide xmlns="http://hl7.org/fhir"><id value="recupero-caba"/><text><status value="generated"/><div xmlns="http://www.w3.org/1999/xhtml"><p class="res-header-id"><b>Generated Narrative: ImplementationGuide recupero-caba</b></p><a name="recupero-caba"> </a><a name="hcrecupero-caba"> </a><h2>RecuperoCABA</h2><p>The official URL for this implementation guide is: </p><pre>http://recuperocaba.gob.ar/ImplementationGuide/recupero-caba</pre><div><p>Guia de Ejemplo Recupero Caba</p>
</div></div></text><url value="http://recuperocaba.gob.ar/ImplementationGuide/recupero-caba"/><version value="0.1.0"/><name value="RecuperoCABA"/><title value="Recupero CABA"/><status value="draft"/><date value="2025-07-14T12:58:17-03:00"/><publisher value="HL7 Argentina"/><contact><name value="HL7 Argentina"/><telecom><system value="url"/><value value="http://hl7.org.ar"/></telecom><telecom><system value="email"/><value value="info@hl7.org.ar"/></telecom></contact><description value="Guia de Ejemplo Recupero Caba"/><packageId value="recupero-caba"/><license value="CC0-1.0"/><fhirVersion value="4.0.1"/><dependsOn id="hl7tx"><extension url="http://hl7.org/fhir/tools/StructureDefinition/implementationguide-dependency-comment"><valueMarkdown value="Automatically added as a dependency - all IGs depend on HL7 Terminology"/></extension><uri value="http://terminology.hl7.org/ImplementationGuide/hl7.terminology"/><packageId value="hl7.terminology.r4"/><version value="6.5.0"/></dependsOn><dependsOn id="hl7ext"><extension url="http://hl7.org/fhir/tools/StructureDefinition/implementationguide-dependency-comment"><valueMarkdown value="Automatically added as a dependency - all IGs depend on the HL7 Extension Pack"/></extension><uri value="http://hl7.org/fhir/extensions/ImplementationGuide/hl7.fhir.uv.extensions"/><packageId value="hl7.fhir.uv.extensions.r4"/><version value="5.2.0"/></dependsOn><definition><extension url="http://hl7.org/fhir/tools/StructureDefinition/ig-parameter"><extension url="code"><valueString value="copyrightyear"/></extension><extension url="value"><valueString value="2025+"/></extension></extension><extension url="http://hl7.org/fhir/tools/StructureDefinition/ig-parameter"><extension url="code"><valueString value="releaselabel"/></extension><extension url="value"><valueString value="ci-build"/></extension></extension><extension url="http://hl7.org/fhir/tools/StructureDefinition/ig-parameter"><extension url="code"><valueString value="autoload-resources"/></extension><extension url="value"><valueString value="true"/></extension></extension><extension url="http://hl7.org/fhir/tools/StructureDefinition/ig-parameter"><extension url="code"><valueString value="path-liquid"/></extension><extension url="value"><valueString value="template/liquid"/></extension></extension><extension url="http://hl7.org/fhir/tools/StructureDefinition/ig-parameter"><extension url="code"><valueString value="path-liquid"/></extension><extension url="value"><valueString value="input/liquid"/></extension></extension><extension url="http://hl7.org/fhir/tools/StructureDefinition/ig-parameter"><extension url="code"><valueString value="path-qa"/></extension><extension url="value"><valueString value="temp/qa"/></extension></extension><extension url="http://hl7.org/fhir/tools/StructureDefinition/ig-parameter"><extension url="code"><valueString value="path-temp"/></extension><extension url="value"><valueString value="temp/pages"/></extension></extension><extension url="http://hl7.org/fhir/tools/StructureDefinition/ig-parameter"><extension url="code"><valueString value="path-output"/></extension><extension url="value"><valueString value="output"/></extension></extension><extension url="http://hl7.org/fhir/tools/StructureDefinition/ig-parameter"><extension url="code"><valueString value="path-suppressed-warnings"/></extension><extension url="value"><valueString value="input/ignoreWarnings.txt"/></extension></extension><extension url="http://hl7.org/fhir/tools/StructureDefinition/ig-parameter"><extension url="code"><valueString value="path-history"/></extension><extension url="value"><valueString value="http://recuperocaba.gob.ar/history.html"/></extension></extension><extension url="http://hl7.org/fhir/tools/StructureDefinition/ig-parameter"><extension url="code"><valueString value="template-html"/></extension><extension url="value"><valueString value="template-page.html"/></extension></extension><extension url="http://hl7.org/fhir/tools/StructureDefinition/ig-parameter"><extension url="code"><valueString value="template-md"/></extension><extension url="value"><valueString value="template-page-md.html"/></extension></extension><extension url="http://hl7.org/fhir/tools/StructureDefinition/ig-parameter"><extension url="code"><valueString value="apply-contact"/></extension><extension url="value"><valueString value="true"/></extension></extension><extension url="http://hl7.org/fhir/tools/StructureDefinition/ig-parameter"><extension url="code"><valueString value="apply-context"/></extension><extension url="value"><valueString value="true"/></extension></extension><extension url="http://hl7.org/fhir/tools/StructureDefinition/ig-parameter"><extension url="code"><valueString value="apply-copyright"/></extension><extension url="value"><valueString value="true"/></extension></extension><extension url="http://hl7.org/fhir/tools/StructureDefinition/ig-parameter"><extension url="code"><valueString value="apply-jurisdiction"/></extension><extension url="value"><valueString value="true"/></extension></extension><extension url="http://hl7.org/fhir/tools/StructureDefinition/ig-parameter"><extension url="code"><valueString value="apply-license"/></extension><extension url="value"><valueString value="true"/></extension></extension><extension url="http://hl7.org/fhir/tools/StructureDefinition/ig-parameter"><extension url="code"><valueString value="apply-publisher"/></extension><extension url="value"><valueString value="true"/></extension></extension><extension url="http://hl7.org/fhir/tools/StructureDefinition/ig-parameter"><extension url="code"><valueString value="apply-version"/></extension><extension url="value"><valueString value="true"/></extension></extension><extension url="http://hl7.org/fhir/tools/StructureDefinition/ig-parameter"><extension url="code"><valueString value="apply-wg"/></extension><extension url="value"><valueString value="true"/></extension></extension><extension url="http://hl7.org/fhir/tools/StructureDefinition/ig-parameter"><extension url="code"><valueString value="active-tables"/></extension><extension url="value"><valueString value="true"/></extension></extension><extension url="http://hl7.org/fhir/tools/StructureDefinition/ig-parameter"><extension url="code"><valueString value="fmm-definition"/></extension><extension url="value"><valueString value="http://hl7.org/fhir/versions.html#maturity"/></extension></extension><extension url="http://hl7.org/fhir/tools/StructureDefinition/ig-parameter"><extension url="code"><valueString value="propagate-status"/></extension><extension url="value"><valueString value="true"/></extension></extension><extension url="http://hl7.org/fhir/tools/StructureDefinition/ig-parameter"><extension url="code"><valueString value="excludelogbinaryformat"/></extension><extension url="value"><valueString value="true"/></extension></extension><extension url="http://hl7.org/fhir/tools/StructureDefinition/ig-parameter"><extension url="code"><valueString value="tabbed-snapshots"/></extension><extension url="value"><valueString value="true"/></extension></extension><extension url="http://hl7.org/fhir/tools/StructureDefinition/ig-internal-dependency"><valueCode value="hl7.fhir.uv.tools.r4#0.5.0"/></extension><extension url="http://hl7.org/fhir/tools/StructureDefinition/ig-parameter"><extension url="code"><valueCode value="copyrightyear"/></extension><extension url="value"><valueString value="2025+"/></extension></extension><extension url="http://hl7.org/fhir/tools/StructureDefinition/ig-parameter"><extension url="code"><valueCode value="releaselabel"/></extension><extension url="value"><valueString value="ci-build"/></extension></extension><extension url="http://hl7.org/fhir/tools/StructureDefinition/ig-parameter"><extension url="code"><valueCode value="autoload-resources"/></extension><extension url="value"><valueString value="true"/></extension></extension><extension url="http://hl7.org/fhir/tools/StructureDefinition/ig-parameter"><extension url="code"><valueCode value="path-liquid"/></extension><extension url="value"><valueString value="template/liquid"/></extension></extension><extension url="http://hl7.org/fhir/tools/StructureDefinition/ig-parameter"><extension url="code"><valueCode value="path-liquid"/></extension><extension url="value"><valueString value="input/liquid"/></extension></extension><extension url="http://hl7.org/fhir/tools/StructureDefinition/ig-parameter"><extension url="code"><valueCode value="path-qa"/></extension><extension url="value"><valueString value="temp/qa"/></extension></extension><extension url="http://hl7.org/fhir/tools/StructureDefinition/ig-parameter"><extension url="code"><valueCode value="path-temp"/></extension><extension url="value"><valueString value="temp/pages"/></extension></extension><extension url="http://hl7.org/fhir/tools/StructureDefinition/ig-parameter"><extension url="code"><valueCode value="path-output"/></extension><extension url="value"><valueString value="output"/></extension></extension><extension url="http://hl7.org/fhir/tools/StructureDefinition/ig-parameter"><extension url="code"><valueCode value="path-suppressed-warnings"/></extension><extension url="value"><valueString value="input/ignoreWarnings.txt"/></extension></extension><extension url="http://hl7.org/fhir/tools/StructureDefinition/ig-parameter"><extension url="code"><valueCode value="path-history"/></extension><extension url="value"><valueString value="http://recuperocaba.gob.ar/history.html"/></extension></extension><extension url="http://hl7.org/fhir/tools/StructureDefinition/ig-parameter"><extension url="code"><valueCode value="template-html"/></extension><extension url="value"><valueString value="template-page.html"/></extension></extension><extension url="http://hl7.org/fhir/tools/StructureDefinition/ig-parameter"><extension url="code"><valueCode value="template-md"/></extension><extension url="value"><valueString value="template-page-md.html"/></extension></extension><extension url="http://hl7.org/fhir/tools/StructureDefinition/ig-parameter"><extension url="code"><valueCode value="apply-contact"/></extension><extension url="value"><valueString value="true"/></extension></extension><extension url="http://hl7.org/fhir/tools/StructureDefinition/ig-parameter"><extension url="code"><valueCode value="apply-context"/></extension><extension url="value"><valueString value="true"/></extension></extension><extension url="http://hl7.org/fhir/tools/StructureDefinition/ig-parameter"><extension url="code"><valueCode value="apply-copyright"/></extension><extension url="value"><valueString value="true"/></extension></extension><extension url="http://hl7.org/fhir/tools/StructureDefinition/ig-parameter"><extension url="code"><valueCode value="apply-jurisdiction"/></extension><extension url="value"><valueString value="true"/></extension></extension><extension url="http://hl7.org/fhir/tools/StructureDefinition/ig-parameter"><extension url="code"><valueCode value="apply-license"/></extension><extension url="value"><valueString value="true"/></extension></extension><extension url="http://hl7.org/fhir/tools/StructureDefinition/ig-parameter"><extension url="code"><valueCode value="apply-publisher"/></extension><extension url="value"><valueString value="true"/></extension></extension><extension url="http://hl7.org/fhir/tools/StructureDefinition/ig-parameter"><extension url="code"><valueCode value="apply-version"/></extension><extension url="value"><valueString value="true"/></extension></extension><extension url="http://hl7.org/fhir/tools/StructureDefinition/ig-parameter"><extension url="code"><valueCode value="apply-wg"/></extension><extension url="value"><valueString value="true"/></extension></extension><extension url="http://hl7.org/fhir/tools/StructureDefinition/ig-parameter"><extension url="code"><valueCode value="active-tables"/></extension><extension url="value"><valueString value="true"/></extension></extension><extension url="http://hl7.org/fhir/tools/StructureDefinition/ig-parameter"><extension url="code"><valueCode value="fmm-definition"/></extension><extension url="value"><valueString value="http://hl7.org/fhir/versions.html#maturity"/></extension></extension><extension url="http://hl7.org/fhir/tools/StructureDefinition/ig-parameter"><extension url="code"><valueCode value="propagate-status"/></extension><extension url="value"><valueString value="true"/></extension></extension><extension url="http://hl7.org/fhir/tools/StructureDefinition/ig-parameter"><extension url="code"><valueCode value="excludelogbinaryformat"/></extension><extension url="value"><valueString value="true"/></extension></extension><extension url="http://hl7.org/fhir/tools/StructureDefinition/ig-parameter"><extension url="code"><valueCode value="tabbed-snapshots"/></extension><extension url="value"><valueString value="true"/></extension></extension><extension url="http://hl7.org/fhir/tools/StructureDefinition/ig-parameter"><extension url="code"><valueCode value="copyrightyear"/></extension><extension url="value"><valueString value="2025+"/></extension></extension><extension url="http://hl7.org/fhir/tools/StructureDefinition/ig-parameter"><extension url="code"><valueCode value="releaselabel"/></extension><extension url="value"><valueString value="ci-build"/></extension></extension><extension url="http://hl7.org/fhir/tools/StructureDefinition/ig-parameter"><extension url="code"><valueCode value="autoload-resources"/></extension><extension url="value"><valueString value="true"/></extension></extension><extension url="http://hl7.org/fhir/tools/StructureDefinition/ig-parameter"><extension url="code"><valueCode value="path-liquid"/></extension><extension url="value"><valueString value="template/liquid"/></extension></extension><extension url="http://hl7.org/fhir/tools/StructureDefinition/ig-parameter"><extension url="code"><valueCode value="path-liquid"/></extension><extension url="value"><valueString value="input/liquid"/></extension></extension><extension url="http://hl7.org/fhir/tools/StructureDefinition/ig-parameter"><extension url="code"><valueCode value="path-qa"/></extension><extension url="value"><valueString value="temp/qa"/></extension></extension><extension url="http://hl7.org/fhir/tools/StructureDefinition/ig-parameter"><extension url="code"><valueCode value="path-temp"/></extension><extension url="value"><valueString value="temp/pages"/></extension></extension><extension url="http://hl7.org/fhir/tools/StructureDefinition/ig-parameter"><extension url="code"><valueCode value="path-output"/></extension><extension url="value"><valueString value="output"/></extension></extension><extension url="http://hl7.org/fhir/tools/StructureDefinition/ig-parameter"><extension url="code"><valueCode value="path-suppressed-warnings"/></extension><extension url="value"><valueString value="input/ignoreWarnings.txt"/></extension></extension><extension url="http://hl7.org/fhir/tools/StructureDefinition/ig-parameter"><extension url="code"><valueCode value="path-history"/></extension><extension url="value"><valueString value="http://recuperocaba.gob.ar/history.html"/></extension></extension><extension url="http://hl7.org/fhir/tools/StructureDefinition/ig-parameter"><extension url="code"><valueCode value="template-html"/></extension><extension url="value"><valueString value="template-page.html"/></extension></extension><extension url="http://hl7.org/fhir/tools/StructureDefinition/ig-parameter"><extension url="code"><valueCode value="template-md"/></extension><extension url="value"><valueString value="template-page-md.html"/></extension></extension><extension url="http://hl7.org/fhir/tools/StructureDefinition/ig-parameter"><extension url="code"><valueCode value="apply-contact"/></extension><extension url="value"><valueString value="true"/></extension></extension><extension url="http://hl7.org/fhir/tools/StructureDefinition/ig-parameter"><extension url="code"><valueCode value="apply-context"/></extension><extension url="value"><valueString value="true"/></extension></extension><extension url="http://hl7.org/fhir/tools/StructureDefinition/ig-parameter"><extension url="code"><valueCode value="apply-copyright"/></extension><extension url="value"><valueString value="true"/></extension></extension><extension url="http://hl7.org/fhir/tools/StructureDefinition/ig-parameter"><extension url="code"><valueCode value="apply-jurisdiction"/></extension><extension url="value"><valueString value="true"/></extension></extension><extension url="http://hl7.org/fhir/tools/StructureDefinition/ig-parameter"><extension url="code"><valueCode value="apply-license"/></extension><extension url="value"><valueString value="true"/></extension></extension><extension url="http://hl7.org/fhir/tools/StructureDefinition/ig-parameter"><extension url="code"><valueCode value="apply-publisher"/></extension><extension url="value"><valueString value="true"/></extension></extension><extension url="http://hl7.org/fhir/tools/StructureDefinition/ig-parameter"><extension url="code"><valueCode value="apply-version"/></extension><extension url="value"><valueString value="true"/></extension></extension><extension url="http://hl7.org/fhir/tools/StructureDefinition/ig-parameter"><extension url="code"><valueCode value="apply-wg"/></extension><extension url="value"><valueString value="true"/></extension></extension><extension url="http://hl7.org/fhir/tools/StructureDefinition/ig-parameter"><extension url="code"><valueCode value="active-tables"/></extension><extension url="value"><valueString value="true"/></extension></extension><extension url="http://hl7.org/fhir/tools/StructureDefinition/ig-parameter"><extension url="code"><valueCode value="fmm-definition"/></extension><extension url="value"><valueString value="http://hl7.org/fhir/versions.html#maturity"/></extension></extension><extension url="http://hl7.org/fhir/tools/StructureDefinition/ig-parameter"><extension url="code"><valueCode value="propagate-status"/></extension><extension url="value"><valueString value="true"/></extension></extension><extension url="http://hl7.org/fhir/tools/StructureDefinition/ig-parameter"><extension url="code"><valueCode value="excludelogbinaryformat"/></extension><extension url="value"><valueString value="true"/></extension></extension><extension url="http://hl7.org/fhir/tools/StructureDefinition/ig-parameter"><extension url="code"><valueCode value="tabbed-snapshots"/></extension><extension url="value"><valueString value="true"/></extension></extension><grouping id="-str-logicalmodel"><name value="Structures: Logical Models"/><description value="These define data models that represent the domain covered by this implementation guide in more business-friendly terms than the underlying FHIR resources."/></grouping><grouping id="-str-profile"><name value="Structures: Resource Profiles"/><description value="These define constraints on FHIR resources for systems conforming to this implementation guide."/></grouping><grouping id="-str-extension"><name value="Structures: Extension Definitions"/><description value="These define constraints on FHIR data types for systems conforming to this implementation guide."/></grouping><grouping id="-term-valueset"><name value="Terminology: Value Sets"/><description value="These define sets of codes used by systems conforming to this implementation guide."/></grouping><grouping id="-term-codesystem"><name value="Terminology: Code Systems"/><description value="These define new code systems used by systems conforming to this implementation guide."/></grouping><grouping id="-term-namingsystem"><name value="Terminology: Naming Systems"/><description value="These define identifier and/or code system identities used by systems conforming to this implementation guide."/></grouping><grouping id="-ex-example"><name value="Example: Example Instances"/><description value="These are example instances that show what data produced and consumed by systems conforming with this implementation guide might look like."/></grouping><resource><extension url="http://hl7.org/fhir/tools/StructureDefinition/resource-sort"><valueInteger value="999999999"/></extension><extension url="http://hl7.org/fhir/StructureDefinition/implementationguide-page"><valueUri value="StructureDefinition-RecuperoLaboratorioPrestacion.html"/></extension><reference><reference value="StructureDefinition/RecuperoLaboratorioPrestacion"/></reference><name value="RecuperoLaboratorioPrestacion"/><description value="Representa un único servicio o procedimiento"/><exampleBoolean value="false"/><groupingId value="-str-logicalmodel"/></resource><resource><extension url="http://hl7.org/fhir/tools/StructureDefinition/resource-sort"><valueInteger value="999999999"/></extension><extension url="http://hl7.org/fhir/StructureDefinition/implementationguide-page"><valueUri value="StructureDefinition-RecuperoLaboratorioSolicitud.html"/></extension><reference><reference value="StructureDefinition/RecuperoLaboratorioSolicitud"/></reference><name value="RecuperoLaboratorioSolicitud"/><description value="Representa una solicitud de recupero de gastos de laboratorio, incluyendo la información relevante"/><exampleBoolean value="false"/><groupingId value="-str-logicalmodel"/></resource><resource><extension url="http://hl7.org/fhir/tools/StructureDefinition/resource-sort"><valueInteger value="999999999"/></extension><extension url="http://hl7.org/fhir/StructureDefinition/implementationguide-page"><valueUri value="StructureDefinition-BundleCabaRecupero.html"/></extension><reference><reference value="StructureDefinition/BundleCabaRecupero"/></reference><name value="Bundle Recupero Para CABA"/><description value="Perfil de Bundle para CABA Recupero"/><exampleBoolean value="false"/><groupingId value="-str-profile"/></resource><resource><extension url="http://hl7.org/fhir/tools/StructureDefinition/resource-sort"><valueInteger value="999999999"/></extension><extension url="http://hl7.org/fhir/StructureDefinition/implementationguide-page"><valueUri value="StructureDefinition-ClaimCabaRecupero.html"/></extension><reference><reference value="StructureDefinition/ClaimCabaRecupero"/></reference><name value="Claim Recupero Para CABA"/><description value="Perfil de Claim para CABA Recupero"/><exampleBoolean value="false"/><groupingId value="-str-profile"/></resource><resource><extension url="http://hl7.org/fhir/tools/StructureDefinition/resource-sort"><valueInteger value="999999999"/></extension><extension url="http://hl7.org/fhir/StructureDefinition/implementationguide-page"><valueUri value="StructureDefinition-DocumentReferenceCabaRecupero.html"/></extension><reference><reference value="StructureDefinition/DocumentReferenceCabaRecupero"/></reference><name value="DocumentReference Recupero Para CABA"/><description value="Perfil de DocumentReference para CABA Recupero"/><exampleBoolean value="false"/><groupingId value="-str-profile"/></resource><resource><extension url="http://hl7.org/fhir/tools/StructureDefinition/resource-sort"><valueInteger value="999999999"/></extension><extension url="http://hl7.org/fhir/StructureDefinition/implementationguide-page"><valueUri value="StructureDefinition-EncounterCabaRecupero.html"/></extension><reference><reference value="StructureDefinition/EncounterCabaRecupero"/></reference><name value="Encuentro para Recupero CABA"/><description value="Perfil de Encuentro Para RECUPERO CABA"/><exampleBoolean value="false"/><groupingId value="-str-profile"/></resource><resource><extension url="http://hl7.org/fhir/tools/StructureDefinition/resource-sort"><valueInteger value="999999999"/></extension><extension url="http://hl7.org/fhir/StructureDefinition/implementationguide-page"><valueUri value="StructureDefinition-PatientCabaRecupero.html"/></extension><reference><reference value="StructureDefinition/PatientCabaRecupero"/></reference><name value="Paciente para Recupero CABA"/><description value="Perfil de Paciente Para RECUPERO CABA"/><exampleBoolean value="false"/><groupingId value="-str-profile"/></resource><resource><extension url="http://hl7.org/fhir/tools/StructureDefinition/resource-sort"><valueInteger value="999999999"/></extension><extension url="http://hl7.org/fhir/StructureDefinition/implementationguide-page"><valueUri value="StructureDefinition-PractitionerCabaFirmanteRecupero.html"/></extension><reference><reference value="StructureDefinition/PractitionerCabaFirmanteRecupero"/></reference><name value="Practitioner Firmante para Recupero CABA"/><description value="Perfil de Practitioner Firmante Para RECUPERO CABA"/><exampleBoolean value="false"/><groupingId value="-str-profile"/></resource><resource><extension url="http://hl7.org/fhir/tools/StructureDefinition/resource-sort"><valueInteger value="999999999"/></extension><extension url="http://hl7.org/fhir/StructureDefinition/implementationguide-page"><valueUri value="StructureDefinition-PractitionerCabaSolicitanteRecupero.html"/></extension><reference><reference value="StructureDefinition/PractitionerCabaSolicitanteRecupero"/></reference><name value="Practitioner Solicitante para Recupero CABA"/><description value="Perfil de Practitioner Solicitante Para RECUPERO CABA"/><exampleBoolean value="false"/><groupingId value="-str-profile"/></resource><resource><extension url="http://hl7.org/fhir/tools/StructureDefinition/resource-sort"><valueInteger value="999999999"/></extension><extension url="http://hl7.org/fhir/StructureDefinition/implementationguide-page"><valueUri value="StructureDefinition-PractitionerCabaRecupero.html"/></extension><reference><reference value="StructureDefinition/PractitionerCabaRecupero"/></reference><name value="Practitioner para Recupero CABA"/><description value="Perfil de Practitioner Para RECUPERO CABA"/><exampleBoolean value="false"/><groupingId value="-str-profile"/></resource><resource><extension url="http://hl7.org/fhir/tools/StructureDefinition/resource-sort"><valueInteger value="999999999"/></extension><extension url="http://hl7.org/fhir/StructureDefinition/implementationguide-page"><valueUri value="StructureDefinition-ServiceRequestCabaRecupero.html"/></extension><reference><reference value="StructureDefinition/ServiceRequestCabaRecupero"/></reference><name value="ServiceRequest para Recupero CABA"/><description value="Perfil de ServiceRequest Para RECUPERO CABA"/><exampleBoolean value="false"/><groupingId value="-str-profile"/></resource><resource><extension url="http://hl7.org/fhir/tools/StructureDefinition/resource-sort"><valueInteger value="999999999"/></extension><extension url="http://hl7.org/fhir/StructureDefinition/implementationguide-page"><valueUri value="StructureDefinition-ExtensionFathersFamilyName.html"/></extension><reference><reference value="StructureDefinition/ExtensionFathersFamilyName"/></reference><name value="Extension: FathersFamilyName"/><description value="Extension used in the HumanName.family element to record the person's first (or paternal) family name."/><exampleBoolean value="false"/><groupingId value="-str-extension"/></resource><resource><extension url="http://hl7.org/fhir/tools/StructureDefinition/resource-sort"><valueInteger value="999999999"/></extension><extension url="http://hl7.org/fhir/StructureDefinition/implementationguide-page"><valueUri value="StructureDefinition-ExtensionMothersFamilyName.html"/></extension><reference><reference value="StructureDefinition/ExtensionMothersFamilyName"/></reference><name value="Extension: MothersFamilyName"/><description value="Extension used in the HumanName.family element to record the person's first (or paternal) family name."/><exampleBoolean value="false"/><groupingId value="-str-extension"/></resource><resource><extension url="http://hl7.org/fhir/tools/StructureDefinition/resource-sort"><valueInteger value="999999999"/></extension><extension url="http://hl7.org/fhir/StructureDefinition/implementationguide-page"><valueUri value="ValueSet-recuperocoberturas-valueset.html"/></extension><reference><reference value="ValueSet/recuperocoberturas-valueset"/></reference><name value="Recupero Coberturas ValueSet"/><description value="ValueSet que incluye todos los códigos del sistema recupero coberturas"/><exampleBoolean value="false"/><groupingId value="-term-valueset"/></resource><resource><extension url="http://hl7.org/fhir/tools/StructureDefinition/resource-sort"><valueInteger value="999999999"/></extension><extension url="http://hl7.org/fhir/StructureDefinition/implementationguide-page"><valueUri value="ValueSet-recuperodiagnosticos-valueset.html"/></extension><reference><reference value="ValueSet/recuperodiagnosticos-valueset"/></reference><name value="Recupero Diagnosticos ValueSet"/><description value="ValueSet que incluye todos los códigos del sistema recupero diagnosticos"/><exampleBoolean value="false"/><groupingId value="-term-valueset"/></resource><resource><extension url="http://hl7.org/fhir/tools/StructureDefinition/resource-sort"><valueInteger value="999999999"/></extension><extension url="http://hl7.org/fhir/StructureDefinition/implementationguide-page"><valueUri value="ValueSet-recuperoprocedimientos-valueset.html"/></extension><reference><reference value="ValueSet/recuperoprocedimientos-valueset"/></reference><name value="Recupero Procedimientos ValueSet"/><description value="ValueSet que incluye todos los códigos del sistema recupero procedimientos"/><exampleBoolean value="false"/><groupingId value="-term-valueset"/></resource><resource><extension url="http://hl7.org/fhir/tools/StructureDefinition/resource-sort"><valueInteger value="999999999"/></extension><extension url="http://hl7.org/fhir/StructureDefinition/implementationguide-page"><valueUri value="ValueSet-recuperoprofesionesefectores-valueset.html"/></extension><reference><reference value="ValueSet/recuperoprofesionesefectores-valueset"/></reference><name value="Recupero Profesiones Efectores ValueSet"/><description value="ValueSet que incluye todos los códigos del sistema recupero profesiones efectores"/><exampleBoolean value="false"/><groupingId value="-term-valueset"/></resource><resource><extension url="http://hl7.org/fhir/tools/StructureDefinition/resource-sort"><valueInteger value="999999999"/></extension><extension url="http://hl7.org/fhir/StructureDefinition/implementationguide-page"><valueUri value="ValueSet-recuperoprofesiones-valueset.html"/></extension><reference><reference value="ValueSet/recuperoprofesiones-valueset"/></reference><name value="Recupero Profesiones ValueSet"/><description value="ValueSet que incluye todos los códigos del sistema recupero profesiones"/><exampleBoolean value="false"/><groupingId value="-term-valueset"/></resource><resource><extension url="http://hl7.org/fhir/tools/StructureDefinition/resource-sort"><valueInteger value="999999999"/></extension><extension url="http://hl7.org/fhir/StructureDefinition/implementationguide-page"><valueUri value="ValueSet-recuperotiposdocumento-valueset.html"/></extension><reference><reference value="ValueSet/recuperotiposdocumento-valueset"/></reference><name value="Recupero TiposDocumento ValueSet"/><description value="ValueSet que incluye todos los códigos del sistema recupero tiposdocumento"/><exampleBoolean value="false"/><groupingId value="-term-valueset"/></resource><resource><extension url="http://hl7.org/fhir/tools/StructureDefinition/resource-sort"><valueInteger value="999999999"/></extension><extension url="http://hl7.org/fhir/StructureDefinition/implementationguide-page"><valueUri value="ValueSet-recuperotiposmatricula-valueset.html"/></extension><reference><reference value="ValueSet/recuperotiposmatricula-valueset"/></reference><name value="Recupero TiposMatricula ValueSet"/><description value="ValueSet que incluye todos los códigos del sistema recupero tiposmatricula"/><exampleBoolean value="false"/><groupingId value="-term-valueset"/></resource><resource><extension url="http://hl7.org/fhir/tools/StructureDefinition/resource-sort"><valueInteger value="999999999"/></extension><extension url="http://hl7.org/fhir/StructureDefinition/implementationguide-page"><valueUri value="CodeSystem-coberturas-codesystem.html"/></extension><reference><reference value="CodeSystem/coberturas-codesystem"/></reference><name value="Coberturas para Recupero"/><description value="Listado de Coberturas"/><exampleBoolean value="false"/><groupingId value="-term-codesystem"/></resource><resource><extension url="http://hl7.org/fhir/tools/StructureDefinition/resource-sort"><valueInteger value="999999999"/></extension><extension url="http://hl7.org/fhir/StructureDefinition/implementationguide-page"><valueUri value="CodeSystem-diagnosticos-codesystem.html"/></extension><reference><reference value="CodeSystem/diagnosticos-codesystem"/></reference><name value="Diagnósticos para Recupero"/><description value="Listado de Diagnósticos"/><exampleBoolean value="false"/><groupingId value="-term-codesystem"/></resource><resource><extension url="http://hl7.org/fhir/tools/StructureDefinition/resource-sort"><valueInteger value="999999999"/></extension><extension url="http://hl7.org/fhir/StructureDefinition/implementationguide-page"><valueUri value="CodeSystem-procedimientos-codesystem.html"/></extension><reference><reference value="CodeSystem/procedimientos-codesystem"/></reference><name value="Procedimientos para Recupero"/><description value="Listado de Procedimientos"/><exampleBoolean value="false"/><groupingId value="-term-codesystem"/></resource><resource><extension url="http://hl7.org/fhir/tools/StructureDefinition/resource-sort"><valueInteger value="999999999"/></extension><extension url="http://hl7.org/fhir/StructureDefinition/implementationguide-page"><valueUri value="CodeSystem-profesiones-efectores-codesystem.html"/></extension><reference><reference value="CodeSystem/profesiones-efectores-codesystem"/></reference><name value="Profesiones Efectores para Recupero"/><description value="Listado de Profesiones para Efectores"/><exampleBoolean value="false"/><groupingId value="-term-codesystem"/></resource><resource><extension url="http://hl7.org/fhir/tools/StructureDefinition/resource-sort"><valueInteger value="999999999"/></extension><extension url="http://hl7.org/fhir/StructureDefinition/implementationguide-page"><valueUri value="CodeSystem-profesiones-codesystem.html"/></extension><reference><reference value="CodeSystem/profesiones-codesystem"/></reference><name value="Profesiones Solicitantes para Recupero"/><description value="Listado de Profesiones para Solicitantes"/><exampleBoolean value="false"/><groupingId value="-term-codesystem"/></resource><resource><extension url="http://hl7.org/fhir/tools/StructureDefinition/resource-sort"><valueInteger value="999999999"/></extension><extension url="http://hl7.org/fhir/StructureDefinition/implementationguide-page"><valueUri value="CodeSystem-tipos-documento-codesystem.html"/></extension><reference><reference value="CodeSystem/tipos-documento-codesystem"/></reference><name value="Tipos de Documento"/><description value="Listado de Tipos de Documento para Personas"/><exampleBoolean value="false"/><groupingId value="-term-codesystem"/></resource><resource><extension url="http://hl7.org/fhir/tools/StructureDefinition/resource-sort"><valueInteger value="999999999"/></extension><extension url="http://hl7.org/fhir/StructureDefinition/implementationguide-page"><valueUri value="CodeSystem-tipos-matricula-codesystem.html"/></extension><reference><reference value="CodeSystem/tipos-matricula-codesystem"/></reference><name value="Tipos de Matricula"/><description value="Listado de Entidades certificantes de matriculas para REFEPS Codesystem"/><exampleBoolean value="false"/><groupingId value="-term-codesystem"/></resource><resource><extension url="http://hl7.org/fhir/tools/StructureDefinition/resource-sort"><valueInteger value="999999999"/></extension><extension url="http://hl7.org/fhir/StructureDefinition/implementationguide-page"><valueUri value="NamingSystem-renaper-dni.html"/></extension><reference><reference value="NamingSystem/renaper-dni"/></reference><name value="renaper-dni"/><description value="This NamingSystem defines the official identification document issued by RENAPER in Argentina, the Documento Nacional de Identidad (DNI)."/><exampleBoolean value="false"/><groupingId value="-term-namingsystem"/></resource><resource><extension url="http://hl7.org/fhir/tools/StructureDefinition/resource-sort"><valueInteger value="999999999"/></extension><extension url="http://hl7.org/fhir/StructureDefinition/implementationguide-page"><valueUri value="Bundle-RecuperoCABABundleEjemplo.html"/></extension><reference><reference value="Bundle/RecuperoCABABundleEjemplo"/></reference><name value="RecuperoCABABundleEjemplo"/><exampleCanonical value="http://recuperocaba.gob.ar/StructureDefinition/BundleCabaRecupero"/><groupingId value="-ex-example"/></resource><resource><extension url="http://hl7.org/fhir/tools/StructureDefinition/resource-sort"><valueInteger value="999999999"/></extension><extension url="http://hl7.org/fhir/StructureDefinition/implementationguide-page"><valueUri value="Claim-RecuperoCABAClaimEjemplo.html"/></extension><reference><reference value="Claim/RecuperoCABAClaimEjemplo"/></reference><name value="RecuperoCABAClaimEjemplo"/><exampleCanonical value="http://recuperocaba.gob.ar/StructureDefinition/ClaimCabaRecupero"/><groupingId value="-ex-example"/></resource><resource><extension url="http://hl7.org/fhir/tools/StructureDefinition/resource-sort"><valueInteger value="999999999"/></extension><extension url="http://hl7.org/fhir/StructureDefinition/implementationguide-page"><valueUri value="DocumentReference-RecuperoCABADocumentacionAdicionalEjemplo.html"/></extension><reference><reference value="DocumentReference/RecuperoCABADocumentacionAdicionalEjemplo"/></reference><name value="RecuperoCABADocumentacionAdicionalEjemplo"/><exampleBoolean value="true"/><groupingId value="-ex-example"/></resource><resource><extension url="http://hl7.org/fhir/tools/StructureDefinition/resource-sort"><valueInteger value="999999999"/></extension><extension url="http://hl7.org/fhir/StructureDefinition/implementationguide-page"><valueUri value="Encounter-RecuperoCABAEncounterEjemplo.html"/></extension><reference><reference value="Encounter/RecuperoCABAEncounterEjemplo"/></reference><name value="RecuperoCABAEncounterEjemplo"/><exampleCanonical value="http://recuperocaba.gob.ar/StructureDefinition/EncounterCabaRecupero"/><groupingId value="-ex-example"/></resource><resource><extension url="http://hl7.org/fhir/tools/StructureDefinition/resource-sort"><valueInteger value="999999999"/></extension><extension url="http://hl7.org/fhir/StructureDefinition/implementationguide-page"><valueUri value="Patient-RecuperoCABAPacienteEjemplo.html"/></extension><reference><reference value="Patient/RecuperoCABAPacienteEjemplo"/></reference><name value="RecuperoCABAPacienteEjemplo"/><exampleCanonical value="http://recuperocaba.gob.ar/StructureDefinition/PatientCabaRecupero"/><groupingId value="-ex-example"/></resource><resource><extension url="http://hl7.org/fhir/tools/StructureDefinition/resource-sort"><valueInteger value="999999999"/></extension><extension url="http://hl7.org/fhir/StructureDefinition/implementationguide-page"><valueUri value="Practitioner-RecuperoCABAProfesionalFirmanteEjemplo.html"/></extension><reference><reference value="Practitioner/RecuperoCABAProfesionalFirmanteEjemplo"/></reference><name value="RecuperoCABAProfesionalFirmanteEjemplo"/><exampleCanonical value="http://recuperocaba.gob.ar/StructureDefinition/PractitionerCabaFirmanteRecupero"/><groupingId value="-ex-example"/></resource><resource><extension url="http://hl7.org/fhir/tools/StructureDefinition/resource-sort"><valueInteger value="999999999"/></extension><extension url="http://hl7.org/fhir/StructureDefinition/implementationguide-page"><valueUri value="Practitioner-RecuperoCABAProfesionalSolicitanteEjemplo.html"/></extension><reference><reference value="Practitioner/RecuperoCABAProfesionalSolicitanteEjemplo"/></reference><name value="RecuperoCABAProfesionalSolicitanteEjemplo"/><exampleCanonical value="http://recuperocaba.gob.ar/StructureDefinition/PractitionerCabaSolicitanteRecupero"/><groupingId value="-ex-example"/></resource><resource><extension url="http://hl7.org/fhir/tools/StructureDefinition/resource-sort"><valueInteger value="999999999"/></extension><extension url="http://hl7.org/fhir/StructureDefinition/implementationguide-page"><valueUri value="ServiceRequest-RecuperoCABAServiceRequestEjemplo.html"/></extension><reference><reference value="ServiceRequest/RecuperoCABAServiceRequestEjemplo"/></reference><name value="RecuperoCABAServiceRequestEjemplo"/><exampleCanonical value="http://recuperocaba.gob.ar/StructureDefinition/ServiceRequestCabaRecupero"/><groupingId value="-ex-example"/></resource><page><extension url="http://hl7.org/fhir/tools/StructureDefinition/ig-page-name"><valueUrl value="toc.html"/></extension><nameUrl value="toc.html"/><title value="Table of Contents"/><generation value="html"/><page><extension url="http://hl7.org/fhir/tools/StructureDefinition/ig-page-name"><valueUrl value="index.html"/></extension><nameUrl value="index.html"/><title value="Home"/><generation value="markdown"/></page><page><extension url="http://hl7.org/fhir/tools/StructureDefinition/ig-page-name"><valueUrl value="casosdeuso.html"/></extension><nameUrl value="casosdeuso.html"/><title value="Casosdeuso"/><generation value="markdown"/></page><page><extension url="http://hl7.org/fhir/tools/StructureDefinition/ig-page-name"><valueUrl value="modelologico.html"/></extension><nameUrl value="modelologico.html"/><title value="Modelologico"/><generation value="markdown"/></page><page><extension url="http://hl7.org/fhir/tools/StructureDefinition/ig-page-name"><valueUrl value="practica_implementacion.html"/></extension><nameUrl value="practica_implementacion.html"/><title value="Practica Implementacion"/><generation value="markdown"/></page><page><extension url="http://hl7.org/fhir/tools/StructureDefinition/ig-page-name"><valueUrl value="artifacts.html"/></extension><nameUrl value="artifacts.html"/><title value="Artifacts Summary"/><generation value="html"/><page><extension url="http://hl7.org/fhir/tools/StructureDefinition/ig-page-name"><valueUrl value="StructureDefinition-RecuperoLaboratorioPrestacion.html"/></extension><nameUrl value="StructureDefinition-RecuperoLaboratorioPrestacion.html"/><title value="RecuperoLaboratorioPrestacion"/><generation value="generated"/></page><page><extension url="http://hl7.org/fhir/tools/StructureDefinition/ig-page-name"><valueUrl value="StructureDefinition-RecuperoLaboratorioSolicitud.html"/></extension><nameUrl value="StructureDefinition-RecuperoLaboratorioSolicitud.html"/><title value="RecuperoLaboratorioSolicitud"/><generation value="generated"/></page><page><extension url="http://hl7.org/fhir/tools/StructureDefinition/ig-page-name"><valueUrl value="StructureDefinition-BundleCabaRecupero.html"/></extension><nameUrl value="StructureDefinition-BundleCabaRecupero.html"/><title value="Bundle Recupero Para CABA"/><generation value="generated"/></page><page><extension url="http://hl7.org/fhir/tools/StructureDefinition/ig-page-name"><valueUrl value="StructureDefinition-ClaimCabaRecupero.html"/></extension><nameUrl value="StructureDefinition-ClaimCabaRecupero.html"/><title value="Claim Recupero Para CABA"/><generation value="generated"/></page><page><extension url="http://hl7.org/fhir/tools/StructureDefinition/ig-page-name"><valueUrl value="StructureDefinition-DocumentReferenceCabaRecupero.html"/></extension><nameUrl value="StructureDefinition-DocumentReferenceCabaRecupero.html"/><title value="DocumentReference Recupero Para CABA"/><generation value="generated"/></page><page><extension url="http://hl7.org/fhir/tools/StructureDefinition/ig-page-name"><valueUrl value="StructureDefinition-EncounterCabaRecupero.html"/></extension><nameUrl value="StructureDefinition-EncounterCabaRecupero.html"/><title value="Encuentro para Recupero CABA"/><generation value="generated"/></page><page><extension url="http://hl7.org/fhir/tools/StructureDefinition/ig-page-name"><valueUrl value="StructureDefinition-PatientCabaRecupero.html"/></extension><nameUrl value="StructureDefinition-PatientCabaRecupero.html"/><title value="Paciente para Recupero CABA"/><generation value="generated"/></page><page><extension url="http://hl7.org/fhir/tools/StructureDefinition/ig-page-name"><valueUrl value="StructureDefinition-PractitionerCabaFirmanteRecupero.html"/></extension><nameUrl value="StructureDefinition-PractitionerCabaFirmanteRecupero.html"/><title value="Practitioner Firmante para Recupero CABA"/><generation value="generated"/></page><page><extension url="http://hl7.org/fhir/tools/StructureDefinition/ig-page-name"><valueUrl value="StructureDefinition-PractitionerCabaRecupero.html"/></extension><nameUrl value="StructureDefinition-PractitionerCabaRecupero.html"/><title value="Practitioner para Recupero CABA"/><generation value="generated"/></page><page><extension url="http://hl7.org/fhir/tools/StructureDefinition/ig-page-name"><valueUrl value="StructureDefinition-PractitionerCabaSolicitanteRecupero.html"/></extension><nameUrl value="StructureDefinition-PractitionerCabaSolicitanteRecupero.html"/><title value="Practitioner Solicitante para Recupero CABA"/><generation value="generated"/></page><page><extension url="http://hl7.org/fhir/tools/StructureDefinition/ig-page-name"><valueUrl value="StructureDefinition-ServiceRequestCabaRecupero.html"/></extension><nameUrl value="StructureDefinition-ServiceRequestCabaRecupero.html"/><title value="ServiceRequest para Recupero CABA"/><generation value="generated"/></page><page><extension url="http://hl7.org/fhir/tools/StructureDefinition/ig-page-name"><valueUrl value="StructureDefinition-ExtensionFathersFamilyName.html"/></extension><nameUrl value="StructureDefinition-ExtensionFathersFamilyName.html"/><title value="Extension: FathersFamilyName"/><generation value="generated"/></page><page><extension url="http://hl7.org/fhir/tools/StructureDefinition/ig-page-name"><valueUrl value="StructureDefinition-ExtensionMothersFamilyName.html"/></extension><nameUrl value="StructureDefinition-ExtensionMothersFamilyName.html"/><title value="Extension: MothersFamilyName"/><generation value="generated"/></page><page><extension url="http://hl7.org/fhir/tools/StructureDefinition/ig-page-name"><valueUrl value="ValueSet-recuperocoberturas-valueset.html"/></extension><nameUrl value="ValueSet-recuperocoberturas-valueset.html"/><title value="Recupero Coberturas ValueSet"/><generation value="generated"/></page><page><extension url="http://hl7.org/fhir/tools/StructureDefinition/ig-page-name"><valueUrl value="ValueSet-recuperodiagnosticos-valueset.html"/></extension><nameUrl value="ValueSet-recuperodiagnosticos-valueset.html"/><title value="Recupero Diagnosticos ValueSet"/><generation value="generated"/></page><page><extension url="http://hl7.org/fhir/tools/StructureDefinition/ig-page-name"><valueUrl value="ValueSet-recuperoprocedimientos-valueset.html"/></extension><nameUrl value="ValueSet-recuperoprocedimientos-valueset.html"/><title value="Recupero Procedimientos ValueSet"/><generation value="generated"/></page><page><extension url="http://hl7.org/fhir/tools/StructureDefinition/ig-page-name"><valueUrl value="ValueSet-recuperoprofesionesefectores-valueset.html"/></extension><nameUrl value="ValueSet-recuperoprofesionesefectores-valueset.html"/><title value="Recupero Profesiones Efectores ValueSet"/><generation value="generated"/></page><page><extension url="http://hl7.org/fhir/tools/StructureDefinition/ig-page-name"><valueUrl value="ValueSet-recuperoprofesiones-valueset.html"/></extension><nameUrl value="ValueSet-recuperoprofesiones-valueset.html"/><title value="Recupero Profesiones ValueSet"/><generation value="generated"/></page><page><extension url="http://hl7.org/fhir/tools/StructureDefinition/ig-page-name"><valueUrl value="ValueSet-recuperotiposdocumento-valueset.html"/></extension><nameUrl value="ValueSet-recuperotiposdocumento-valueset.html"/><title value="Recupero TiposDocumento ValueSet"/><generation value="generated"/></page><page><extension url="http://hl7.org/fhir/tools/StructureDefinition/ig-page-name"><valueUrl value="ValueSet-recuperotiposmatricula-valueset.html"/></extension><nameUrl value="ValueSet-recuperotiposmatricula-valueset.html"/><title value="Recupero TiposMatricula ValueSet"/><generation value="generated"/></page><page><extension url="http://hl7.org/fhir/tools/StructureDefinition/ig-page-name"><valueUrl value="CodeSystem-coberturas-codesystem.html"/></extension><nameUrl value="CodeSystem-coberturas-codesystem.html"/><title value="Coberturas para Recupero"/><generation value="generated"/></page><page><extension url="http://hl7.org/fhir/tools/StructureDefinition/ig-page-name"><valueUrl value="CodeSystem-diagnosticos-codesystem.html"/></extension><nameUrl value="CodeSystem-diagnosticos-codesystem.html"/><title value="Diagnósticos para Recupero"/><generation value="generated"/></page><page><extension url="http://hl7.org/fhir/tools/StructureDefinition/ig-page-name"><valueUrl value="CodeSystem-procedimientos-codesystem.html"/></extension><nameUrl value="CodeSystem-procedimientos-codesystem.html"/><title value="Procedimientos para Recupero"/><generation value="generated"/></page><page><extension url="http://hl7.org/fhir/tools/StructureDefinition/ig-page-name"><valueUrl value="CodeSystem-profesiones-efectores-codesystem.html"/></extension><nameUrl value="CodeSystem-profesiones-efectores-codesystem.html"/><title value="Profesiones Efectores para Recupero"/><generation value="generated"/></page><page><extension url="http://hl7.org/fhir/tools/StructureDefinition/ig-page-name"><valueUrl value="CodeSystem-profesiones-codesystem.html"/></extension><nameUrl value="CodeSystem-profesiones-codesystem.html"/><title value="Profesiones Solicitantes para Recupero"/><generation value="generated"/></page><page><extension url="http://hl7.org/fhir/tools/StructureDefinition/ig-page-name"><valueUrl value="CodeSystem-tipos-documento-codesystem.html"/></extension><nameUrl value="CodeSystem-tipos-documento-codesystem.html"/><title value="Tipos de Documento"/><generation value="generated"/></page><page><extension url="http://hl7.org/fhir/tools/StructureDefinition/ig-page-name"><valueUrl value="CodeSystem-tipos-matricula-codesystem.html"/></extension><nameUrl value="CodeSystem-tipos-matricula-codesystem.html"/><title value="Tipos de Matricula"/><generation value="generated"/></page><page><extension url="http://hl7.org/fhir/tools/StructureDefinition/ig-page-name"><valueUrl value="NamingSystem-renaper-dni.html"/></extension><nameUrl value="NamingSystem-renaper-dni.html"/><title value="renaper-dni"/><generation value="generated"/></page><page><extension url="http://hl7.org/fhir/tools/StructureDefinition/ig-page-name"><valueUrl value="Bundle-RecuperoCABABundleEjemplo.html"/></extension><nameUrl value="Bundle-RecuperoCABABundleEjemplo.html"/><title value="RecuperoCABABundleEjemplo"/><generation value="generated"/></page><page><extension url="http://hl7.org/fhir/tools/StructureDefinition/ig-page-name"><valueUrl value="Claim-RecuperoCABAClaimEjemplo.html"/></extension><nameUrl value="Claim-RecuperoCABAClaimEjemplo.html"/><title value="RecuperoCABAClaimEjemplo"/><generation value="generated"/></page><page><extension url="http://hl7.org/fhir/tools/StructureDefinition/ig-page-name"><valueUrl value="DocumentReference-RecuperoCABADocumentacionAdicionalEjemplo.html"/></extension><nameUrl value="DocumentReference-RecuperoCABADocumentacionAdicionalEjemplo.html"/><title value="RecuperoCABADocumentacionAdicionalEjemplo"/><generation value="generated"/></page><page><extension url="http://hl7.org/fhir/tools/StructureDefinition/ig-page-name"><valueUrl value="Encounter-RecuperoCABAEncounterEjemplo.html"/></extension><nameUrl value="Encounter-RecuperoCABAEncounterEjemplo.html"/><title value="RecuperoCABAEncounterEjemplo"/><generation value="generated"/></page><page><extension url="http://hl7.org/fhir/tools/StructureDefinition/ig-page-name"><valueUrl value="Patient-RecuperoCABAPacienteEjemplo.html"/></extension><nameUrl value="Patient-RecuperoCABAPacienteEjemplo.html"/><title value="RecuperoCABAPacienteEjemplo"/><generation value="generated"/></page><page><extension url="http://hl7.org/fhir/tools/StructureDefinition/ig-page-name"><valueUrl value="Practitioner-RecuperoCABAProfesionalFirmanteEjemplo.html"/></extension><nameUrl value="Practitioner-RecuperoCABAProfesionalFirmanteEjemplo.html"/><title value="RecuperoCABAProfesionalFirmanteEjemplo"/><generation value="generated"/></page><page><extension url="http://hl7.org/fhir/tools/StructureDefinition/ig-page-name"><valueUrl value="Practitioner-RecuperoCABAProfesionalSolicitanteEjemplo.html"/></extension><nameUrl value="Practitioner-RecuperoCABAProfesionalSolicitanteEjemplo.html"/><title value="RecuperoCABAProfesionalSolicitanteEjemplo"/><generation value="generated"/></page><page><extension url="http://hl7.org/fhir/tools/StructureDefinition/ig-page-name"><valueUrl value="ServiceRequest-RecuperoCABAServiceRequestEjemplo.html"/></extension><nameUrl value="ServiceRequest-RecuperoCABAServiceRequestEjemplo.html"/><title value="RecuperoCABAServiceRequestEjemplo"/><generation value="generated"/></page></page></page><parameter><code value="path-resource"/><value value="input/capabilities"/></parameter><parameter><code value="path-resource"/><value value="input/examples"/></parameter><parameter><code value="path-resource"/><value value="input/extensions"/></parameter><parameter><code value="path-resource"/><value value="input/models"/></parameter><parameter><code value="path-resource"/><value value="input/operations"/></parameter><parameter><code value="path-resource"/><value value="input/profiles"/></parameter><parameter><code value="path-resource"/><value value="input/resources"/></parameter><parameter><code value="path-resource"/><value value="input/vocabulary"/></parameter><parameter><code value="path-resource"/><value value="input/maps"/></parameter><parameter><code value="path-resource"/><value value="input/testing"/></parameter><parameter><code value="path-resource"/><value value="input/history"/></parameter><parameter><code value="path-resource"/><value value="fsh-generated/resources"/></parameter><parameter><code value="path-pages"/><value value="template/config"/></parameter><parameter><code value="path-pages"/><value value="input/images"/></parameter><parameter><code value="path-tx-cache"/><value value="input-cache/txcache"/></parameter></definition></ImplementationGuide>