<?xml version="1.0" encoding="UTF-8"?><ValueSet xmlns="http://hl7.org/fhir"><id value="recuperoprofesiones-valueset"/><text><status value="generated"/><div xmlns="http://www.w3.org/1999/xhtml"><p class="res-header-id"><b>Generated Narrative: ValueSet recuperoprofesiones-valueset</b></p><a name="recuperoprofesiones-valueset"> </a><a name="hcrecuperoprofesiones-valueset"> </a><ul><li>Include all codes defined in <a href="CodeSystem-profesiones-codesystem.html"><code>http://recuperocaba.gob.ar/CodeSystem/profesiones-codesystem</code></a></li></ul></div></text><url value="http://recuperocaba.gob.ar/ValueSet/recuperoprofesiones-valueset"/><version value="0.1.0"/><name value="RecuperoProfesionesVS"/><title value="Recupero Profesiones ValueSet"/><status value="active"/><experimental value="false"/><date value="2025-07-14T16:52:57-03:00"/><publisher value="HL7 Argentina"/><contact><name value="HL7 Argentina"/><telecom><system value="url"/><value value="http://hl7.org.ar"/></telecom><telecom><system value="email"/><value value="info@hl7.org.ar"/></telecom></contact><description value="ValueSet que incluye todos los códigos del sistema recupero profesiones"/><compose><include><system value="http://recuperocaba.gob.ar/CodeSystem/profesiones-codesystem"/></include></compose></ValueSet>