<?xml version="1.0" encoding="UTF-8"?><ValueSet xmlns="http://hl7.org/fhir"><id value="recuperodiagnosticos-valueset"/><text><status value="generated"/><div xmlns="http://www.w3.org/1999/xhtml"><p class="res-header-id"><b>Generated Narrative: ValueSet recuperodiagnosticos-valueset</b></p><a name="recuperodiagnosticos-valueset"> </a><a name="hcrecuperodiagnosticos-valueset"> </a><ul><li>Include all codes defined in <a href="CodeSystem-diagnosticos-codesystem.html"><code>http://recuperocaba.gob.ar/CodeSystem/diagnosticos-codesystem</code></a></li></ul></div></text><url value="http://recuperocaba.gob.ar/ValueSet/recuperodiagnosticos-valueset"/><version value="0.1.0"/><name value="RecuperoDiagnosticosVS"/><title value="Recupero Diagnosticos ValueSet"/><status value="active"/><experimental value="false"/><date value="2025-07-12T17:02:17-03:00"/><publisher value="HL7 Argentina"/><contact><name value="HL7 Argentina"/><telecom><system value="url"/><value value="http://hl7.org.ar"/></telecom><telecom><system value="email"/><value value="info@hl7.org.ar"/></telecom></contact><description value="ValueSet que incluye todos los códigos del sistema recupero diagnosticos"/><compose><include><system value="http://recuperocaba.gob.ar/CodeSystem/diagnosticos-codesystem"/></include></compose></ValueSet>