<?xml version="1.0" encoding="UTF-8"?>

<ServiceRequest xmlns="http://hl7.org/fhir">
  <id value="RecuperoCABAServiceRequestEjemplo"/>
  <meta>
    <profile value="http://recuperocaba.gob.ar/StructureDefinition/ServiceRequestCabaRecupero"/>
  </meta>
  <text>
    <status value="generated"/><div xmlns="http://www.w3.org/1999/xhtml"><p class="res-header-id"><b>Generated Narrative: ServiceRequest RecuperoCABAServiceRequestEjemplo</b></p><a name="RecuperoCABAServiceRequestEjemplo"> </a><a name="hcRecuperoCABAServiceRequestEjemplo"> </a><div style="display: inline-block; background-color: #d9e0e7; padding: 6px; margin: 4px; border: 1px solid #8da1b4; border-radius: 5px; line-height: 60%"><p style="margin-bottom: 0px"/><p style="margin-bottom: 0px">Profile: <a href="StructureDefinition-ServiceRequestCabaRecupero.html">ServiceRequest para Recupero CABA</a></p></div><p><b>identifier</b>: <code>http://hospital1.gob.ar/pedidos</code>/12345</p><p><b>status</b>: Completed</p><p><b>intent</b>: Order</p><p><b>category</b>: <span title="Codes:{http://snomed.info/sct 108252007}">Laboratory Procedure</span></p><p><b>subject</b>: <a href="Bundle-RecuperoCABABundleEjemplo.html#urn-uuid-de45db8b-8e3f-404e-a7af-910a289eeb8c">Bundle: identifier = http://hospital1.gob.ar/recuperos#1234567890; type = collection; timestamp = 2025-03-13 07:19:12-0300</a></p><p><b>encounter</b>: <a href="Bundle-RecuperoCABABundleEjemplo.html#urn-uuid-108abd93-5b06-415b-9c66-0fe8b2c29ccf">Bundle: identifier = http://hospital1.gob.ar/recuperos#1234567890; type = collection; timestamp = 2025-03-13 07:19:12-0300</a></p><p><b>occurrence</b>: 2025-03-15 07:19:12-0300</p><p><b>authoredOn</b>: 2025-03-13 07:19:12-0300</p><p><b>requester</b>: <a href="Bundle-RecuperoCABABundleEjemplo.html#urn-uuid-511b97a7-5ac5-4c5f-9e4f-94e17db97958">Bundle: identifier = http://hospital1.gob.ar/recuperos#1234567890; type = collection; timestamp = 2025-03-13 07:19:12-0300</a></p><p><b>performer</b>: <a href="Bundle-RecuperoCABABundleEjemplo.html#urn-uuid-576e3804-7d1a-4530-9c3d-a8e16779f2a8">Bundle: identifier = http://hospital1.gob.ar/recuperos#1234567890; type = collection; timestamp = 2025-03-13 07:19:12-0300</a></p><p><b>locationCode</b>: <span title="Codes:">Laboratorio de Análisis Clínicos</span></p></div>
  </text>
  <identifier>
    <system value="http://hospital1.gob.ar/pedidos"/>
    <value value="12345"/>
  </identifier>
  <status value="completed"/>
  <intent value="order"/>
  <category>
    <coding>
      <system value="http://snomed.info/sct"/>
      <code value="108252007"/>
      <display value="Laboratory Procedure"/>
    </coding>
  </category>
  <subject>
    <reference value="urn:uuid:de45db8b-8e3f-404e-a7af-910a289eeb8c"/>
  </subject>
  <encounter>
    <reference value="urn:uuid:108abd93-5b06-415b-9c66-0fe8b2c29ccf"/>
  </encounter>
  <occurrenceDateTime value="2025-03-15T07:19:12-03:00"/>
  <authoredOn value="2025-03-13T07:19:12-03:00"/>
  <requester>
    <reference value="urn:uuid:511b97a7-5ac5-4c5f-9e4f-94e17db97958"/>
  </requester>
  <performer>
    <reference value="urn:uuid:576e3804-7d1a-4530-9c3d-a8e16779f2a8"/>
  </performer>
  <locationCode>
    <text value="Laboratorio de Análisis Clínicos"/>
  </locationCode>
</ServiceRequest>