{
  "resourceType" : "Bundle",
  "id" : "RecuperoCABABundleEjemplo",
  "meta" : {
    "profile" : ["http://recuperocaba.gob.ar/StructureDefinition/BundleCabaRecupero"]
  },
  "identifier" : {
    "system" : "http://hospital1.gob.ar/recuperos",
    "value" : "1234567890"
  },
  "type" : "collection",
  "timestamp" : "2025-03-13T07:19:12-03:00",
  "entry" : [{
    "fullUrl" : "urn:uuid:23596630-d122-4dd4-bf1e-61a9d287ac05",
    "resource" : {
      "resourceType" : "Claim",
      "id" : "RecuperoCABAClaimEjemplo",
      "meta" : {
        "profile" : ["http://recuperocaba.gob.ar/StructureDefinition/ClaimCabaRecupero"]
      },
      "text" : {
        "status" : "generated",
        "div" : "<div xmlns=\"http://www.w3.org/1999/xhtml\"><a name=\"Claim_RecuperoCABAClaimEjemplo\"> </a><p class=\"res-header-id\"><b>Generated Narrative: Claim RecuperoCABAClaimEjemplo</b></p><a name=\"RecuperoCABAClaimEjemplo\"> </a><a name=\"hcRecuperoCABAClaimEjemplo\"> </a><div style=\"display: inline-block; background-color: #d9e0e7; padding: 6px; margin: 4px; border: 1px solid #8da1b4; border-radius: 5px; line-height: 60%\"><p style=\"margin-bottom: 0px\"/><p style=\"margin-bottom: 0px\">Profile: <a href=\"StructureDefinition-ClaimCabaRecupero.html\">Claim Recupero Para CABA</a></p></div><p><b>status</b>: Active</p><p><b>type</b>: <span title=\"Codes:{http://terminology.hl7.org/CodeSystem/claim-type institutional}\">Institutional</span></p><p><b>use</b>: Claim</p><p><b>patient</b>: <a href=\"Bundle-RecuperoCABABundleEjemplo.html#urn-uuid-de45db8b-8e3f-404e-a7af-910a289eeb8c\">Bundle: identifier = http://hospital1.gob.ar/recuperos#1234567890; type = collection; timestamp = 2025-03-13 07:19:12-0300</a></p><p><b>created</b>: 2025-03-13 07:19:12-0300</p><p><b>provider</b>: Hospital 1 - Laboratorio de Análisis Clínicos</p><p><b>priority</b>: <span title=\"Codes:{http://terminology.hl7.org/CodeSystem/processpriority normal}\">Normal</span></p><p><b>referral</b>: <a href=\"Bundle-RecuperoCABABundleEjemplo.html#urn-uuid-e4caeb31-9418-494e-a945-8799a90fb08c\">Bundle: identifier = http://hospital1.gob.ar/recuperos#1234567890; type = collection; timestamp = 2025-03-13 07:19:12-0300</a></p><p><b>facility</b>: Hospital 1 - Clínica Médica</p><h3>SupportingInfos</h3><table class=\"grid\"><tr><td style=\"display: none\">-</td><td><b>Sequence</b></td><td><b>Category</b></td><td><b>Value[x]</b></td></tr><tr><td style=\"display: none\">*</td><td>1</td><td><span title=\"Codes:{http://terminology.hl7.org/CodeSystem/claiminformationcategory attachment}\">Attachment</span></td><td><a href=\"Bundle-RecuperoCABABundleEjemplo.html#urn-uuid-59a1159e-3016-4c84-a936-0725edc823a0\">Bundle: identifier = http://hospital1.gob.ar/recuperos#1234567890; type = collection; timestamp = 2025-03-13 07:19:12-0300</a></td></tr></table><h3>Diagnoses</h3><table class=\"grid\"><tr><td style=\"display: none\">-</td><td><b>Sequence</b></td><td><b>Diagnosis[x]</b></td></tr><tr><td style=\"display: none\">*</td><td>1</td><td><span title=\"Codes:{http://recuperocaba.gob.ar/CodeSystem/diagnosticos-codesystem A010}\">Fiebre tifoidea</span></td></tr></table><blockquote><p><b>procedure</b></p><p><b>sequence</b>: 1</p><p><b>date</b>: 2025-03-13</p><p><b>procedure</b>: <span title=\"Codes:{http://recuperocaba.gob.ar/CodeSystem/procedimientos-codesystem 475}\">HEMOGRAMA COMPLETO</span></p></blockquote><blockquote><p><b>procedure</b></p><p><b>sequence</b>: 2</p><p><b>date</b>: 2025-03-13</p><p><b>procedure</b>: <span title=\"Codes:{http://recuperocaba.gob.ar/CodeSystem/procedimientos-codesystem 171}\">COAGULOGRAMA COMPLETO</span></p></blockquote><blockquote><p><b>procedure</b></p><p><b>sequence</b>: 3</p><p><b>date</b>: 2025-03-13</p><p><b>procedure</b>: <span title=\"Codes:{http://recuperocaba.gob.ar/CodeSystem/procedimientos-codesystem 481}\">HEPATOGRAMA COMPLETO</span></p></blockquote><blockquote><p><b>procedure</b></p><p><b>sequence</b>: 4</p><p><b>date</b>: 2025-03-13</p><p><b>procedure</b>: <span title=\"Codes:{http://recuperocaba.gob.ar/CodeSystem/procedimientos-codesystem 902}\">UREMIA</span></p></blockquote><blockquote><p><b>procedure</b></p><p><b>sequence</b>: 5</p><p><b>date</b>: 2025-03-13</p><p><b>procedure</b>: <span title=\"Codes:{http://recuperocaba.gob.ar/CodeSystem/procedimientos-codesystem 192}\">CREATININA</span></p></blockquote><h3>Insurances</h3><table class=\"grid\"><tr><td style=\"display: none\">-</td><td><b>Sequence</b></td><td><b>Focal</b></td><td><b>Coverage</b></td></tr><tr><td style=\"display: none\">*</td><td>1</td><td>true</td><td>Medicus (Identifier: <code>http://recuperocaba.gob.ar/CodeSystem/coberturas-codesystem</code>/MP004)</td></tr></table></div>"
      },
      "status" : "active",
      "type" : {
        "coding" : [{
          "system" : "http://terminology.hl7.org/CodeSystem/claim-type",
          "code" : "institutional",
          "display" : "Institutional"
        }]
      },
      "use" : "claim",
      "patient" : {
        "reference" : "urn:uuid:de45db8b-8e3f-404e-a7af-910a289eeb8c"
      },
      "created" : "2025-03-13T07:19:12-03:00",
      "provider" : {
        "display" : "Hospital 1 - Laboratorio de Análisis Clínicos"
      },
      "priority" : {
        "coding" : [{
          "system" : "http://terminology.hl7.org/CodeSystem/processpriority",
          "code" : "normal"
        }]
      },
      "referral" : {
        "reference" : "urn:uuid:e4caeb31-9418-494e-a945-8799a90fb08c"
      },
      "facility" : {
        "display" : "Hospital 1 - Clínica Médica"
      },
      "supportingInfo" : [{
        "sequence" : 1,
        "category" : {
          "coding" : [{
            "system" : "http://terminology.hl7.org/CodeSystem/claiminformationcategory",
            "code" : "attachment",
            "display" : "Attachment"
          }]
        },
        "valueReference" : {
          "reference" : "urn:uuid:59a1159e-3016-4c84-a936-0725edc823a0"
        }
      }],
      "diagnosis" : [{
        "sequence" : 1,
        "diagnosisCodeableConcept" : {
          "coding" : [{
            "system" : "http://recuperocaba.gob.ar/CodeSystem/diagnosticos-codesystem",
            "code" : "A010",
            "display" : "Fiebre tifoidea"
          }]
        }
      }],
      "procedure" : [{
        "sequence" : 1,
        "date" : "2025-03-13",
        "procedureCodeableConcept" : {
          "coding" : [{
            "system" : "http://recuperocaba.gob.ar/CodeSystem/procedimientos-codesystem",
            "code" : "475",
            "display" : "HEMOGRAMA COMPLETO"
          }]
        }
      },
      {
        "sequence" : 2,
        "date" : "2025-03-13",
        "procedureCodeableConcept" : {
          "coding" : [{
            "system" : "http://recuperocaba.gob.ar/CodeSystem/procedimientos-codesystem",
            "code" : "171",
            "display" : "COAGULOGRAMA COMPLETO"
          }]
        }
      },
      {
        "sequence" : 3,
        "date" : "2025-03-13",
        "procedureCodeableConcept" : {
          "coding" : [{
            "system" : "http://recuperocaba.gob.ar/CodeSystem/procedimientos-codesystem",
            "code" : "481",
            "display" : "HEPATOGRAMA COMPLETO"
          }]
        }
      },
      {
        "sequence" : 4,
        "date" : "2025-03-13",
        "procedureCodeableConcept" : {
          "coding" : [{
            "system" : "http://recuperocaba.gob.ar/CodeSystem/procedimientos-codesystem",
            "code" : "902",
            "display" : "UREMIA"
          }]
        }
      },
      {
        "sequence" : 5,
        "date" : "2025-03-13",
        "procedureCodeableConcept" : {
          "coding" : [{
            "system" : "http://recuperocaba.gob.ar/CodeSystem/procedimientos-codesystem",
            "code" : "192",
            "display" : "CREATININA"
          }]
        }
      }],
      "insurance" : [{
        "sequence" : 1,
        "focal" : true,
        "coverage" : {
          "identifier" : {
            "system" : "http://recuperocaba.gob.ar/CodeSystem/coberturas-codesystem",
            "value" : "MP004"
          },
          "display" : "Medicus"
        }
      }]
    }
  },
  {
    "fullUrl" : "urn:uuid:de45db8b-8e3f-404e-a7af-910a289eeb8c",
    "resource" : {
      "resourceType" : "Patient",
      "id" : "RecuperoCABAPacienteEjemplo",
      "meta" : {
        "profile" : ["http://recuperocaba.gob.ar/StructureDefinition/PatientCabaRecupero"]
      },
      "text" : {
        "status" : "generated",
        "div" : "<div xmlns=\"http://www.w3.org/1999/xhtml\"><a name=\"Patient_RecuperoCABAPacienteEjemplo\"> </a><p class=\"res-header-id\"><b>Generated Narrative: Patient RecuperoCABAPacienteEjemplo</b></p><a name=\"RecuperoCABAPacienteEjemplo\"> </a><a name=\"hcRecuperoCABAPacienteEjemplo\"> </a><div style=\"display: inline-block; background-color: #d9e0e7; padding: 6px; margin: 4px; border: 1px solid #8da1b4; border-radius: 5px; line-height: 60%\"><p style=\"margin-bottom: 0px\"/><p style=\"margin-bottom: 0px\">Profile: <a href=\"StructureDefinition-PatientCabaRecupero.html\">Paciente para Recupero CABA</a></p></div><p style=\"border: 1px #661aff solid; background-color: #e6e6ff; padding: 10px;\">BELU  Female, DoB: 1990-01-01 ( http://hospital1.gob.ar/pacientes#7699001\u00a0(use:\u00a0usual,\u00a0))</p><hr/><table class=\"grid\"><tr><td style=\"background-color: #f3f5da\" title=\"Other Id (see the one above)\">Other Id:</td><td colspan=\"3\"><code>http://renaper.gob.ar/dni</code>/99990001\u00a0(use:\u00a0official,\u00a0)</td></tr><tr><td style=\"background-color: #f3f5da\" title=\"Alternate names (see the one above)\">Alt. Name:</td><td colspan=\"3\">FLORENCIA BELEN PRUEBAPA PRUEBAMA (Official)</td></tr></table></div>"
      },
      "identifier" : [{
        "use" : "usual",
        "system" : "http://hospital1.gob.ar/pacientes",
        "value" : "7699001"
      },
      {
        "use" : "official",
        "system" : "http://renaper.gob.ar/dni",
        "value" : "99990001"
      }],
      "name" : [{
        "use" : "official",
        "family" : "PRUEBAPA PRUEBAMA",
        "_family" : {
          "extension" : [{
            "url" : "http://recuperocaba.gob.ar/StructureDefinition/ExtensionFathersFamilyName",
            "valueString" : "PRUEBAPA"
          },
          {
            "url" : "http://recuperocaba.gob.ar/StructureDefinition/ExtensionMothersFamilyName",
            "valueString" : "PRUEBAMA"
          }]
        },
        "given" : ["FLORENCIA",
        "BELEN"]
      },
      {
        "use" : "usual",
        "given" : ["BELU"]
      }],
      "gender" : "female",
      "birthDate" : "1990-01-01"
    }
  },
  {
    "fullUrl" : "urn:uuid:e4caeb31-9418-494e-a945-8799a90fb08c",
    "resource" : {
      "resourceType" : "ServiceRequest",
      "id" : "RecuperoCABAServiceRequestEjemplo",
      "meta" : {
        "profile" : ["http://recuperocaba.gob.ar/StructureDefinition/ServiceRequestCabaRecupero"]
      },
      "text" : {
        "status" : "generated",
        "div" : "<div xmlns=\"http://www.w3.org/1999/xhtml\"><a name=\"ServiceRequest_RecuperoCABAServiceRequestEjemplo\"> </a><p class=\"res-header-id\"><b>Generated Narrative: ServiceRequest RecuperoCABAServiceRequestEjemplo</b></p><a name=\"RecuperoCABAServiceRequestEjemplo\"> </a><a name=\"hcRecuperoCABAServiceRequestEjemplo\"> </a><div style=\"display: inline-block; background-color: #d9e0e7; padding: 6px; margin: 4px; border: 1px solid #8da1b4; border-radius: 5px; line-height: 60%\"><p style=\"margin-bottom: 0px\"/><p style=\"margin-bottom: 0px\">Profile: <a href=\"StructureDefinition-ServiceRequestCabaRecupero.html\">ServiceRequest para Recupero CABA</a></p></div><p><b>identifier</b>: <code>http://hospital1.gob.ar/pedidos</code>/12345</p><p><b>status</b>: Completed</p><p><b>intent</b>: Order</p><p><b>category</b>: <span title=\"Codes:{http://snomed.info/sct 108252007}\">Laboratory Procedure</span></p><p><b>subject</b>: <a href=\"Bundle-RecuperoCABABundleEjemplo.html#urn-uuid-de45db8b-8e3f-404e-a7af-910a289eeb8c\">Bundle: identifier = http://hospital1.gob.ar/recuperos#1234567890; type = collection; timestamp = 2025-03-13 07:19:12-0300</a></p><p><b>encounter</b>: <a href=\"Bundle-RecuperoCABABundleEjemplo.html#urn-uuid-108abd93-5b06-415b-9c66-0fe8b2c29ccf\">Bundle: identifier = http://hospital1.gob.ar/recuperos#1234567890; type = collection; timestamp = 2025-03-13 07:19:12-0300</a></p><p><b>occurrence</b>: 2025-03-15 07:19:12-0300</p><p><b>authoredOn</b>: 2025-03-13 07:19:12-0300</p><p><b>requester</b>: <a href=\"Bundle-RecuperoCABABundleEjemplo.html#urn-uuid-511b97a7-5ac5-4c5f-9e4f-94e17db97958\">Bundle: identifier = http://hospital1.gob.ar/recuperos#1234567890; type = collection; timestamp = 2025-03-13 07:19:12-0300</a></p><p><b>performer</b>: <a href=\"Bundle-RecuperoCABABundleEjemplo.html#urn-uuid-576e3804-7d1a-4530-9c3d-a8e16779f2a8\">Bundle: identifier = http://hospital1.gob.ar/recuperos#1234567890; type = collection; timestamp = 2025-03-13 07:19:12-0300</a></p><p><b>locationCode</b>: <span title=\"Codes:\">Laboratorio de Análisis Clínicos</span></p></div>"
      },
      "identifier" : [{
        "system" : "http://hospital1.gob.ar/pedidos",
        "value" : "12345"
      }],
      "status" : "completed",
      "intent" : "order",
      "category" : [{
        "coding" : [{
          "system" : "http://snomed.info/sct",
          "code" : "108252007",
          "display" : "Laboratory Procedure"
        }]
      }],
      "subject" : {
        "reference" : "urn:uuid:de45db8b-8e3f-404e-a7af-910a289eeb8c"
      },
      "encounter" : {
        "reference" : "urn:uuid:108abd93-5b06-415b-9c66-0fe8b2c29ccf"
      },
      "occurrenceDateTime" : "2025-03-15T07:19:12-03:00",
      "authoredOn" : "2025-03-13T07:19:12-03:00",
      "requester" : {
        "reference" : "urn:uuid:511b97a7-5ac5-4c5f-9e4f-94e17db97958"
      },
      "performer" : [{
        "reference" : "urn:uuid:576e3804-7d1a-4530-9c3d-a8e16779f2a8"
      }],
      "locationCode" : [{
        "text" : "Laboratorio de Análisis Clínicos"
      }]
    }
  },
  {
    "fullUrl" : "urn:uuid:108abd93-5b06-415b-9c66-0fe8b2c29ccf",
    "resource" : {
      "resourceType" : "Encounter",
      "id" : "RecuperoCABAEncounterEjemplo",
      "meta" : {
        "profile" : ["http://recuperocaba.gob.ar/StructureDefinition/EncounterCabaRecupero"]
      },
      "text" : {
        "status" : "generated",
        "div" : "<div xmlns=\"http://www.w3.org/1999/xhtml\"><a name=\"Encounter_RecuperoCABAEncounterEjemplo\"> </a><p class=\"res-header-id\"><b>Generated Narrative: Encounter RecuperoCABAEncounterEjemplo</b></p><a name=\"RecuperoCABAEncounterEjemplo\"> </a><a name=\"hcRecuperoCABAEncounterEjemplo\"> </a><div style=\"display: inline-block; background-color: #d9e0e7; padding: 6px; margin: 4px; border: 1px solid #8da1b4; border-radius: 5px; line-height: 60%\"><p style=\"margin-bottom: 0px\"/><p style=\"margin-bottom: 0px\">Profile: <a href=\"StructureDefinition-EncounterCabaRecupero.html\">Encuentro para Recupero CABA</a></p></div><p><b>identifier</b>: <code>http://hospital1.gob.ar/episodios</code>/130145562</p><p><b>status</b>: Unknown</p><p><b>class</b>: <a href=\"http://terminology.hl7.org/6.5.0/CodeSystem-v3-ActCode.html#v3-ActCode-AMB\">ActCode AMB</a>: ambulatory</p><p><b>type</b>: <span title=\"Codes:\">Immunología</span></p><p><b>subject</b>: <a href=\"Bundle-RecuperoCABABundleEjemplo.html#urn-uuid-de45db8b-8e3f-404e-a7af-910a289eeb8c\">Bundle: identifier = http://hospital1.gob.ar/recuperos#1234567890; type = collection; timestamp = 2025-03-13 07:19:12-0300</a></p></div>"
      },
      "identifier" : [{
        "system" : "http://hospital1.gob.ar/episodios",
        "value" : "130145562"
      }],
      "status" : "unknown",
      "class" : {
        "system" : "http://terminology.hl7.org/CodeSystem/v3-ActCode",
        "code" : "AMB",
        "display" : "ambulatory"
      },
      "type" : [{
        "text" : "Immunología"
      }],
      "subject" : {
        "reference" : "urn:uuid:de45db8b-8e3f-404e-a7af-910a289eeb8c"
      }
    }
  },
  {
    "fullUrl" : "urn:uuid:576e3804-7d1a-4530-9c3d-a8e16779f2a8",
    "resource" : {
      "resourceType" : "Practitioner",
      "id" : "RecuperoCABAProfesionalFirmanteEjemplo",
      "meta" : {
        "profile" : ["http://recuperocaba.gob.ar/StructureDefinition/PractitionerCabaRecupero"]
      },
      "text" : {
        "status" : "generated",
        "div" : "<div xmlns=\"http://www.w3.org/1999/xhtml\"><a name=\"Practitioner_RecuperoCABAProfesionalFirmanteEjemplo\"> </a><p class=\"res-header-id\"><b>Generated Narrative: Practitioner RecuperoCABAProfesionalFirmanteEjemplo</b></p><a name=\"RecuperoCABAProfesionalFirmanteEjemplo\"> </a><a name=\"hcRecuperoCABAProfesionalFirmanteEjemplo\"> </a><div style=\"display: inline-block; background-color: #d9e0e7; padding: 6px; margin: 4px; border: 1px solid #8da1b4; border-radius: 5px; line-height: 60%\"><p style=\"margin-bottom: 0px\"/><p style=\"margin-bottom: 0px\">Profile: <a href=\"StructureDefinition-PractitionerCabaRecupero.html\">Practitioner para Recupero CABA</a></p></div><p><b>identifier</b>: <code>http://recuperocaba.gob.ar/CodeSystem/recupero-tipos-matricula/10002001110000</code>/116772b</p><p><b>name</b>: DELIA JUAN</p><h3>Qualifications</h3><table class=\"grid\"><tr><td style=\"display: none\">-</td><td><b>Code</b></td></tr><tr><td style=\"display: none\">*</td><td><span title=\"Codes:{http://recuperocaba.gob.ar/CodeSystem/profesionesefectores-codesystem 27}\">Bioquímico</span></td></tr></table></div>"
      },
      "identifier" : [{
        "system" : "http://recuperocaba.gob.ar/CodeSystem/recupero-tipos-matricula/10002001110000",
        "value" : "116772b"
      }],
      "name" : [{
        "text" : "DELIA JUAN"
      }],
      "qualification" : [{
        "code" : {
          "coding" : [{
            "system" : "http://recuperocaba.gob.ar/CodeSystem/profesionesefectores-codesystem",
            "code" : "27",
            "display" : "Bioquímico"
          }]
        }
      }]
    }
  },
  {
    "fullUrl" : "urn:uuid:511b97a7-5ac5-4c5f-9e4f-94e17db97958",
    "resource" : {
      "resourceType" : "Practitioner",
      "id" : "RecuperoCABAProfesionalSolicitanteEjemplo",
      "meta" : {
        "profile" : ["http://recuperocaba.gob.ar/StructureDefinition/PractitionerCabaRecupero"]
      },
      "text" : {
        "status" : "generated",
        "div" : "<div xmlns=\"http://www.w3.org/1999/xhtml\"><a name=\"Practitioner_RecuperoCABAProfesionalSolicitanteEjemplo\"> </a><p class=\"res-header-id\"><b>Generated Narrative: Practitioner RecuperoCABAProfesionalSolicitanteEjemplo</b></p><a name=\"RecuperoCABAProfesionalSolicitanteEjemplo\"> </a><a name=\"hcRecuperoCABAProfesionalSolicitanteEjemplo\"> </a><div style=\"display: inline-block; background-color: #d9e0e7; padding: 6px; margin: 4px; border: 1px solid #8da1b4; border-radius: 5px; line-height: 60%\"><p style=\"margin-bottom: 0px\"/><p style=\"margin-bottom: 0px\">Profile: <a href=\"StructureDefinition-PractitionerCabaRecupero.html\">Practitioner para Recupero CABA</a></p></div><p><b>identifier</b>: <code>http://recuperocaba.gob.ar/CodeSystem/recupero-tipos-matricula/10006441714000</code>/16772</p><p><b>name</b>: CARRERA VALERIA</p><h3>Qualifications</h3><table class=\"grid\"><tr><td style=\"display: none\">-</td><td><b>Code</b></td></tr><tr><td style=\"display: none\">*</td><td><span title=\"Codes:{http://recuperocaba.gob.ar/CodeSystem/profesiones-codesystem 1}\">Médico</span></td></tr></table></div>"
      },
      "identifier" : [{
        "system" : "http://recuperocaba.gob.ar/CodeSystem/recupero-tipos-matricula/10006441714000",
        "value" : "16772"
      }],
      "name" : [{
        "text" : "CARRERA VALERIA"
      }],
      "qualification" : [{
        "code" : {
          "coding" : [{
            "system" : "http://recuperocaba.gob.ar/CodeSystem/profesiones-codesystem",
            "code" : "1",
            "display" : "Médico"
          }]
        }
      }]
    }
  },
  {
    "fullUrl" : "urn:uuid:59a1159e-3016-4c84-a936-0725edc823a0",
    "resource" : {
      "resourceType" : "DocumentReference",
      "id" : "RecuperoCABADocumentacionAdicionalEjemplo",
      "text" : {
        "status" : "generated",
        "div" : "<div xmlns=\"http://www.w3.org/1999/xhtml\"><a name=\"DocumentReference_RecuperoCABADocumentacionAdicionalEjemplo\"> </a><p class=\"res-header-id\"><b>Generated Narrative: DocumentReference RecuperoCABADocumentacionAdicionalEjemplo</b></p><a name=\"RecuperoCABADocumentacionAdicionalEjemplo\"> </a><a name=\"hcRecuperoCABADocumentacionAdicionalEjemplo\"> </a><p><b>status</b>: Current</p><p><b>type</b>: <span title=\"Codes:{http://loinc.org 11502-2}\">Laboratory Report</span></p><p><b>subject</b>: <a href=\"Bundle-RecuperoCABABundleEjemplo.html#urn-uuid-de45db8b-8e3f-404e-a7af-910a289eeb8c\">Bundle: identifier = http://hospital1.gob.ar/recuperos#1234567890; type = collection; timestamp = 2025-03-13 07:19:12-0300</a></p><p><b>date</b>: 2025-03-13 07:19:12-0300</p><blockquote><p><b>content</b></p><h3>Attachments</h3><table class=\"grid\"><tr><td style=\"display: none\">-</td><td><b>ContentType</b></td><td><b>Data</b></td></tr><tr><td style=\"display: none\">*</td><td>application/pdf</td><td><code>JVBERi0xLjQKMSAwIG9iago8PC9UeXBlIC9DYXRhbG9nCi9QYWdlcyAyIDAgUgo+PgplbmRvYmoK MiAwIG9iago8PC9UeXBlIC9QYWdlcwovS2lkcyBbMyAwIFJdCi9Db3VudCAxCj4+CmVuZG9iagoz IDAgb2JqCjw8L1R5cGUgL1BhZ2UKL1BhcmVudCAyIDAgUgovTWVkaWFCb3ggWzAgMCA1OTUgODQy XQovQ29udGVudHMgNSAwIFIKL1Jlc291cmNlcyA8PC9Qcm9jU2V0IFsvUERGIC9UZXh0XQovRm9u dCA8PC9GMSA0IDAgUj4+Cj4+Cj4+CmVuZG9iago0IDAgb2JqCjw8L1R5cGUgL0ZvbnQKL1N1YnR5 cGUgL1R5cGUxCi9OYW1lIC9GMQovQmFzZUZvbnQgL0hlbHZldGljYQovRW5jb2RpbmcgL01hY1Jv bWFuRW5jb2RpbmcKPj4KZW5kb2JqCjUgMCBvYmoKPDwvTGVuZ3RoIDUzCj4+CnN0cmVhbQpCVAov RjEgMjAgVGYKMjIwIDQwMCBUZAooRHVtbXkgUERGKSBUagpFVAplbmRzdHJlYW0KZW5kb2JqCnhy ZWYKMCA2CjAwMDAwMDAwMDAgNjU1MzUgZgowMDAwMDAwMDA5IDAwMDAwIG4KMDAwMDAwMDA2MyAw MDAwMCBuCjAwMDAwMDAxMjQgMDAwMDAgbgowMDAwMDAwMjc3IDAwMDAwIG4KMDAwMDAwMDM5MiAw MDAwMCBuCnRyYWlsZXIKPDwvU2l6ZSA2Ci9Sb290IDEgMCBSCj4+CnN0YXJ0eHJlZgo0OTUKJSVFT0YK</code></td></tr></table></blockquote></div>"
      },
      "status" : "current",
      "type" : {
        "coding" : [{
          "system" : "http://loinc.org",
          "code" : "11502-2",
          "display" : "Laboratory Report"
        }]
      },
      "subject" : {
        "reference" : "urn:uuid:de45db8b-8e3f-404e-a7af-910a289eeb8c"
      },
      "date" : "2025-03-13T07:19:12-03:00",
      "content" : [{
        "attachment" : {
          "contentType" : "application/pdf",
          "data" : "JVBERi0xLjQKMSAwIG9iago8PC9UeXBlIC9DYXRhbG9nCi9QYWdlcyAyIDAgUgo+PgplbmRvYmoK MiAwIG9iago8PC9UeXBlIC9QYWdlcwovS2lkcyBbMyAwIFJdCi9Db3VudCAxCj4+CmVuZG9iagoz IDAgb2JqCjw8L1R5cGUgL1BhZ2UKL1BhcmVudCAyIDAgUgovTWVkaWFCb3ggWzAgMCA1OTUgODQy XQovQ29udGVudHMgNSAwIFIKL1Jlc291cmNlcyA8PC9Qcm9jU2V0IFsvUERGIC9UZXh0XQovRm9u dCA8PC9GMSA0IDAgUj4+Cj4+Cj4+CmVuZG9iago0IDAgb2JqCjw8L1R5cGUgL0ZvbnQKL1N1YnR5 cGUgL1R5cGUxCi9OYW1lIC9GMQovQmFzZUZvbnQgL0hlbHZldGljYQovRW5jb2RpbmcgL01hY1Jv bWFuRW5jb2RpbmcKPj4KZW5kb2JqCjUgMCBvYmoKPDwvTGVuZ3RoIDUzCj4+CnN0cmVhbQpCVAov RjEgMjAgVGYKMjIwIDQwMCBUZAooRHVtbXkgUERGKSBUagpFVAplbmRzdHJlYW0KZW5kb2JqCnhy ZWYKMCA2CjAwMDAwMDAwMDAgNjU1MzUgZgowMDAwMDAwMDA5IDAwMDAwIG4KMDAwMDAwMDA2MyAw MDAwMCBuCjAwMDAwMDAxMjQgMDAwMDAgbgowMDAwMDAwMjc3IDAwMDAwIG4KMDAwMDAwMDM5MiAw MDAwMCBuCnRyYWlsZXIKPDwvU2l6ZSA2Ci9Sb290IDEgMCBSCj4+CnN0YXJ0eHJlZgo0OTUKJSVFT0YK"
        }
      }]
    }
  }]
}