{
  "resourceType" : "Claim",
  "id" : "RecuperoCABAClaimEjemplo",
  "meta" : {
    "profile" : ["http://recuperocaba.gob.ar/StructureDefinition/ClaimCabaRecupero"]
  },
  "text" : {
    "status" : "generated",
    "div" : "<div xmlns=\"http://www.w3.org/1999/xhtml\"><p class=\"res-header-id\"><b>Generated Narrative: Claim RecuperoCABAClaimEjemplo</b></p><a name=\"RecuperoCABAClaimEjemplo\"> </a><a name=\"hcRecuperoCABAClaimEjemplo\"> </a><div style=\"display: inline-block; background-color: #d9e0e7; padding: 6px; margin: 4px; border: 1px solid #8da1b4; border-radius: 5px; line-height: 60%\"><p style=\"margin-bottom: 0px\"/><p style=\"margin-bottom: 0px\">Profile: <a href=\"StructureDefinition-ClaimCabaRecupero.html\">Claim Recupero Para CABA</a></p></div><p><b>status</b>: Active</p><p><b>type</b>: <span title=\"Codes:{http://terminology.hl7.org/CodeSystem/claim-type institutional}\">Institutional</span></p><p><b>use</b>: Claim</p><p><b>patient</b>: <a href=\"Bundle-RecuperoCABABundleEjemplo.html#urn-uuid-de45db8b-8e3f-404e-a7af-910a289eeb8c\">Bundle: identifier = http://hospital1.gob.ar/recuperos#1234567890; type = collection; timestamp = 2025-03-13 07:19:12-0300</a></p><p><b>created</b>: 2025-03-13 07:19:12-0300</p><p><b>provider</b>: Hospital 1 - Laboratorio de Análisis Clínicos</p><p><b>priority</b>: <span title=\"Codes:{http://terminology.hl7.org/CodeSystem/processpriority normal}\">Normal</span></p><p><b>referral</b>: <a href=\"Bundle-RecuperoCABABundleEjemplo.html#urn-uuid-e4caeb31-9418-494e-a945-8799a90fb08c\">Bundle: identifier = http://hospital1.gob.ar/recuperos#1234567890; type = collection; timestamp = 2025-03-13 07:19:12-0300</a></p><p><b>facility</b>: Hospital 1 - Clínica Médica</p><h3>SupportingInfos</h3><table class=\"grid\"><tr><td style=\"display: none\">-</td><td><b>Sequence</b></td><td><b>Category</b></td><td><b>Value[x]</b></td></tr><tr><td style=\"display: none\">*</td><td>1</td><td><span title=\"Codes:{http://terminology.hl7.org/CodeSystem/claiminformationcategory attachment}\">Attachment</span></td><td><a href=\"Bundle-RecuperoCABABundleEjemplo.html#urn-uuid-59a1159e-3016-4c84-a936-0725edc823a0\">Bundle: identifier = http://hospital1.gob.ar/recuperos#1234567890; type = collection; timestamp = 2025-03-13 07:19:12-0300</a></td></tr></table><h3>Diagnoses</h3><table class=\"grid\"><tr><td style=\"display: none\">-</td><td><b>Sequence</b></td><td><b>Diagnosis[x]</b></td></tr><tr><td style=\"display: none\">*</td><td>1</td><td><span title=\"Codes:{http://recuperocaba.gob.ar/CodeSystem/diagnosticos-codesystem A010}\">Fiebre tifoidea</span></td></tr></table><blockquote><p><b>procedure</b></p><p><b>sequence</b>: 1</p><p><b>date</b>: 2025-03-13</p><p><b>procedure</b>: <span title=\"Codes:{http://recuperocaba.gob.ar/CodeSystem/procedimientos-codesystem 475}\">HEMOGRAMA COMPLETO</span></p></blockquote><blockquote><p><b>procedure</b></p><p><b>sequence</b>: 2</p><p><b>date</b>: 2025-03-13</p><p><b>procedure</b>: <span title=\"Codes:{http://recuperocaba.gob.ar/CodeSystem/procedimientos-codesystem 171}\">COAGULOGRAMA</span></p></blockquote><blockquote><p><b>procedure</b></p><p><b>sequence</b>: 3</p><p><b>date</b>: 2025-03-13</p><p><b>procedure</b>: <span title=\"Codes:{http://recuperocaba.gob.ar/CodeSystem/procedimientos-codesystem 481}\">HEPATOGRAMA COMPLETO</span></p></blockquote><blockquote><p><b>procedure</b></p><p><b>sequence</b>: 4</p><p><b>date</b>: 2025-03-13</p><p><b>procedure</b>: <span title=\"Codes:{http://recuperocaba.gob.ar/CodeSystem/procedimientos-codesystem 902}\">UREMIA</span></p></blockquote><blockquote><p><b>procedure</b></p><p><b>sequence</b>: 5</p><p><b>date</b>: 2025-03-13</p><p><b>procedure</b>: <span title=\"Codes:{http://recuperocaba.gob.ar/CodeSystem/procedimientos-codesystem 192}\">CREATININA</span></p></blockquote><h3>Insurances</h3><table class=\"grid\"><tr><td style=\"display: none\">-</td><td><b>Sequence</b></td><td><b>Focal</b></td><td><b>Coverage</b></td></tr><tr><td style=\"display: none\">*</td><td>1</td><td>true</td><td>Medicus (Identifier: <code>http://recuperocaba.gob.ar/CodeSystem/coberturas-codesystem</code>/MP004)</td></tr></table></div>"
  },
  "status" : "active",
  "type" : {
    "coding" : [{
      "system" : "http://terminology.hl7.org/CodeSystem/claim-type",
      "code" : "institutional",
      "display" : "Institutional"
    }]
  },
  "use" : "claim",
  "patient" : {
    "reference" : "urn:uuid:de45db8b-8e3f-404e-a7af-910a289eeb8c"
  },
  "created" : "2025-03-13T07:19:12-03:00",
  "provider" : {
    "display" : "Hospital 1 - Laboratorio de Análisis Clínicos"
  },
  "priority" : {
    "coding" : [{
      "system" : "http://terminology.hl7.org/CodeSystem/processpriority",
      "code" : "normal"
    }]
  },
  "referral" : {
    "reference" : "urn:uuid:e4caeb31-9418-494e-a945-8799a90fb08c"
  },
  "facility" : {
    "display" : "Hospital 1 - Clínica Médica"
  },
  "supportingInfo" : [{
    "sequence" : 1,
    "category" : {
      "coding" : [{
        "system" : "http://terminology.hl7.org/CodeSystem/claiminformationcategory",
        "code" : "attachment",
        "display" : "Attachment"
      }]
    },
    "valueReference" : {
      "reference" : "urn:uuid:59a1159e-3016-4c84-a936-0725edc823a0"
    }
  }],
  "diagnosis" : [{
    "sequence" : 1,
    "diagnosisCodeableConcept" : {
      "coding" : [{
        "system" : "http://recuperocaba.gob.ar/CodeSystem/diagnosticos-codesystem",
        "code" : "A010",
        "display" : "Fiebre tifoidea"
      }]
    }
  }],
  "procedure" : [{
    "sequence" : 1,
    "date" : "2025-03-13",
    "procedureCodeableConcept" : {
      "coding" : [{
        "system" : "http://recuperocaba.gob.ar/CodeSystem/procedimientos-codesystem",
        "code" : "475",
        "display" : "HEMOGRAMA COMPLETO"
      }]
    }
  },
  {
    "sequence" : 2,
    "date" : "2025-03-13",
    "procedureCodeableConcept" : {
      "coding" : [{
        "system" : "http://recuperocaba.gob.ar/CodeSystem/procedimientos-codesystem",
        "code" : "171",
        "display" : "COAGULOGRAMA"
      }]
    }
  },
  {
    "sequence" : 3,
    "date" : "2025-03-13",
    "procedureCodeableConcept" : {
      "coding" : [{
        "system" : "http://recuperocaba.gob.ar/CodeSystem/procedimientos-codesystem",
        "code" : "481",
        "display" : "HEPATOGRAMA COMPLETO"
      }]
    }
  },
  {
    "sequence" : 4,
    "date" : "2025-03-13",
    "procedureCodeableConcept" : {
      "coding" : [{
        "system" : "http://recuperocaba.gob.ar/CodeSystem/procedimientos-codesystem",
        "code" : "902",
        "display" : "UREMIA"
      }]
    }
  },
  {
    "sequence" : 5,
    "date" : "2025-03-13",
    "procedureCodeableConcept" : {
      "coding" : [{
        "system" : "http://recuperocaba.gob.ar/CodeSystem/procedimientos-codesystem",
        "code" : "192",
        "display" : "CREATININA"
      }]
    }
  }],
  "insurance" : [{
    "sequence" : 1,
    "focal" : true,
    "coverage" : {
      "identifier" : {
        "system" : "http://recuperocaba.gob.ar/CodeSystem/coberturas-codesystem",
        "value" : "MP004"
      },
      "display" : "Medicus"
    }
  }]
}