<?xml version="1.0" encoding="UTF-8"?>

<Claim xmlns="http://hl7.org/fhir">
  <id value="RecuperoCABAClaimEjemplo"/>
  <meta>
    <profile value="http://recuperocaba.gob.ar/StructureDefinition/ClaimCabaRecupero"/>
  </meta>
  <text>
    <status value="generated"/><div xmlns="http://www.w3.org/1999/xhtml"><p class="res-header-id"><b>Generated Narrative: Claim RecuperoCABAClaimEjemplo</b></p><a name="RecuperoCABAClaimEjemplo"> </a><a name="hcRecuperoCABAClaimEjemplo"> </a><div style="display: inline-block; background-color: #d9e0e7; padding: 6px; margin: 4px; border: 1px solid #8da1b4; border-radius: 5px; line-height: 60%"><p style="margin-bottom: 0px"/><p style="margin-bottom: 0px">Profile: <a href="StructureDefinition-ClaimCabaRecupero.html">Claim Recupero Para CABA</a></p></div><p><b>status</b>: Active</p><p><b>type</b>: <span title="Codes:{http://terminology.hl7.org/CodeSystem/claim-type institutional}">Institutional</span></p><p><b>use</b>: Claim</p><p><b>patient</b>: <a href="Bundle-RecuperoCABABundleEjemplo.html#urn-uuid-de45db8b-8e3f-404e-a7af-910a289eeb8c">Bundle: identifier = http://hospital1.gob.ar/recuperos#1234567890; type = collection; timestamp = 2025-03-13 07:19:12-0300</a></p><p><b>created</b>: 2025-03-13 07:19:12-0300</p><p><b>provider</b>: Hospital 1 - Laboratorio de Análisis Clínicos</p><p><b>priority</b>: <span title="Codes:{http://terminology.hl7.org/CodeSystem/processpriority normal}">Normal</span></p><p><b>referral</b>: <a href="Bundle-RecuperoCABABundleEjemplo.html#urn-uuid-e4caeb31-9418-494e-a945-8799a90fb08c">Bundle: identifier = http://hospital1.gob.ar/recuperos#1234567890; type = collection; timestamp = 2025-03-13 07:19:12-0300</a></p><p><b>facility</b>: Hospital 1 - Clínica Médica</p><h3>SupportingInfos</h3><table class="grid"><tr><td style="display: none">-</td><td><b>Sequence</b></td><td><b>Category</b></td><td><b>Value[x]</b></td></tr><tr><td style="display: none">*</td><td>1</td><td><span title="Codes:{http://terminology.hl7.org/CodeSystem/claiminformationcategory attachment}">Attachment</span></td><td><a href="Bundle-RecuperoCABABundleEjemplo.html#urn-uuid-59a1159e-3016-4c84-a936-0725edc823a0">Bundle: identifier = http://hospital1.gob.ar/recuperos#1234567890; type = collection; timestamp = 2025-03-13 07:19:12-0300</a></td></tr></table><h3>Diagnoses</h3><table class="grid"><tr><td style="display: none">-</td><td><b>Sequence</b></td><td><b>Diagnosis[x]</b></td></tr><tr><td style="display: none">*</td><td>1</td><td><span title="Codes:{http://recuperocaba.gob.ar/CodeSystem/diagnosticos-codesystem A010}">Fiebre tifoidea</span></td></tr></table><blockquote><p><b>procedure</b></p><p><b>sequence</b>: 1</p><p><b>date</b>: 2025-03-13</p><p><b>procedure</b>: <span title="Codes:{http://recuperocaba.gob.ar/CodeSystem/procedimientos-codesystem 475}">HEMOGRAMA COMPLETO</span></p></blockquote><blockquote><p><b>procedure</b></p><p><b>sequence</b>: 2</p><p><b>date</b>: 2025-03-13</p><p><b>procedure</b>: <span title="Codes:{http://recuperocaba.gob.ar/CodeSystem/procedimientos-codesystem 171}">COAGULOGRAMA</span></p></blockquote><blockquote><p><b>procedure</b></p><p><b>sequence</b>: 3</p><p><b>date</b>: 2025-03-13</p><p><b>procedure</b>: <span title="Codes:{http://recuperocaba.gob.ar/CodeSystem/procedimientos-codesystem 481}">HEPATOGRAMA COMPLETO</span></p></blockquote><blockquote><p><b>procedure</b></p><p><b>sequence</b>: 4</p><p><b>date</b>: 2025-03-13</p><p><b>procedure</b>: <span title="Codes:{http://recuperocaba.gob.ar/CodeSystem/procedimientos-codesystem 902}">UREMIA</span></p></blockquote><blockquote><p><b>procedure</b></p><p><b>sequence</b>: 5</p><p><b>date</b>: 2025-03-13</p><p><b>procedure</b>: <span title="Codes:{http://recuperocaba.gob.ar/CodeSystem/procedimientos-codesystem 192}">CREATININA</span></p></blockquote><h3>Insurances</h3><table class="grid"><tr><td style="display: none">-</td><td><b>Sequence</b></td><td><b>Focal</b></td><td><b>Coverage</b></td></tr><tr><td style="display: none">*</td><td>1</td><td>true</td><td>Medicus (Identifier: <code>http://recuperocaba.gob.ar/CodeSystem/coberturas-codesystem</code>/MP004)</td></tr></table></div>
  </text>
  <status value="active"/>
  <type>
    <coding>
      <system value="http://terminology.hl7.org/CodeSystem/claim-type"/>
      <code value="institutional"/>
      <display value="Institutional"/>
    </coding>
  </type>
  <use value="claim"/>
  <patient>
    <reference value="urn:uuid:de45db8b-8e3f-404e-a7af-910a289eeb8c"/>
  </patient>
  <created value="2025-03-13T07:19:12-03:00"/>
  <provider>
    <display value="Hospital 1 - Laboratorio de Análisis Clínicos"/>
  </provider>
  <priority>
    <coding>
      <system value="http://terminology.hl7.org/CodeSystem/processpriority"/>
      <code value="normal"/>
    </coding>
  </priority>
  <referral>
    <reference value="urn:uuid:e4caeb31-9418-494e-a945-8799a90fb08c"/>
  </referral>
  <facility>
    <display value="Hospital 1 - Clínica Médica"/>
  </facility>
  <supportingInfo>
    <sequence value="1"/>
    <category>
      <coding>
        <system value="http://terminology.hl7.org/CodeSystem/claiminformationcategory"/>
        <code value="attachment"/>
        <display value="Attachment"/>
      </coding>
    </category>
    <valueReference>
      <reference value="urn:uuid:59a1159e-3016-4c84-a936-0725edc823a0"/>
    </valueReference>
  </supportingInfo>
  <diagnosis>
    <sequence value="1"/>
    <diagnosisCodeableConcept>
      <coding>
        <system value="http://recuperocaba.gob.ar/CodeSystem/diagnosticos-codesystem"/>
        <code value="A010"/>
        <display value="Fiebre tifoidea"/>
      </coding>
    </diagnosisCodeableConcept>
  </diagnosis>
  <procedure>
    <sequence value="1"/>
    <date value="2025-03-13"/>
    <procedureCodeableConcept>
      <coding>
        <system value="http://recuperocaba.gob.ar/CodeSystem/procedimientos-codesystem"/>
        <code value="475"/>
        <display value="HEMOGRAMA COMPLETO"/>
      </coding>
    </procedureCodeableConcept>
  </procedure>
  <procedure>
    <sequence value="2"/>
    <date value="2025-03-13"/>
    <procedureCodeableConcept>
      <coding>
        <system value="http://recuperocaba.gob.ar/CodeSystem/procedimientos-codesystem"/>
        <code value="171"/>
        <display value="COAGULOGRAMA"/>
      </coding>
    </procedureCodeableConcept>
  </procedure>
  <procedure>
    <sequence value="3"/>
    <date value="2025-03-13"/>
    <procedureCodeableConcept>
      <coding>
        <system value="http://recuperocaba.gob.ar/CodeSystem/procedimientos-codesystem"/>
        <code value="481"/>
        <display value="HEPATOGRAMA COMPLETO"/>
      </coding>
    </procedureCodeableConcept>
  </procedure>
  <procedure>
    <sequence value="4"/>
    <date value="2025-03-13"/>
    <procedureCodeableConcept>
      <coding>
        <system value="http://recuperocaba.gob.ar/CodeSystem/procedimientos-codesystem"/>
        <code value="902"/>
        <display value="UREMIA"/>
      </coding>
    </procedureCodeableConcept>
  </procedure>
  <procedure>
    <sequence value="5"/>
    <date value="2025-03-13"/>
    <procedureCodeableConcept>
      <coding>
        <system value="http://recuperocaba.gob.ar/CodeSystem/procedimientos-codesystem"/>
        <code value="192"/>
        <display value="CREATININA"/>
      </coding>
    </procedureCodeableConcept>
  </procedure>
  <insurance>
    <sequence value="1"/>
    <focal value="true"/>
    <coverage>
      <identifier>
        <system value="http://recuperocaba.gob.ar/CodeSystem/coberturas-codesystem"/>
        <value value="MP004"/>
      </identifier>
      <display value="Medicus"/>
    </coverage>
  </insurance>
</Claim>