{
  "codeSystems" : [
    {
      "url" : "http://hl7.org/fhir/administrative-gender",
      "version" : "4.0.1",
      "status" : "active",
      "name" : "AdministrativeGender",
      "title" : "AdministrativeGender",
      "description" : "The gender of a person used for administrative purposes.",
      "oids" : ["2.16.840.1.113883.4.642.4.2"],
      "uses" : {
      },
      "http://hl7.org/fhir/R4/valueset-administrative-gender.html" : "AdministrativeGender"
    },
    {
      "url" : "http://recuperocaba.gob.ar/CodeSystem/coberturas-codesystem",
      "version" : "0.1.0",
      "status" : "active",
      "name" : "RecuperoCoberturasCS",
      "title" : "Coberturas para Recupero",
      "description" : "Listado de Coberturas",
      "uses" : {
      },
      "ValueSet-recuperocoberturas-valueset.html" : "Recupero Coberturas ValueSet"
    },
    {
      "url" : "http://recuperocaba.gob.ar/CodeSystem/diagnosticos-codesystem",
      "version" : "0.1.0",
      "status" : "active",
      "name" : "RecuperoDiagnosticosCS",
      "title" : "Diagnósticos para Recupero",
      "description" : "Listado de Diagnósticos",
      "uses" : {
      },
      "ValueSet-recuperodiagnosticos-valueset.html" : "Recupero Diagnosticos ValueSet"
    },
    {
      "url" : "http://recuperocaba.gob.ar/CodeSystem/procedimientos-codesystem",
      "version" : "0.1.0",
      "status" : "active",
      "name" : "RecuperoProcedimientosCS",
      "title" : "Procedimientos para Recupero",
      "description" : "Listado de Procedimientos",
      "uses" : {
      },
      "ValueSet-recuperoprocedimientos-valueset.html" : "Recupero Procedimientos ValueSet"
    },
    {
      "url" : "http://recuperocaba.gob.ar/CodeSystem/profesiones-codesystem",
      "version" : "0.1.0",
      "status" : "draft",
      "name" : "RecuperoProfesionesCS",
      "title" : "Profesiones para Recupero",
      "description" : "Listado de profesiones",
      "uses" : {
      },
      "ValueSet-recuperoprofesiones-valueset.html" : "Recupero Profesiones ValueSet"
    },
    {
      "url" : "http://recuperocaba.gob.ar/CodeSystem/tipos-documento-codesystem",
      "version" : "0.1.0",
      "status" : "draft",
      "name" : "RecuperoTiposDocumentoCS",
      "title" : "Tipos de Documento",
      "description" : "Listado de Tipos de Documento para Personas",
      "uses" : {
      },
      "ValueSet-recuperotiposdocumento-valueset.html" : "Recupero TiposDocumento ValueSet"
    },
    {
      "url" : "http://recuperocaba.gob.ar/CodeSystem/tipos-matricula-codesystem",
      "version" : "0.1.0",
      "status" : "draft",
      "name" : "RecuperoTiposMatricula",
      "title" : "Tipos de Matricula",
      "description" : "Listado de Entidades certificantes de matriculas para REFEPS Codesystem",
      "uses" : {
      },
      "ValueSet-recuperotiposmatricula-valueset.html" : "Recupero TiposMatricula ValueSet"
    },
    {
      "url" : "http://terminology.hl7.org/CodeSystem/v3-ActCode",
      "version" : "9.0.0",
      "status" : "active",
      "name" : "ActCode",
      "title" : "ActCode",
      "description" : "A code specifying the particular kind of Act that the Act-instance represents within its class.\r\n\r\n*Constraints:* The kind of Act (e.g. physical examination, serum potassium, inpatient encounter, charge financial transaction, etc.) is specified with a code from one of several, typically external, coding systems. The coding system will depend on the class of Act, such as LOINC for observations, etc.\r\n\r\nConceptually, the Act.code must be a specialization of the Act.classCode. This is why the structure of ActClass domain should be reflected in the superstructure of the ActCode domain and then individual codes or externally referenced vocabularies subordinated under these domains that reflect the ActClass structure.\r\n\r\nAct.classCode and Act.code are not modifiers of each other but the Act.code concept should really imply the Act.classCode concept. For a negative example, it is not appropriate to use an Act.code \"potassium\" together with and Act.classCode for \"laboratory observation\" to somehow mean \"potassium laboratory observation\" and then use the same Act.code for \"potassium\" together with Act.classCode for \"medication\" to mean \"substitution of potassium\". This mutually modifying use of Act.code and Act.classCode is not permitted.",
      "oids" : ["2.16.840.1.113883.5.4"],
      "uses" : {
      },
      "http://terminology.hl7.org/6.5.0/ValueSet-v3-ActEncounterCode.html" : "ActEncounterCode"
    }
  ]
}
