{
  "resourceType" : "CodeSystem",
  "id" : "coberturas-codesystem",
  "text" : {
    "status" : "generated",
    "div" : "<div xmlns=\"http://www.w3.org/1999/xhtml\"><p class=\"res-header-id\"><b>Generated Narrative: CodeSystem coberturas-codesystem</b></p><a name=\"coberturas-codesystem\"> </a><a name=\"hccoberturas-codesystem\"> </a><p>This case-sensitive code system <code>http://recuperocaba.gob.ar/CodeSystem/coberturas-codesystem</code> defines the following codes:</p><table class=\"codes\"><tr><td style=\"white-space:nowrap\"><b>Code</b></td><td><b>Display</b></td></tr><tr><td style=\"white-space:nowrap\">MP009<a name=\"coberturas-codesystem-MP009\"> </a></td><td>Accord Salud (ligada a Unión Personal)</td></tr><tr><td style=\"white-space:nowrap\">MP038<a name=\"coberturas-codesystem-MP038\"> </a></td><td>Alta Salud</td></tr><tr><td style=\"white-space:nowrap\">MP039<a name=\"coberturas-codesystem-MP039\"> </a></td><td>Amffa Salud</td></tr><tr><td style=\"white-space:nowrap\">MP040<a name=\"coberturas-codesystem-MP040\"> </a></td><td>Amur</td></tr><tr><td style=\"white-space:nowrap\">OS030<a name=\"coberturas-codesystem-OS030\"> </a></td><td>Andar (Viajantes Vendedores)</td></tr><tr><td style=\"white-space:nowrap\">MP041<a name=\"coberturas-codesystem-MP041\"> </a></td><td>Apres Global</td></tr><tr><td style=\"white-space:nowrap\">MP021<a name=\"coberturas-codesystem-MP021\"> </a></td><td>Asistencia Sanitaria Integral (ASI)</td></tr><tr><td style=\"white-space:nowrap\">MP036<a name=\"coberturas-codesystem-MP036\"> </a></td><td>Asociación Civil de Estudios Superiores</td></tr><tr><td style=\"white-space:nowrap\">MP032<a name=\"coberturas-codesystem-MP032\"> </a></td><td>Asociación Mutual del Personal Jerárquico de Bancos Oficiales Nacionales</td></tr><tr><td style=\"white-space:nowrap\">MP010<a name=\"coberturas-codesystem-MP010\"> </a></td><td>Avalian (ex ACA Salud)</td></tr><tr><td style=\"white-space:nowrap\">OS031<a name=\"coberturas-codesystem-OS031\"> </a></td><td>Bancarios (Obra Social del Personal Bancario)</td></tr><tr><td style=\"white-space:nowrap\">MP042<a name=\"coberturas-codesystem-MP042\"> </a></td><td>Bramed</td></tr><tr><td style=\"white-space:nowrap\">MP022<a name=\"coberturas-codesystem-MP022\"> </a></td><td>Bristol Medicine</td></tr><tr><td style=\"white-space:nowrap\">MP043<a name=\"coberturas-codesystem-MP043\"> </a></td><td>Casa Salud</td></tr><tr><td style=\"white-space:nowrap\">MP014<a name=\"coberturas-codesystem-MP014\"> </a></td><td>CEMIC (Centro de Educación Médica e Investigaciones Clínicas - Plan propio)</td></tr><tr><td style=\"white-space:nowrap\">MP026<a name=\"coberturas-codesystem-MP026\"> </a></td><td>Centro Médico Pueyrredón</td></tr><tr><td style=\"white-space:nowrap\">MP035<a name=\"coberturas-codesystem-MP035\"> </a></td><td>Círculo Médico de Lomas de Zamora</td></tr><tr><td style=\"white-space:nowrap\">MP024<a name=\"coberturas-codesystem-MP024\"> </a></td><td>COBENSIL</td></tr><tr><td style=\"white-space:nowrap\">MP044<a name=\"coberturas-codesystem-MP044\"> </a></td><td>Cober</td></tr><tr><td style=\"white-space:nowrap\">MP037<a name=\"coberturas-codesystem-MP037\"> </a></td><td>Consejo Profesional de Ciencias Económicas de la CABA</td></tr><tr><td style=\"white-space:nowrap\">OS032<a name=\"coberturas-codesystem-OS032\"> </a></td><td>Construir Salud (Obra Social de la Construcción)</td></tr><tr><td style=\"white-space:nowrap\">OS033<a name=\"coberturas-codesystem-OS033\"> </a></td><td>Cover Salud (Red asistencial nacional)</td></tr><tr><td style=\"white-space:nowrap\">OS026<a name=\"coberturas-codesystem-OS026\"> </a></td><td>DASUTeN (Obra Social Universidad Tecnológica Nacional)</td></tr><tr><td style=\"white-space:nowrap\">MP045<a name=\"coberturas-codesystem-MP045\"> </a></td><td>DoctoRed</td></tr><tr><td style=\"white-space:nowrap\">OS027<a name=\"coberturas-codesystem-OS027\"> </a></td><td>DOSUBA (Obra Social Universidad de Buenos Aires)</td></tr><tr><td style=\"white-space:nowrap\">OS034<a name=\"coberturas-codesystem-OS034\"> </a></td><td>Elevar (Pasteleros, Panaderos y afines)</td></tr><tr><td style=\"white-space:nowrap\">MP019<a name=\"coberturas-codesystem-MP019\"> </a></td><td>Ensalud</td></tr><tr><td style=\"white-space:nowrap\">MP046<a name=\"coberturas-codesystem-MP046\"> </a></td><td>Femédica</td></tr><tr><td style=\"white-space:nowrap\">OS028<a name=\"coberturas-codesystem-OS028\"> </a></td><td>FEMERA (Federación Médica Gremial de la Capital Federal)</td></tr><tr><td style=\"white-space:nowrap\">MP031<a name=\"coberturas-codesystem-MP031\"> </a></td><td>Fundación Médica de Mar del Plata</td></tr><tr><td style=\"white-space:nowrap\">MP003<a name=\"coberturas-codesystem-MP003\"> </a></td><td>Galeno</td></tr><tr><td style=\"white-space:nowrap\">MP047<a name=\"coberturas-codesystem-MP047\"> </a></td><td>GEA</td></tr><tr><td style=\"white-space:nowrap\">MP023<a name=\"coberturas-codesystem-MP023\"> </a></td><td>Grupo DDM</td></tr><tr><td style=\"white-space:nowrap\">MP015<a name=\"coberturas-codesystem-MP015\"> </a></td><td>Hominis (La prepaga del Sanatorio Güemes)</td></tr><tr><td style=\"white-space:nowrap\">MP011<a name=\"coberturas-codesystem-MP011\"> </a></td><td>Hospital Alemán (Plan propio)</td></tr><tr><td style=\"white-space:nowrap\">MP012<a name=\"coberturas-codesystem-MP012\"> </a></td><td>Hospital Británico (Plan propio)</td></tr><tr><td style=\"white-space:nowrap\">MP013<a name=\"coberturas-codesystem-MP013\"> </a></td><td>Hospital Italiano (Plan propio)</td></tr><tr><td style=\"white-space:nowrap\">MP029<a name=\"coberturas-codesystem-MP029\"> </a></td><td>International Health Services Argentina (IHSA)</td></tr><tr><td style=\"white-space:nowrap\">OS029<a name=\"coberturas-codesystem-OS029\"> </a></td><td>IOMA (Instituto de Obra Médico Asistencial - para empleados públicos de la Provincia de Buenos Aires)</td></tr><tr><td style=\"white-space:nowrap\">OS010<a name=\"coberturas-codesystem-OS010\"> </a></td><td>IOSFA (Obra Social de las Fuerzas Armadas y de Seguridad)</td></tr><tr><td style=\"white-space:nowrap\">OS035<a name=\"coberturas-codesystem-OS035\"> </a></td><td>Jerárquicos (Obra Social del Personal Jerárquico)</td></tr><tr><td style=\"white-space:nowrap\">MP016<a name=\"coberturas-codesystem-MP016\"> </a></td><td>Luis Pasteur (También funciona como obra social, pero tiene planes de prepaga)</td></tr><tr><td style=\"white-space:nowrap\">MP049<a name=\"coberturas-codesystem-MP049\"> </a></td><td>Medical's</td></tr><tr><td style=\"white-space:nowrap\">MP004<a name=\"coberturas-codesystem-MP004\"> </a></td><td>Medicus</td></tr><tr><td style=\"white-space:nowrap\">MP006<a name=\"coberturas-codesystem-MP006\"> </a></td><td>Medifé</td></tr><tr><td style=\"white-space:nowrap\">MP025<a name=\"coberturas-codesystem-MP025\"> </a></td><td>Medin S.A.S.M.A.</td></tr><tr><td style=\"white-space:nowrap\">MP034<a name=\"coberturas-codesystem-MP034\"> </a></td><td>MET Córdoba</td></tr><tr><td style=\"white-space:nowrap\">MP028<a name=\"coberturas-codesystem-MP028\"> </a></td><td>Mutual Federada 25 de Junio</td></tr><tr><td style=\"white-space:nowrap\">MP050<a name=\"coberturas-codesystem-MP050\"> </a></td><td>Nobis</td></tr><tr><td style=\"white-space:nowrap\">OS007<a name=\"coberturas-codesystem-OS007\"> </a></td><td>Obra Social Luis Pasteur (para el personal de dirección)</td></tr><tr><td style=\"white-space:nowrap\">OS011<a name=\"coberturas-codesystem-OS011\"> </a></td><td>OBSBA (Obra Social de la Ciudad de Buenos Aires - para empleados del GCBA)</td></tr><tr><td style=\"white-space:nowrap\">MP005<a name=\"coberturas-codesystem-MP005\"> </a></td><td>Omint</td></tr><tr><td style=\"white-space:nowrap\">MP030<a name=\"coberturas-codesystem-MP030\"> </a></td><td>OPDEA</td></tr><tr><td style=\"white-space:nowrap\">OS012<a name=\"coberturas-codesystem-OS012\"> </a></td><td>Oschoca (Obra Social de Choferes de Camiones)</td></tr><tr><td style=\"white-space:nowrap\">MP001<a name=\"coberturas-codesystem-MP001\"> </a></td><td>OSDE</td></tr><tr><td style=\"white-space:nowrap\">OS008<a name=\"coberturas-codesystem-OS008\"> </a></td><td>OSDEPYM (Obra Social de Empresarios, Profesionales y Monotributistas)</td></tr><tr><td style=\"white-space:nowrap\">OS025<a name=\"coberturas-codesystem-OS025\"> </a></td><td>OSDIC (Obra Social de Directivos de Empresas Constructoras)</td></tr><tr><td style=\"white-space:nowrap\">MP027<a name=\"coberturas-codesystem-MP027\"> </a></td><td>OSDIPP</td></tr><tr><td style=\"white-space:nowrap\">OS001<a name=\"coberturas-codesystem-OS001\"> </a></td><td>OSECAC (Obra Social de los Empleados de Comercio y Actividades Civiles)</td></tr><tr><td style=\"white-space:nowrap\">OS013<a name=\"coberturas-codesystem-OS013\"> </a></td><td>OSFE (Obra Social de Ferroviarios)</td></tr><tr><td style=\"white-space:nowrap\">OS038<a name=\"coberturas-codesystem-OS038\"> </a></td><td>OSME (Obra Social de Metalúrgicos)</td></tr><tr><td style=\"white-space:nowrap\">OS036<a name=\"coberturas-codesystem-OS036\"> </a></td><td>Osmédica (Obra Social de los Médicos)</td></tr><tr><td style=\"white-space:nowrap\">OS020<a name=\"coberturas-codesystem-OS020\"> </a></td><td>Ospaca (Obra Social Automóvil Club Argentino)</td></tr><tr><td style=\"white-space:nowrap\">OS018<a name=\"coberturas-codesystem-OS018\"> </a></td><td>Ospat (Obra Social del Personal del Turf y Afines)</td></tr><tr><td style=\"white-space:nowrap\">OS005<a name=\"coberturas-codesystem-OS005\"> </a></td><td>OSPE (Obra Social del Personal de Entidades Deportivas y Civiles)</td></tr><tr><td style=\"white-space:nowrap\">OS024<a name=\"coberturas-codesystem-OS024\"> </a></td><td>OSPELSYN (Obra Social del Personal de Luz y Fuerza)</td></tr><tr><td style=\"white-space:nowrap\">OS022<a name=\"coberturas-codesystem-OS022\"> </a></td><td>OSPIA (Obra Social del Personal de la Industria Aceitera)</td></tr><tr><td style=\"white-space:nowrap\">OS041<a name=\"coberturas-codesystem-OS041\"> </a></td><td>OSPIA (Obra Social del Personal de la Industria Aceitera)</td></tr><tr><td style=\"white-space:nowrap\">OS017<a name=\"coberturas-codesystem-OS017\"> </a></td><td>Ospic (Obra Social del Personal de la Industria Cinematográfica)</td></tr><tr><td style=\"white-space:nowrap\">OS037<a name=\"coberturas-codesystem-OS037\"> </a></td><td>OSPICHA (Obra Social de la Industria del Cuero y Afines)</td></tr><tr><td style=\"white-space:nowrap\">OS021<a name=\"coberturas-codesystem-OS021\"> </a></td><td>Ospim (Obra Social de la Industria Maderera)</td></tr><tr><td style=\"white-space:nowrap\">OS014<a name=\"coberturas-codesystem-OS014\"> </a></td><td>OSPIP (Obra Social del Personal de la Industria del Plástico)</td></tr><tr><td style=\"white-space:nowrap\">OS009<a name=\"coberturas-codesystem-OS009\"> </a></td><td>OSPJN (Obra Social del Poder Judicial de la Nación)</td></tr><tr><td style=\"white-space:nowrap\">OS019<a name=\"coberturas-codesystem-OS019\"> </a></td><td>OSPLAD (Obra Social para Docentes)</td></tr><tr><td style=\"white-space:nowrap\">OS039<a name=\"coberturas-codesystem-OS039\"> </a></td><td>OSPLAD (Obra Social para Docentes)</td></tr><tr><td style=\"white-space:nowrap\">OS016<a name=\"coberturas-codesystem-OS016\"> </a></td><td>OSPM (Obra Social del Personal Marítimo)</td></tr><tr><td style=\"white-space:nowrap\">OS003<a name=\"coberturas-codesystem-OS003\"> </a></td><td>OSPRERA (Obra Social del Personal Rural y Estibadores de la República Argentina)</td></tr><tr><td style=\"white-space:nowrap\">OS015<a name=\"coberturas-codesystem-OS015\"> </a></td><td>OSSEG (Obra Social del Personal de Seguros, Reaseguros, Capitalización y Ahorro y Préstamo)</td></tr><tr><td style=\"white-space:nowrap\">OS040<a name=\"coberturas-codesystem-OS040\"> </a></td><td>OSSPRING (Obra Social del Personal de Seguridad)</td></tr><tr><td style=\"white-space:nowrap\">OS023<a name=\"coberturas-codesystem-OS023\"> </a></td><td>OSTEP (Obra Social de Trabajadores de Estaciones de Servicio, Garajes y Playas de Estacionamiento)</td></tr><tr><td style=\"white-space:nowrap\">OS004<a name=\"coberturas-codesystem-OS004\"> </a></td><td>OSUTHGRA (Obra Social de la Unión de Trabajadores del Turismo, Hoteleros y Gastronómicos de la República Argentina)</td></tr><tr><td style=\"white-space:nowrap\">MP051<a name=\"coberturas-codesystem-MP051\"> </a></td><td>Parque Salud</td></tr><tr><td style=\"white-space:nowrap\">MP017<a name=\"coberturas-codesystem-MP017\"> </a></td><td>Premedic</td></tr><tr><td style=\"white-space:nowrap\">MP008<a name=\"coberturas-codesystem-MP008\"> </a></td><td>Prevención Salud</td></tr><tr><td style=\"white-space:nowrap\">MP052<a name=\"coberturas-codesystem-MP052\"> </a></td><td>Sami Salud</td></tr><tr><td style=\"white-space:nowrap\">MP007<a name=\"coberturas-codesystem-MP007\"> </a></td><td>Sancor Salud</td></tr><tr><td style=\"white-space:nowrap\">MP033<a name=\"coberturas-codesystem-MP033\"> </a></td><td>Sistema Integrado de Prestadores de Salud (SIPS)</td></tr><tr><td style=\"white-space:nowrap\">MP018<a name=\"coberturas-codesystem-MP018\"> </a></td><td>Staff Médico</td></tr><tr><td style=\"white-space:nowrap\">MP002<a name=\"coberturas-codesystem-MP002\"> </a></td><td>Swiss Medical</td></tr><tr><td style=\"white-space:nowrap\">MP020<a name=\"coberturas-codesystem-MP020\"> </a></td><td>UAI Salud</td></tr><tr><td style=\"white-space:nowrap\">OS002<a name=\"coberturas-codesystem-OS002\"> </a></td><td>Unión Personal / Accord Salud (Obra Social de la Unión Personal Civil de la Nación - UPCN)</td></tr><tr><td style=\"white-space:nowrap\">OS006<a name=\"coberturas-codesystem-OS006\"> </a></td><td>UOCRA (Obra Social de la Unión Obrera de la Construcción de la República Argentina)</td></tr><tr><td style=\"white-space:nowrap\">MP048<a name=\"coberturas-codesystem-MP048\"> </a></td><td>William Hope</td></tr></table></div>"
  },
  "url" : "http://recuperocaba.gob.ar/CodeSystem/coberturas-codesystem",
  "version" : "0.1.0",
  "name" : "RecuperoCoberturasCS",
  "title" : "Coberturas para Recupero",
  "status" : "active",
  "experimental" : false,
  "date" : "2025-07-12T16:20:05-03:00",
  "publisher" : "HL7 Argentina",
  "contact" : [{
    "name" : "HL7 Argentina",
    "telecom" : [{
      "system" : "url",
      "value" : "http://hl7.org.ar"
    },
    {
      "system" : "email",
      "value" : "info@hl7.org.ar"
    }]
  }],
  "description" : "Listado de Coberturas",
  "caseSensitive" : true,
  "content" : "complete",
  "count" : 93,
  "concept" : [{
    "code" : "MP009",
    "display" : "Accord Salud (ligada a Unión Personal)"
  },
  {
    "code" : "MP038",
    "display" : "Alta Salud"
  },
  {
    "code" : "MP039",
    "display" : "Amffa Salud"
  },
  {
    "code" : "MP040",
    "display" : "Amur"
  },
  {
    "code" : "OS030",
    "display" : "Andar (Viajantes Vendedores)"
  },
  {
    "code" : "MP041",
    "display" : "Apres Global"
  },
  {
    "code" : "MP021",
    "display" : "Asistencia Sanitaria Integral (ASI)"
  },
  {
    "code" : "MP036",
    "display" : "Asociación Civil de Estudios Superiores"
  },
  {
    "code" : "MP032",
    "display" : "Asociación Mutual del Personal Jerárquico de Bancos Oficiales Nacionales"
  },
  {
    "code" : "MP010",
    "display" : "Avalian (ex ACA Salud)"
  },
  {
    "code" : "OS031",
    "display" : "Bancarios (Obra Social del Personal Bancario)"
  },
  {
    "code" : "MP042",
    "display" : "Bramed"
  },
  {
    "code" : "MP022",
    "display" : "Bristol Medicine"
  },
  {
    "code" : "MP043",
    "display" : "Casa Salud"
  },
  {
    "code" : "MP014",
    "display" : "CEMIC (Centro de Educación Médica e Investigaciones Clínicas - Plan propio)"
  },
  {
    "code" : "MP026",
    "display" : "Centro Médico Pueyrredón"
  },
  {
    "code" : "MP035",
    "display" : "Círculo Médico de Lomas de Zamora"
  },
  {
    "code" : "MP024",
    "display" : "COBENSIL"
  },
  {
    "code" : "MP044",
    "display" : "Cober"
  },
  {
    "code" : "MP037",
    "display" : "Consejo Profesional de Ciencias Económicas de la CABA"
  },
  {
    "code" : "OS032",
    "display" : "Construir Salud (Obra Social de la Construcción)"
  },
  {
    "code" : "OS033",
    "display" : "Cover Salud (Red asistencial nacional)"
  },
  {
    "code" : "OS026",
    "display" : "DASUTeN (Obra Social Universidad Tecnológica Nacional)"
  },
  {
    "code" : "MP045",
    "display" : "DoctoRed"
  },
  {
    "code" : "OS027",
    "display" : "DOSUBA (Obra Social Universidad de Buenos Aires)"
  },
  {
    "code" : "OS034",
    "display" : "Elevar (Pasteleros, Panaderos y afines)"
  },
  {
    "code" : "MP019",
    "display" : "Ensalud"
  },
  {
    "code" : "MP046",
    "display" : "Femédica"
  },
  {
    "code" : "OS028",
    "display" : "FEMERA (Federación Médica Gremial de la Capital Federal)"
  },
  {
    "code" : "MP031",
    "display" : "Fundación Médica de Mar del Plata"
  },
  {
    "code" : "MP003",
    "display" : "Galeno"
  },
  {
    "code" : "MP047",
    "display" : "GEA"
  },
  {
    "code" : "MP023",
    "display" : "Grupo DDM"
  },
  {
    "code" : "MP015",
    "display" : "Hominis (La prepaga del Sanatorio Güemes)"
  },
  {
    "code" : "MP011",
    "display" : "Hospital Alemán (Plan propio)"
  },
  {
    "code" : "MP012",
    "display" : "Hospital Británico (Plan propio)"
  },
  {
    "code" : "MP013",
    "display" : "Hospital Italiano (Plan propio)"
  },
  {
    "code" : "MP029",
    "display" : "International Health Services Argentina (IHSA)"
  },
  {
    "code" : "OS029",
    "display" : "IOMA (Instituto de Obra Médico Asistencial - para empleados públicos de la Provincia de Buenos Aires)"
  },
  {
    "code" : "OS010",
    "display" : "IOSFA (Obra Social de las Fuerzas Armadas y de Seguridad)"
  },
  {
    "code" : "OS035",
    "display" : "Jerárquicos (Obra Social del Personal Jerárquico)"
  },
  {
    "code" : "MP016",
    "display" : "Luis Pasteur (También funciona como obra social, pero tiene planes de prepaga)"
  },
  {
    "code" : "MP049",
    "display" : "Medical's"
  },
  {
    "code" : "MP004",
    "display" : "Medicus"
  },
  {
    "code" : "MP006",
    "display" : "Medifé"
  },
  {
    "code" : "MP025",
    "display" : "Medin S.A.S.M.A."
  },
  {
    "code" : "MP034",
    "display" : "MET Córdoba"
  },
  {
    "code" : "MP028",
    "display" : "Mutual Federada 25 de Junio"
  },
  {
    "code" : "MP050",
    "display" : "Nobis"
  },
  {
    "code" : "OS007",
    "display" : "Obra Social Luis Pasteur (para el personal de dirección)"
  },
  {
    "code" : "OS011",
    "display" : "OBSBA (Obra Social de la Ciudad de Buenos Aires - para empleados del GCBA)"
  },
  {
    "code" : "MP005",
    "display" : "Omint"
  },
  {
    "code" : "MP030",
    "display" : "OPDEA"
  },
  {
    "code" : "OS012",
    "display" : "Oschoca (Obra Social de Choferes de Camiones)"
  },
  {
    "code" : "MP001",
    "display" : "OSDE"
  },
  {
    "code" : "OS008",
    "display" : "OSDEPYM (Obra Social de Empresarios, Profesionales y Monotributistas)"
  },
  {
    "code" : "OS025",
    "display" : "OSDIC (Obra Social de Directivos de Empresas Constructoras)"
  },
  {
    "code" : "MP027",
    "display" : "OSDIPP"
  },
  {
    "code" : "OS001",
    "display" : "OSECAC (Obra Social de los Empleados de Comercio y Actividades Civiles)"
  },
  {
    "code" : "OS013",
    "display" : "OSFE (Obra Social de Ferroviarios)"
  },
  {
    "code" : "OS038",
    "display" : "OSME (Obra Social de Metalúrgicos)"
  },
  {
    "code" : "OS036",
    "display" : "Osmédica (Obra Social de los Médicos)"
  },
  {
    "code" : "OS020",
    "display" : "Ospaca (Obra Social Automóvil Club Argentino)"
  },
  {
    "code" : "OS018",
    "display" : "Ospat (Obra Social del Personal del Turf y Afines)"
  },
  {
    "code" : "OS005",
    "display" : "OSPE (Obra Social del Personal de Entidades Deportivas y Civiles)"
  },
  {
    "code" : "OS024",
    "display" : "OSPELSYN (Obra Social del Personal de Luz y Fuerza)"
  },
  {
    "code" : "OS022",
    "display" : "OSPIA (Obra Social del Personal de la Industria Aceitera)"
  },
  {
    "code" : "OS041",
    "display" : "OSPIA (Obra Social del Personal de la Industria Aceitera)"
  },
  {
    "code" : "OS017",
    "display" : "Ospic (Obra Social del Personal de la Industria Cinematográfica)"
  },
  {
    "code" : "OS037",
    "display" : "OSPICHA (Obra Social de la Industria del Cuero y Afines)"
  },
  {
    "code" : "OS021",
    "display" : "Ospim (Obra Social de la Industria Maderera)"
  },
  {
    "code" : "OS014",
    "display" : "OSPIP (Obra Social del Personal de la Industria del Plástico)"
  },
  {
    "code" : "OS009",
    "display" : "OSPJN (Obra Social del Poder Judicial de la Nación)"
  },
  {
    "code" : "OS019",
    "display" : "OSPLAD (Obra Social para Docentes)"
  },
  {
    "code" : "OS039",
    "display" : "OSPLAD (Obra Social para Docentes)"
  },
  {
    "code" : "OS016",
    "display" : "OSPM (Obra Social del Personal Marítimo)"
  },
  {
    "code" : "OS003",
    "display" : "OSPRERA (Obra Social del Personal Rural y Estibadores de la República Argentina)"
  },
  {
    "code" : "OS015",
    "display" : "OSSEG (Obra Social del Personal de Seguros, Reaseguros, Capitalización y Ahorro y Préstamo)"
  },
  {
    "code" : "OS040",
    "display" : "OSSPRING (Obra Social del Personal de Seguridad)"
  },
  {
    "code" : "OS023",
    "display" : "OSTEP (Obra Social de Trabajadores de Estaciones de Servicio, Garajes y Playas de Estacionamiento)"
  },
  {
    "code" : "OS004",
    "display" : "OSUTHGRA (Obra Social de la Unión de Trabajadores del Turismo, Hoteleros y Gastronómicos de la República Argentina)"
  },
  {
    "code" : "MP051",
    "display" : "Parque Salud"
  },
  {
    "code" : "MP017",
    "display" : "Premedic"
  },
  {
    "code" : "MP008",
    "display" : "Prevención Salud"
  },
  {
    "code" : "MP052",
    "display" : "Sami Salud"
  },
  {
    "code" : "MP007",
    "display" : "Sancor Salud"
  },
  {
    "code" : "MP033",
    "display" : "Sistema Integrado de Prestadores de Salud (SIPS)"
  },
  {
    "code" : "MP018",
    "display" : "Staff Médico"
  },
  {
    "code" : "MP002",
    "display" : "Swiss Medical"
  },
  {
    "code" : "MP020",
    "display" : "UAI Salud"
  },
  {
    "code" : "OS002",
    "display" : "Unión Personal / Accord Salud (Obra Social de la Unión Personal Civil de la Nación - UPCN)"
  },
  {
    "code" : "OS006",
    "display" : "UOCRA (Obra Social de la Unión Obrera de la Construcción de la República Argentina)"
  },
  {
    "code" : "MP048",
    "display" : "William Hope"
  }]
}