{
  "resourceType" : "CodeSystem",
  "id" : "diagnosticos-codesystem",
  "text" : {
    "status" : "generated",
    "div" : "<div xmlns=\"http://www.w3.org/1999/xhtml\"><p class=\"res-header-id\"><b>Generated Narrative: CodeSystem diagnosticos-codesystem</b></p><a name=\"diagnosticos-codesystem\"> </a><a name=\"hcdiagnosticos-codesystem\"> </a><p>This case-sensitive code system <code>http://recuperocaba.gob.ar/CodeSystem/diagnosticos-codesystem</code> defines the following codes:</p><table class=\"codes\"><tr><td style=\"white-space:nowrap\"><b>Code</b></td><td><b>Display</b></td></tr><tr><td style=\"white-space:nowrap\">A000<a name=\"diagnosticos-codesystem-A000\"> </a></td><td>Colera debido a Vibrio cholerae 01, biotipo cholerae</td></tr><tr><td style=\"white-space:nowrap\">A001<a name=\"diagnosticos-codesystem-A001\"> </a></td><td>Colera debido a Vibrio cholerae 01, biotipo el Tor</td></tr><tr><td style=\"white-space:nowrap\">A009<a name=\"diagnosticos-codesystem-A009\"> </a></td><td>Colera, no especificado</td></tr><tr><td style=\"white-space:nowrap\">A010<a name=\"diagnosticos-codesystem-A010\"> </a></td><td>Fiebre tifoidea</td></tr><tr><td style=\"white-space:nowrap\">A011<a name=\"diagnosticos-codesystem-A011\"> </a></td><td>Fiebre paratifoidea A</td></tr><tr><td style=\"white-space:nowrap\">A012<a name=\"diagnosticos-codesystem-A012\"> </a></td><td>Fiebre paratifoidea B</td></tr><tr><td style=\"white-space:nowrap\">A013<a name=\"diagnosticos-codesystem-A013\"> </a></td><td>Fiebre paratifoidea C</td></tr><tr><td style=\"white-space:nowrap\">A014<a name=\"diagnosticos-codesystem-A014\"> </a></td><td>Fiebre paratifoidea, no especificada</td></tr><tr><td style=\"white-space:nowrap\">A020<a name=\"diagnosticos-codesystem-A020\"> </a></td><td>Enteritis debida a Salmonella</td></tr><tr><td style=\"white-space:nowrap\">A021<a name=\"diagnosticos-codesystem-A021\"> </a></td><td>Sepsis debida a Salmonella</td></tr><tr><td style=\"white-space:nowrap\">A022<a name=\"diagnosticos-codesystem-A022\"> </a></td><td>Infecciones localizadas debidas a Salmonella</td></tr><tr><td style=\"white-space:nowrap\">A028<a name=\"diagnosticos-codesystem-A028\"> </a></td><td>Otras infecciones especificadas como debidas a Salmonella</td></tr><tr><td style=\"white-space:nowrap\">A029<a name=\"diagnosticos-codesystem-A029\"> </a></td><td>Infeccion debida a Salmonella, no especificada</td></tr><tr><td style=\"white-space:nowrap\">A030<a name=\"diagnosticos-codesystem-A030\"> </a></td><td>Shigelosis debida a Shigella dysenteriae</td></tr><tr><td style=\"white-space:nowrap\">A031<a name=\"diagnosticos-codesystem-A031\"> </a></td><td>Shigelosis debida a Shigella flexneri</td></tr><tr><td style=\"white-space:nowrap\">A032<a name=\"diagnosticos-codesystem-A032\"> </a></td><td>Shigelosis debida a Shigella boydii</td></tr><tr><td style=\"white-space:nowrap\">A033<a name=\"diagnosticos-codesystem-A033\"> </a></td><td>Shigelosis debida a Shigella sonnei</td></tr><tr><td style=\"white-space:nowrap\">A038<a name=\"diagnosticos-codesystem-A038\"> </a></td><td>Otras shigelosis</td></tr><tr><td style=\"white-space:nowrap\">A039<a name=\"diagnosticos-codesystem-A039\"> </a></td><td>Shigelosis de tipo no especificado</td></tr><tr><td style=\"white-space:nowrap\">A040<a name=\"diagnosticos-codesystem-A040\"> </a></td><td>Infeccion debida a Escherichia coli enteropatogena</td></tr><tr><td style=\"white-space:nowrap\">A041<a name=\"diagnosticos-codesystem-A041\"> </a></td><td>Infeccion debida a Escherichia coli enterotoxigena</td></tr><tr><td style=\"white-space:nowrap\">A042<a name=\"diagnosticos-codesystem-A042\"> </a></td><td>Infeccion debida a Escherichia coli enteroinvasiva</td></tr><tr><td style=\"white-space:nowrap\">A043<a name=\"diagnosticos-codesystem-A043\"> </a></td><td>Infeccion debida a Escherichia coli enterohemorragica</td></tr><tr><td style=\"white-space:nowrap\">A044<a name=\"diagnosticos-codesystem-A044\"> </a></td><td>Otras infecciones intestinales debidas a Escherichia coli</td></tr><tr><td style=\"white-space:nowrap\">A045<a name=\"diagnosticos-codesystem-A045\"> </a></td><td>Enteritis debida a Campylobacter</td></tr><tr><td style=\"white-space:nowrap\">A046<a name=\"diagnosticos-codesystem-A046\"> </a></td><td>Enteritis debida a Yersinia enterocolitica</td></tr><tr><td style=\"white-space:nowrap\">A047<a name=\"diagnosticos-codesystem-A047\"> </a></td><td>Enterocolitis debida a Clostridium difficile</td></tr><tr><td style=\"white-space:nowrap\">A048<a name=\"diagnosticos-codesystem-A048\"> </a></td><td>Otras infecciones intestinales bacterianas especificadas</td></tr><tr><td style=\"white-space:nowrap\">A049<a name=\"diagnosticos-codesystem-A049\"> </a></td><td>Infeccion intestinal bacteriana, no especificada</td></tr><tr><td style=\"white-space:nowrap\">A050<a name=\"diagnosticos-codesystem-A050\"> </a></td><td>Intoxicacion alimentaria estafilococica</td></tr><tr><td style=\"white-space:nowrap\">A051<a name=\"diagnosticos-codesystem-A051\"> </a></td><td>Botulismo</td></tr><tr><td style=\"white-space:nowrap\">A052<a name=\"diagnosticos-codesystem-A052\"> </a></td><td>Intoxicacion alimentaria debida a Clostridium perfringens [Clostridium welchii]</td></tr><tr><td style=\"white-space:nowrap\">A053<a name=\"diagnosticos-codesystem-A053\"> </a></td><td>Intoxicacion alimentaria debida a Vibrio parahaemolyticus</td></tr><tr><td style=\"white-space:nowrap\">A054<a name=\"diagnosticos-codesystem-A054\"> </a></td><td>Intoxicacion alimentaria debida a Bacillus cereus</td></tr><tr><td style=\"white-space:nowrap\">A058<a name=\"diagnosticos-codesystem-A058\"> </a></td><td>Otras intoxicaciones alimentarias debidas a bacterias especificadas</td></tr><tr><td style=\"white-space:nowrap\">A059<a name=\"diagnosticos-codesystem-A059\"> </a></td><td>Intoxicacion alimentaria bacteriana, no especificada</td></tr><tr><td style=\"white-space:nowrap\">A060<a name=\"diagnosticos-codesystem-A060\"> </a></td><td>Disenteria amebiana aguda</td></tr><tr><td style=\"white-space:nowrap\">A061<a name=\"diagnosticos-codesystem-A061\"> </a></td><td>Amebiasis intestinal cronica</td></tr><tr><td style=\"white-space:nowrap\">A062<a name=\"diagnosticos-codesystem-A062\"> </a></td><td>Colitis amebiana no disenterica</td></tr><tr><td style=\"white-space:nowrap\">A063<a name=\"diagnosticos-codesystem-A063\"> </a></td><td>Ameboma intestinal</td></tr><tr><td style=\"white-space:nowrap\">A064<a name=\"diagnosticos-codesystem-A064\"> </a></td><td>Absceso amebiano del higado</td></tr><tr><td style=\"white-space:nowrap\">A065<a name=\"diagnosticos-codesystem-A065\"> </a></td><td>Absceso amebiano del pulmon</td></tr><tr><td style=\"white-space:nowrap\">A066<a name=\"diagnosticos-codesystem-A066\"> </a></td><td>Absceso amebiano del cerebro</td></tr><tr><td style=\"white-space:nowrap\">A067<a name=\"diagnosticos-codesystem-A067\"> </a></td><td>Amebiasis cutanea</td></tr><tr><td style=\"white-space:nowrap\">A068<a name=\"diagnosticos-codesystem-A068\"> </a></td><td>Infeccion amebiana de otras localizaciones</td></tr><tr><td style=\"white-space:nowrap\">A069<a name=\"diagnosticos-codesystem-A069\"> </a></td><td>Amebiasis, no especificada</td></tr><tr><td style=\"white-space:nowrap\">A070<a name=\"diagnosticos-codesystem-A070\"> </a></td><td>Balantidiasis</td></tr><tr><td style=\"white-space:nowrap\">A071<a name=\"diagnosticos-codesystem-A071\"> </a></td><td>Giardiasis [lambliasis]</td></tr><tr><td style=\"white-space:nowrap\">A072<a name=\"diagnosticos-codesystem-A072\"> </a></td><td>Criptosporidiosis</td></tr><tr><td style=\"white-space:nowrap\">A073<a name=\"diagnosticos-codesystem-A073\"> </a></td><td>Isosporiasis</td></tr><tr><td style=\"white-space:nowrap\">A078<a name=\"diagnosticos-codesystem-A078\"> </a></td><td>Otras enfermedades intestinales especificadas debidas a protozoarios</td></tr><tr><td style=\"white-space:nowrap\">A079<a name=\"diagnosticos-codesystem-A079\"> </a></td><td>Enfermedad intestinal debida a protozoarios, no especificada</td></tr><tr><td style=\"white-space:nowrap\">A080<a name=\"diagnosticos-codesystem-A080\"> </a></td><td>Enteritis debida a rotavirus</td></tr><tr><td style=\"white-space:nowrap\">A081<a name=\"diagnosticos-codesystem-A081\"> </a></td><td>Gastroenteropatia aguda debida al agente de Norwalk</td></tr><tr><td style=\"white-space:nowrap\">A082<a name=\"diagnosticos-codesystem-A082\"> </a></td><td>Enteritis debida a adenovirus</td></tr><tr><td style=\"white-space:nowrap\">A083<a name=\"diagnosticos-codesystem-A083\"> </a></td><td>Otras enteritis virales</td></tr><tr><td style=\"white-space:nowrap\">A084<a name=\"diagnosticos-codesystem-A084\"> </a></td><td>Infeccion intestinal viral, sin otra especificacion</td></tr><tr><td style=\"white-space:nowrap\">A085<a name=\"diagnosticos-codesystem-A085\"> </a></td><td>Otras infecciones intestinales especificadas</td></tr><tr><td style=\"white-space:nowrap\">A090<a name=\"diagnosticos-codesystem-A090\"> </a></td><td>Otras gastroenteritis y colitis de origen infeccioso</td></tr><tr><td style=\"white-space:nowrap\">A099<a name=\"diagnosticos-codesystem-A099\"> </a></td><td>Gastroenteritis y colitis de origen no especificado</td></tr><tr><td style=\"white-space:nowrap\">A09X<a name=\"diagnosticos-codesystem-A09X\"> </a></td><td>Diarrea y gastroenteritis de presunto origen infeccioso</td></tr><tr><td style=\"white-space:nowrap\">A150<a name=\"diagnosticos-codesystem-A150\"> </a></td><td>Tuberculosis del pulmon, confirmada por hallazgo microscopico del bacilo tuberculoso en esputo, con o sin cultivo</td></tr><tr><td style=\"white-space:nowrap\">A151<a name=\"diagnosticos-codesystem-A151\"> </a></td><td>Tuberculosis del pulmon, confirmada unicamente por cultivo</td></tr><tr><td style=\"white-space:nowrap\">A152<a name=\"diagnosticos-codesystem-A152\"> </a></td><td>Tuberculosis del pulmon, confirmada histologicamente</td></tr><tr><td style=\"white-space:nowrap\">A153<a name=\"diagnosticos-codesystem-A153\"> </a></td><td>Tuberculosis del pulmon, confirmada por medios no especificados</td></tr><tr><td style=\"white-space:nowrap\">A154<a name=\"diagnosticos-codesystem-A154\"> </a></td><td>Tuberculosis de ganglios linfaticos intratoracicos, confirmada bacteriologica e histologicamente</td></tr><tr><td style=\"white-space:nowrap\">A155<a name=\"diagnosticos-codesystem-A155\"> </a></td><td>Tuberculosis de laringe, traquea y bronquios, confirmada bacteriologica e histologicamente</td></tr><tr><td style=\"white-space:nowrap\">A156<a name=\"diagnosticos-codesystem-A156\"> </a></td><td>Pleuresia tuberculosa, confirmada bacteriologica e histologicamente</td></tr><tr><td style=\"white-space:nowrap\">A157<a name=\"diagnosticos-codesystem-A157\"> </a></td><td>Tuberculosis respiratoria primaria, confirmada bacteriologica e histologicamente</td></tr><tr><td style=\"white-space:nowrap\">A158<a name=\"diagnosticos-codesystem-A158\"> </a></td><td>Otras tuberculosis respiratorias, confirmadas bacteriologica e histologicamente</td></tr><tr><td style=\"white-space:nowrap\">A159<a name=\"diagnosticos-codesystem-A159\"> </a></td><td>Tuberculosis respiratoria no especificada, confirmada bacteriologica e histologicamente</td></tr><tr><td style=\"white-space:nowrap\">A160<a name=\"diagnosticos-codesystem-A160\"> </a></td><td>Tuberculosis del pulmon, con examen bacteriologico e histologico negativos</td></tr><tr><td style=\"white-space:nowrap\">A161<a name=\"diagnosticos-codesystem-A161\"> </a></td><td>Tuberculosis de pulmon, sin examen bacteriologico e histologico</td></tr><tr><td style=\"white-space:nowrap\">A162<a name=\"diagnosticos-codesystem-A162\"> </a></td><td>Tuberculosis de pulmon, sin mencion de confirmacion bacteriologica o histologica</td></tr><tr><td style=\"white-space:nowrap\">A163<a name=\"diagnosticos-codesystem-A163\"> </a></td><td>Tuberculosis de ganglios linfaticos intratoracicos, sin mencion de confirmacion bacteriologica o histologica</td></tr><tr><td style=\"white-space:nowrap\">A164<a name=\"diagnosticos-codesystem-A164\"> </a></td><td>Tuberculosis de laringe, traquea y bronquios, sin mencion de confirmacion bacteriologica o histologica</td></tr><tr><td style=\"white-space:nowrap\">A165<a name=\"diagnosticos-codesystem-A165\"> </a></td><td>Pleuresia tuberculosa, sin mencion de confirmacion bacteriologica o histologica</td></tr><tr><td style=\"white-space:nowrap\">A167<a name=\"diagnosticos-codesystem-A167\"> </a></td><td>Tuberculosis respiratoria primaria, sin mencion de confirmacion bacteriologica o histologica</td></tr><tr><td style=\"white-space:nowrap\">A168<a name=\"diagnosticos-codesystem-A168\"> </a></td><td>Otras tuberculosis respiratorias, sin mencion de confirmacion</td></tr><tr><td style=\"white-space:nowrap\">A169<a name=\"diagnosticos-codesystem-A169\"> </a></td><td>Tuberculosis respiratoria no especificada, sin mencion de confirmacion bacteriologica o histologica</td></tr><tr><td style=\"white-space:nowrap\">A170<a name=\"diagnosticos-codesystem-A170\"> </a></td><td>Meningitis tuberculosa</td></tr><tr><td style=\"white-space:nowrap\">A171<a name=\"diagnosticos-codesystem-A171\"> </a></td><td>Tuberculoma meningeo</td></tr><tr><td style=\"white-space:nowrap\">A178<a name=\"diagnosticos-codesystem-A178\"> </a></td><td>Otras tuberculosis del sistema nervioso</td></tr><tr><td style=\"white-space:nowrap\">A179<a name=\"diagnosticos-codesystem-A179\"> </a></td><td>Tuberculosis del sistema nervioso, no especificada</td></tr><tr><td style=\"white-space:nowrap\">A180<a name=\"diagnosticos-codesystem-A180\"> </a></td><td>Tuberculosis de huesos y articulaciones</td></tr><tr><td style=\"white-space:nowrap\">A181<a name=\"diagnosticos-codesystem-A181\"> </a></td><td>Tuberculosis del aparato genitourinario</td></tr><tr><td style=\"white-space:nowrap\">A182<a name=\"diagnosticos-codesystem-A182\"> </a></td><td>Linfadenopatia periferica tuberculosa</td></tr><tr><td style=\"white-space:nowrap\">A183<a name=\"diagnosticos-codesystem-A183\"> </a></td><td>Tuberculosis de los intestinos, el peritoneo y los ganglios mesentericos</td></tr><tr><td style=\"white-space:nowrap\">A184<a name=\"diagnosticos-codesystem-A184\"> </a></td><td>Tuberculosis de la piel y el tejido subcutaneo</td></tr><tr><td style=\"white-space:nowrap\">A185<a name=\"diagnosticos-codesystem-A185\"> </a></td><td>Tuberculosis del ojo</td></tr><tr><td style=\"white-space:nowrap\">A186<a name=\"diagnosticos-codesystem-A186\"> </a></td><td>Tuberculosis del oido</td></tr><tr><td style=\"white-space:nowrap\">A187<a name=\"diagnosticos-codesystem-A187\"> </a></td><td>Tuberculosis de glandulas suprarrenales</td></tr><tr><td style=\"white-space:nowrap\">A188<a name=\"diagnosticos-codesystem-A188\"> </a></td><td>Tuberculosis de otros organos especificados</td></tr><tr><td style=\"white-space:nowrap\">A190<a name=\"diagnosticos-codesystem-A190\"> </a></td><td>Tuberculosis miliar aguda de un solo sitio especificado</td></tr><tr><td style=\"white-space:nowrap\">A191<a name=\"diagnosticos-codesystem-A191\"> </a></td><td>Tuberculosis miliar aguda de sitios multiples</td></tr><tr><td style=\"white-space:nowrap\">A192<a name=\"diagnosticos-codesystem-A192\"> </a></td><td>Tuberculosis miliar aguda, no especificada</td></tr><tr><td style=\"white-space:nowrap\">A198<a name=\"diagnosticos-codesystem-A198\"> </a></td><td>Otras tuberculosis miliares</td></tr><tr><td style=\"white-space:nowrap\">A199<a name=\"diagnosticos-codesystem-A199\"> </a></td><td>Tuberculosis miliar, sin otra especificacion</td></tr><tr><td style=\"white-space:nowrap\">A200<a name=\"diagnosticos-codesystem-A200\"> </a></td><td>Peste bubonica</td></tr><tr><td style=\"white-space:nowrap\">A201<a name=\"diagnosticos-codesystem-A201\"> </a></td><td>Peste celulocutanea</td></tr><tr><td style=\"white-space:nowrap\">A202<a name=\"diagnosticos-codesystem-A202\"> </a></td><td>Peste neumonica</td></tr><tr><td style=\"white-space:nowrap\">A203<a name=\"diagnosticos-codesystem-A203\"> </a></td><td>Meningitis por peste</td></tr><tr><td style=\"white-space:nowrap\">A207<a name=\"diagnosticos-codesystem-A207\"> </a></td><td>Peste septicemica</td></tr><tr><td style=\"white-space:nowrap\">A208<a name=\"diagnosticos-codesystem-A208\"> </a></td><td>Otras formas de peste</td></tr><tr><td style=\"white-space:nowrap\">A209<a name=\"diagnosticos-codesystem-A209\"> </a></td><td>Peste, no especificada</td></tr><tr><td style=\"white-space:nowrap\">A210<a name=\"diagnosticos-codesystem-A210\"> </a></td><td>Tularemia ulceroglandular</td></tr><tr><td style=\"white-space:nowrap\">A211<a name=\"diagnosticos-codesystem-A211\"> </a></td><td>Tularemia oculoglandular</td></tr><tr><td style=\"white-space:nowrap\">A212<a name=\"diagnosticos-codesystem-A212\"> </a></td><td>Tularemia pulmonar</td></tr><tr><td style=\"white-space:nowrap\">A213<a name=\"diagnosticos-codesystem-A213\"> </a></td><td>Tularemia gastrointestinal</td></tr><tr><td style=\"white-space:nowrap\">B000<a name=\"diagnosticos-codesystem-B000\"> </a></td><td>Eczema herpetico</td></tr><tr><td style=\"white-space:nowrap\">B001<a name=\"diagnosticos-codesystem-B001\"> </a></td><td>Dermatitis vesicular herpetica</td></tr><tr><td style=\"white-space:nowrap\">B002<a name=\"diagnosticos-codesystem-B002\"> </a></td><td>Gingivoestomatitis y faringoamigdalitis herpetica</td></tr><tr><td style=\"white-space:nowrap\">B003<a name=\"diagnosticos-codesystem-B003\"> </a></td><td>Meningitis herpetica</td></tr><tr><td style=\"white-space:nowrap\">B004<a name=\"diagnosticos-codesystem-B004\"> </a></td><td>Encefalitis herpetica</td></tr><tr><td style=\"white-space:nowrap\">B005<a name=\"diagnosticos-codesystem-B005\"> </a></td><td>Oculopatia herpetica</td></tr><tr><td style=\"white-space:nowrap\">B007<a name=\"diagnosticos-codesystem-B007\"> </a></td><td>Enfermedad herpetica diseminada</td></tr><tr><td style=\"white-space:nowrap\">B008<a name=\"diagnosticos-codesystem-B008\"> </a></td><td>Otras formas de infecciones herpeticas</td></tr><tr><td style=\"white-space:nowrap\">B009<a name=\"diagnosticos-codesystem-B009\"> </a></td><td>Infeccion debida al virus del herpes, no especificada</td></tr><tr><td style=\"white-space:nowrap\">B010<a name=\"diagnosticos-codesystem-B010\"> </a></td><td>Meningitis debida a varicela</td></tr><tr><td style=\"white-space:nowrap\">B011<a name=\"diagnosticos-codesystem-B011\"> </a></td><td>Encefalitis debida a varicela</td></tr><tr><td style=\"white-space:nowrap\">B012<a name=\"diagnosticos-codesystem-B012\"> </a></td><td>Neumonia debida a varicela</td></tr><tr><td style=\"white-space:nowrap\">B018<a name=\"diagnosticos-codesystem-B018\"> </a></td><td>Varicela con otras complicaciones</td></tr><tr><td style=\"white-space:nowrap\">B019<a name=\"diagnosticos-codesystem-B019\"> </a></td><td>Varicela sin complicaciones</td></tr><tr><td style=\"white-space:nowrap\">B020<a name=\"diagnosticos-codesystem-B020\"> </a></td><td>Encefalitis debida a herpes zoster</td></tr><tr><td style=\"white-space:nowrap\">B021<a name=\"diagnosticos-codesystem-B021\"> </a></td><td>Meningitis debida a herpes zoster</td></tr><tr><td style=\"white-space:nowrap\">B022<a name=\"diagnosticos-codesystem-B022\"> </a></td><td>Herpes zoster con otros compromisos del sistema nervioso</td></tr><tr><td style=\"white-space:nowrap\">B023<a name=\"diagnosticos-codesystem-B023\"> </a></td><td>Herpes zoster ocular</td></tr><tr><td style=\"white-space:nowrap\">B027<a name=\"diagnosticos-codesystem-B027\"> </a></td><td>Herpes zoster diseminado</td></tr><tr><td style=\"white-space:nowrap\">B028<a name=\"diagnosticos-codesystem-B028\"> </a></td><td>Herpes zoster con otras complicaciones</td></tr><tr><td style=\"white-space:nowrap\">B029<a name=\"diagnosticos-codesystem-B029\"> </a></td><td>Herpes zoster sin complicaciones</td></tr><tr><td style=\"white-space:nowrap\">B03X<a name=\"diagnosticos-codesystem-B03X\"> </a></td><td>Viruela</td></tr><tr><td style=\"white-space:nowrap\">B04X<a name=\"diagnosticos-codesystem-B04X\"> </a></td><td>Viruela de los monos</td></tr><tr><td style=\"white-space:nowrap\">B050<a name=\"diagnosticos-codesystem-B050\"> </a></td><td>Sarampion complicado con encefalitis</td></tr><tr><td style=\"white-space:nowrap\">B051<a name=\"diagnosticos-codesystem-B051\"> </a></td><td>Sarampion complicado con meningitis</td></tr><tr><td style=\"white-space:nowrap\">B052<a name=\"diagnosticos-codesystem-B052\"> </a></td><td>Sarampion complicado con neumonia</td></tr><tr><td style=\"white-space:nowrap\">B053<a name=\"diagnosticos-codesystem-B053\"> </a></td><td>Sarampion complicado con otitis media</td></tr><tr><td style=\"white-space:nowrap\">B054<a name=\"diagnosticos-codesystem-B054\"> </a></td><td>Sarampion con complicaciones intestinales</td></tr><tr><td style=\"white-space:nowrap\">B058<a name=\"diagnosticos-codesystem-B058\"> </a></td><td>Sarampion con otras complicaciones</td></tr><tr><td style=\"white-space:nowrap\">B059<a name=\"diagnosticos-codesystem-B059\"> </a></td><td>Sarampion sin complicaciones</td></tr><tr><td style=\"white-space:nowrap\">B060<a name=\"diagnosticos-codesystem-B060\"> </a></td><td>Rubeola con complicaciones neurologicas</td></tr><tr><td style=\"white-space:nowrap\">B068<a name=\"diagnosticos-codesystem-B068\"> </a></td><td>Rubeola con otras complicaciones</td></tr><tr><td style=\"white-space:nowrap\">B069<a name=\"diagnosticos-codesystem-B069\"> </a></td><td>Rubeola sin complicaciones</td></tr><tr><td style=\"white-space:nowrap\">B07X<a name=\"diagnosticos-codesystem-B07X\"> </a></td><td>Verrugas viricas</td></tr><tr><td style=\"white-space:nowrap\">B080<a name=\"diagnosticos-codesystem-B080\"> </a></td><td>Otras infecciones debidas a ortopoxvirus</td></tr><tr><td style=\"white-space:nowrap\">B081<a name=\"diagnosticos-codesystem-B081\"> </a></td><td>Molusco contagioso</td></tr><tr><td style=\"white-space:nowrap\">B082<a name=\"diagnosticos-codesystem-B082\"> </a></td><td>Exantema subito [sexta enfermedad]</td></tr><tr><td style=\"white-space:nowrap\">B083<a name=\"diagnosticos-codesystem-B083\"> </a></td><td>Eritema infeccioso [quinta enfermedad]</td></tr><tr><td style=\"white-space:nowrap\">B084<a name=\"diagnosticos-codesystem-B084\"> </a></td><td>Estomatitis vesicular enteroviral con exantema</td></tr><tr><td style=\"white-space:nowrap\">B085<a name=\"diagnosticos-codesystem-B085\"> </a></td><td>Faringitis vesicular enterovirica</td></tr><tr><td style=\"white-space:nowrap\">B088<a name=\"diagnosticos-codesystem-B088\"> </a></td><td>Otras infecciones virales especificadas, caracterizadas por lesiones de la piel y de las membranas mucosas</td></tr><tr><td style=\"white-space:nowrap\">B09X<a name=\"diagnosticos-codesystem-B09X\"> </a></td><td>Infeccion viral no especificada, caracterizada por lesiones de la piel y de las membranas mucosas</td></tr><tr><td style=\"white-space:nowrap\">B150<a name=\"diagnosticos-codesystem-B150\"> </a></td><td>Hepatitis aguda tipo A, con coma hepatico</td></tr><tr><td style=\"white-space:nowrap\">B159<a name=\"diagnosticos-codesystem-B159\"> </a></td><td>Hepatitis aguda tipo A, sin coma hepatico</td></tr><tr><td style=\"white-space:nowrap\">B160<a name=\"diagnosticos-codesystem-B160\"> </a></td><td>Hepatitis aguda tipo B, con agente delta (coinfeccion), con coma hepatico</td></tr><tr><td style=\"white-space:nowrap\">B161<a name=\"diagnosticos-codesystem-B161\"> </a></td><td>Hepatitis aguda tipo B, con agente delta (coinfeccion), sin coma hepatico</td></tr><tr><td style=\"white-space:nowrap\">B162<a name=\"diagnosticos-codesystem-B162\"> </a></td><td>Hepatitis aguda tipo B, sin agente delta, con coma hepatico</td></tr><tr><td style=\"white-space:nowrap\">B99X<a name=\"diagnosticos-codesystem-B99X\"> </a></td><td>Otras enfermedades infecciosas y las no especificadas</td></tr><tr><td style=\"white-space:nowrap\">C000<a name=\"diagnosticos-codesystem-C000\"> </a></td><td>Tumor maligno del labio superior, cara externa</td></tr><tr><td style=\"white-space:nowrap\">C001<a name=\"diagnosticos-codesystem-C001\"> </a></td><td>Tumor maligno del labio inferior, cara externa</td></tr><tr><td style=\"white-space:nowrap\">C002<a name=\"diagnosticos-codesystem-C002\"> </a></td><td>Tumor maligno del labio, cara externa, sin otra especificacion</td></tr><tr><td style=\"white-space:nowrap\">C003<a name=\"diagnosticos-codesystem-C003\"> </a></td><td>Tumor maligno del labio superior, cara interna</td></tr><tr><td style=\"white-space:nowrap\">C004<a name=\"diagnosticos-codesystem-C004\"> </a></td><td>Tumor maligno del labio inferior, cara interna</td></tr><tr><td style=\"white-space:nowrap\">C005<a name=\"diagnosticos-codesystem-C005\"> </a></td><td>Tumor maligno del labio, cara interna, sin otra especificacion</td></tr><tr><td style=\"white-space:nowrap\">C006<a name=\"diagnosticos-codesystem-C006\"> </a></td><td>Tumor maligno de la comisura labial</td></tr><tr><td style=\"white-space:nowrap\">C008<a name=\"diagnosticos-codesystem-C008\"> </a></td><td>Lesion de sitios contiguos del labio</td></tr><tr><td style=\"white-space:nowrap\">C009<a name=\"diagnosticos-codesystem-C009\"> </a></td><td>Tumor maligno del labio, parte no especificada</td></tr><tr><td style=\"white-space:nowrap\">C01X<a name=\"diagnosticos-codesystem-C01X\"> </a></td><td>Tumor maligno de la base de la lengua</td></tr><tr><td style=\"white-space:nowrap\">C020<a name=\"diagnosticos-codesystem-C020\"> </a></td><td>Tumor maligno de la cara dorsal de la lengua</td></tr><tr><td style=\"white-space:nowrap\">C021<a name=\"diagnosticos-codesystem-C021\"> </a></td><td>Tumor maligno del borde de la lengua</td></tr><tr><td style=\"white-space:nowrap\">C022<a name=\"diagnosticos-codesystem-C022\"> </a></td><td>Tumor maligno de la cara ventral de la lengua</td></tr><tr><td style=\"white-space:nowrap\">C023<a name=\"diagnosticos-codesystem-C023\"> </a></td><td>Tumor maligno de los dos tercios anteriores de la lengua, parte no especificada</td></tr><tr><td style=\"white-space:nowrap\">C024<a name=\"diagnosticos-codesystem-C024\"> </a></td><td>Tumor maligno de la amigdala lingual</td></tr><tr><td style=\"white-space:nowrap\">C028<a name=\"diagnosticos-codesystem-C028\"> </a></td><td>Lesion de sitios contiguos de la lengua</td></tr><tr><td style=\"white-space:nowrap\">C029<a name=\"diagnosticos-codesystem-C029\"> </a></td><td>Tumor maligno de la lengua, parte no especificada</td></tr><tr><td style=\"white-space:nowrap\">C030<a name=\"diagnosticos-codesystem-C030\"> </a></td><td>Tumor maligno de la encia superior</td></tr><tr><td style=\"white-space:nowrap\">C031<a name=\"diagnosticos-codesystem-C031\"> </a></td><td>Tumor maligno de la encia inferior</td></tr><tr><td style=\"white-space:nowrap\">C039<a name=\"diagnosticos-codesystem-C039\"> </a></td><td>Tumor maligno de la encia, parte no especificada</td></tr><tr><td style=\"white-space:nowrap\">C040<a name=\"diagnosticos-codesystem-C040\"> </a></td><td>Tumor maligno de la parte anterior del piso de la boca</td></tr><tr><td style=\"white-space:nowrap\">C041<a name=\"diagnosticos-codesystem-C041\"> </a></td><td>Tumor maligno de la parte lateral del piso de la boca</td></tr><tr><td style=\"white-space:nowrap\">C048<a name=\"diagnosticos-codesystem-C048\"> </a></td><td>Lesion de sitios contiguos del piso de la boca</td></tr><tr><td style=\"white-space:nowrap\">C049<a name=\"diagnosticos-codesystem-C049\"> </a></td><td>Tumor maligno del piso de la boca, parte no especificada</td></tr><tr><td style=\"white-space:nowrap\">C050<a name=\"diagnosticos-codesystem-C050\"> </a></td><td>Tumor maligno del paladar duro</td></tr><tr><td style=\"white-space:nowrap\">C97X<a name=\"diagnosticos-codesystem-C97X\"> </a></td><td>Tumores malignos (primarios) de sitios multiples independientes</td></tr><tr><td style=\"white-space:nowrap\">D000<a name=\"diagnosticos-codesystem-D000\"> </a></td><td>Carcinoma in situ del labio, de la cavidad bucal y de la faringe</td></tr><tr><td style=\"white-space:nowrap\">D001<a name=\"diagnosticos-codesystem-D001\"> </a></td><td>Carcinoma in situ del esofago</td></tr><tr><td style=\"white-space:nowrap\">D002<a name=\"diagnosticos-codesystem-D002\"> </a></td><td>Carcinoma in situ del estomago</td></tr><tr><td style=\"white-space:nowrap\">D010<a name=\"diagnosticos-codesystem-D010\"> </a></td><td>Carcinoma in situ del colon</td></tr><tr><td style=\"white-space:nowrap\">D011<a name=\"diagnosticos-codesystem-D011\"> </a></td><td>Carcinoma in situ de la union rectosigmoidea</td></tr><tr><td style=\"white-space:nowrap\">D012<a name=\"diagnosticos-codesystem-D012\"> </a></td><td>Carcinoma in situ del recto</td></tr><tr><td style=\"white-space:nowrap\">D013<a name=\"diagnosticos-codesystem-D013\"> </a></td><td>Carcinoma in situ del ano y del conducto anal</td></tr><tr><td style=\"white-space:nowrap\">D014<a name=\"diagnosticos-codesystem-D014\"> </a></td><td>Carcinoma in situ de otras partes y de las no especificadas del intestino</td></tr><tr><td style=\"white-space:nowrap\">D015<a name=\"diagnosticos-codesystem-D015\"> </a></td><td>Carcinoma in situ del higado, de la vesicula biliar y del conducto biliar</td></tr><tr><td style=\"white-space:nowrap\">D017<a name=\"diagnosticos-codesystem-D017\"> </a></td><td>Carcinoma in situ de otras partes especificadas de organos digestivos</td></tr><tr><td style=\"white-space:nowrap\">D019<a name=\"diagnosticos-codesystem-D019\"> </a></td><td>Carcinoma in situ de organos digestivos no especificados</td></tr><tr><td style=\"white-space:nowrap\">D020<a name=\"diagnosticos-codesystem-D020\"> </a></td><td>Carcinoma in situ de la laringe</td></tr><tr><td style=\"white-space:nowrap\">D021<a name=\"diagnosticos-codesystem-D021\"> </a></td><td>Carcinoma in situ de la traquea</td></tr><tr><td style=\"white-space:nowrap\">D022<a name=\"diagnosticos-codesystem-D022\"> </a></td><td>Carcinoma in situ del bronquio y del pulmon</td></tr><tr><td style=\"white-space:nowrap\">D023<a name=\"diagnosticos-codesystem-D023\"> </a></td><td>Carcinoma in situ de otras partes del sistema respiratorio</td></tr><tr><td style=\"white-space:nowrap\">D024<a name=\"diagnosticos-codesystem-D024\"> </a></td><td>Carcinoma in situ de organos respiratorios no especificados</td></tr><tr><td style=\"white-space:nowrap\">D030<a name=\"diagnosticos-codesystem-D030\"> </a></td><td>Melanoma in situ del labio</td></tr><tr><td style=\"white-space:nowrap\">D031<a name=\"diagnosticos-codesystem-D031\"> </a></td><td>Melanoma in situ del parpado y de la comisura palpebral</td></tr><tr><td style=\"white-space:nowrap\">D032<a name=\"diagnosticos-codesystem-D032\"> </a></td><td>Melanoma in situ de la oreja y del conducto auditivo externo</td></tr><tr><td style=\"white-space:nowrap\">D033<a name=\"diagnosticos-codesystem-D033\"> </a></td><td>Melanoma in situ de otras partes y de las no especificadas de la cara</td></tr><tr><td style=\"white-space:nowrap\">D034<a name=\"diagnosticos-codesystem-D034\"> </a></td><td>Melanoma in situ del cuero cabelludo y del cuello</td></tr><tr><td style=\"white-space:nowrap\">D035<a name=\"diagnosticos-codesystem-D035\"> </a></td><td>Melanoma in situ del tronco</td></tr><tr><td style=\"white-space:nowrap\">D036<a name=\"diagnosticos-codesystem-D036\"> </a></td><td>Melanoma in situ del miembro superior, incluido el hombro</td></tr><tr><td style=\"white-space:nowrap\">D037<a name=\"diagnosticos-codesystem-D037\"> </a></td><td>Melanoma in situ del miembro inferior, incluida la cadera</td></tr><tr><td style=\"white-space:nowrap\">D038<a name=\"diagnosticos-codesystem-D038\"> </a></td><td>Melanoma in situ de otros sitios</td></tr><tr><td style=\"white-space:nowrap\">D039<a name=\"diagnosticos-codesystem-D039\"> </a></td><td>Melanoma in situ, sitio no especificado</td></tr><tr><td style=\"white-space:nowrap\">D040<a name=\"diagnosticos-codesystem-D040\"> </a></td><td>Carcinoma in situ de la piel del labio</td></tr><tr><td style=\"white-space:nowrap\">D041<a name=\"diagnosticos-codesystem-D041\"> </a></td><td>Carcinoma in situ de la piel del parpado y de la comisura palpebral</td></tr><tr><td style=\"white-space:nowrap\">D042<a name=\"diagnosticos-codesystem-D042\"> </a></td><td>Carcinoma in situ de la piel de la oreja y del conducto auditivo externo</td></tr><tr><td style=\"white-space:nowrap\">D043<a name=\"diagnosticos-codesystem-D043\"> </a></td><td>Carcinoma in situ de la piel de otras partes y de las no especificadas de la cara</td></tr><tr><td style=\"white-space:nowrap\">D044<a name=\"diagnosticos-codesystem-D044\"> </a></td><td>Carcinoma in situ de la piel del cuero cabelludo y cuello</td></tr><tr><td style=\"white-space:nowrap\">D045<a name=\"diagnosticos-codesystem-D045\"> </a></td><td>Carcinoma in situ de la piel del tronco</td></tr><tr><td style=\"white-space:nowrap\">D046<a name=\"diagnosticos-codesystem-D046\"> </a></td><td>Carcinoma in situ de la piel del miembro superior, incluido el hombro</td></tr><tr><td style=\"white-space:nowrap\">D047<a name=\"diagnosticos-codesystem-D047\"> </a></td><td>Carcinoma in situ de la piel del miembro inferior, incluida la cadera</td></tr><tr><td style=\"white-space:nowrap\">D048<a name=\"diagnosticos-codesystem-D048\"> </a></td><td>Carcinoma in situ de la piel de otros sitios especificados</td></tr><tr><td style=\"white-space:nowrap\">D049<a name=\"diagnosticos-codesystem-D049\"> </a></td><td>Carcinoma in situ de la piel, sitio no especificado</td></tr><tr><td style=\"white-space:nowrap\">D898<a name=\"diagnosticos-codesystem-D898\"> </a></td><td>Otros trastornos especificados que afectan el mecanismo de la inmunidad, no clasificados en otra parte</td></tr><tr><td style=\"white-space:nowrap\">D899<a name=\"diagnosticos-codesystem-D899\"> </a></td><td>Trastorno que afecta al mecanismo de la inmunidad, no especificado</td></tr><tr><td style=\"white-space:nowrap\">E000<a name=\"diagnosticos-codesystem-E000\"> </a></td><td>Sindrome congenito de deficiencia de yodo, tipo neurologico</td></tr><tr><td style=\"white-space:nowrap\">E001<a name=\"diagnosticos-codesystem-E001\"> </a></td><td>Sindrome de deficiencia congenita de yodo, tipo mixedematoso</td></tr><tr><td style=\"white-space:nowrap\">E002<a name=\"diagnosticos-codesystem-E002\"> </a></td><td>Sindrome congenito de deficiencia de yodo, tipo mixto</td></tr><tr><td style=\"white-space:nowrap\">E009<a name=\"diagnosticos-codesystem-E009\"> </a></td><td>Sindrome congenito de deficiencia de yodo, no especificado</td></tr><tr><td style=\"white-space:nowrap\">E010<a name=\"diagnosticos-codesystem-E010\"> </a></td><td>Bocio difuso (endemico) relacionado con deficiencia de yodo</td></tr><tr><td style=\"white-space:nowrap\">E011<a name=\"diagnosticos-codesystem-E011\"> </a></td><td>Bocio multinodular (endemico) relacionado con deficiencia de yodo</td></tr><tr><td style=\"white-space:nowrap\">E012<a name=\"diagnosticos-codesystem-E012\"> </a></td><td>Bocio (endemico) relacionado con deficiencia de yodo, no especificado</td></tr><tr><td style=\"white-space:nowrap\">E018<a name=\"diagnosticos-codesystem-E018\"> </a></td><td>Otros trastornos de la tiroides relacionados con deficiencia de yodo y afecciones similares</td></tr><tr><td style=\"white-space:nowrap\">E02X<a name=\"diagnosticos-codesystem-E02X\"> </a></td><td>Hipotiroidismo subclinico por deficiencia de yodo</td></tr><tr><td style=\"white-space:nowrap\">E030<a name=\"diagnosticos-codesystem-E030\"> </a></td><td>Hipotiroidismo congenito con bocio difuso</td></tr><tr><td style=\"white-space:nowrap\">E031<a name=\"diagnosticos-codesystem-E031\"> </a></td><td>Hipotiroidismo congenito sin bocio</td></tr><tr><td style=\"white-space:nowrap\">E032<a name=\"diagnosticos-codesystem-E032\"> </a></td><td>Hipotiroidismo debido a medicamentos y a otras sustancias exogenas</td></tr><tr><td style=\"white-space:nowrap\">E033<a name=\"diagnosticos-codesystem-E033\"> </a></td><td>Hipotiroidismo postinfeccioso</td></tr><tr><td style=\"white-space:nowrap\">E034<a name=\"diagnosticos-codesystem-E034\"> </a></td><td>Atrofia de tiroides (adquirida)</td></tr><tr><td style=\"white-space:nowrap\">E035<a name=\"diagnosticos-codesystem-E035\"> </a></td><td>Coma mixedematoso</td></tr><tr><td style=\"white-space:nowrap\">E038<a name=\"diagnosticos-codesystem-E038\"> </a></td><td>Otros hipotiroidismos especificados</td></tr><tr><td style=\"white-space:nowrap\">E039<a name=\"diagnosticos-codesystem-E039\"> </a></td><td>Hipotiroidismo, no especificado</td></tr><tr><td style=\"white-space:nowrap\">E040<a name=\"diagnosticos-codesystem-E040\"> </a></td><td>Bocio difuso no toxico</td></tr><tr><td style=\"white-space:nowrap\">E041<a name=\"diagnosticos-codesystem-E041\"> </a></td><td>Nodulo tiroideo solitario no toxico</td></tr><tr><td style=\"white-space:nowrap\">E042<a name=\"diagnosticos-codesystem-E042\"> </a></td><td>Bocio multinodular no toxico</td></tr><tr><td style=\"white-space:nowrap\">E048<a name=\"diagnosticos-codesystem-E048\"> </a></td><td>Otros bocios no toxicos especificados</td></tr><tr><td style=\"white-space:nowrap\">E049<a name=\"diagnosticos-codesystem-E049\"> </a></td><td>Bocio no toxico, no especificado</td></tr><tr><td style=\"white-space:nowrap\">E90X<a name=\"diagnosticos-codesystem-E90X\"> </a></td><td>Trastornos nutricionales y metabolicos en enfermedades clasificadas en otra parte</td></tr><tr><td style=\"white-space:nowrap\">F000<a name=\"diagnosticos-codesystem-F000\"> </a></td><td>Demencia  en la enfermedad de Alzheimer, de comienzo temprano</td></tr><tr><td style=\"white-space:nowrap\">F001<a name=\"diagnosticos-codesystem-F001\"> </a></td><td>Demencia  en la enfermedad de Alzheimer, de comienzo tardio</td></tr><tr><td style=\"white-space:nowrap\">F002<a name=\"diagnosticos-codesystem-F002\"> </a></td><td>Demencia  en la enfermedad de Alzheimer, atipica o de tipo mixto</td></tr><tr><td style=\"white-space:nowrap\">F009<a name=\"diagnosticos-codesystem-F009\"> </a></td><td>Demencia  en la enfermedad de Alzheimer, no especificada</td></tr><tr><td style=\"white-space:nowrap\">F010<a name=\"diagnosticos-codesystem-F010\"> </a></td><td>Demencia  vascular de comienzo agudo</td></tr><tr><td style=\"white-space:nowrap\">F011<a name=\"diagnosticos-codesystem-F011\"> </a></td><td>Demencia  vascular por infartos multiples</td></tr><tr><td style=\"white-space:nowrap\">F012<a name=\"diagnosticos-codesystem-F012\"> </a></td><td>Demencia  vascular subcortical</td></tr><tr><td style=\"white-space:nowrap\">F013<a name=\"diagnosticos-codesystem-F013\"> </a></td><td>Demencia  vascular mixta, cortical y subcortical</td></tr><tr><td style=\"white-space:nowrap\">F018<a name=\"diagnosticos-codesystem-F018\"> </a></td><td>Otras demencia vasculares</td></tr><tr><td style=\"white-space:nowrap\">F019<a name=\"diagnosticos-codesystem-F019\"> </a></td><td>Demencia  vascular, no especificada</td></tr><tr><td style=\"white-space:nowrap\">F020<a name=\"diagnosticos-codesystem-F020\"> </a></td><td>Demencia  en la enfermedad de Pick</td></tr><tr><td style=\"white-space:nowrap\">F021<a name=\"diagnosticos-codesystem-F021\"> </a></td><td>Demencia  en la enfermedad de Creutzfeldt-Jakob</td></tr><tr><td style=\"white-space:nowrap\">F022<a name=\"diagnosticos-codesystem-F022\"> </a></td><td>Demencia  en la enfermedad de Huntington</td></tr><tr><td style=\"white-space:nowrap\">F023<a name=\"diagnosticos-codesystem-F023\"> </a></td><td>Demencia  en la enfermedad de Parkinson</td></tr><tr><td style=\"white-space:nowrap\">F024<a name=\"diagnosticos-codesystem-F024\"> </a></td><td>Demencia  en la enfermedad por virus de la inmunodeficiencia humana [VIH]</td></tr><tr><td style=\"white-space:nowrap\">F028<a name=\"diagnosticos-codesystem-F028\"> </a></td><td>Demencia  en otras enfermedades especificadas clasificadas en otra parte</td></tr><tr><td style=\"white-space:nowrap\">F03X<a name=\"diagnosticos-codesystem-F03X\"> </a></td><td>Demencia , no especificada</td></tr><tr><td style=\"white-space:nowrap\">F04X<a name=\"diagnosticos-codesystem-F04X\"> </a></td><td>Sindrome amnesico organico, no inducido por alcohol o por otras sustancias psicoactivas</td></tr><tr><td style=\"white-space:nowrap\">F99X<a name=\"diagnosticos-codesystem-F99X\"> </a></td><td>Trastorno mental, no especificado</td></tr><tr><td style=\"white-space:nowrap\">G000<a name=\"diagnosticos-codesystem-G000\"> </a></td><td>Meningitis por hemofilos</td></tr><tr><td style=\"white-space:nowrap\">G001<a name=\"diagnosticos-codesystem-G001\"> </a></td><td>Meningitis  neumococica</td></tr><tr><td style=\"white-space:nowrap\">G002<a name=\"diagnosticos-codesystem-G002\"> </a></td><td>Meningitis estreptococica</td></tr><tr><td style=\"white-space:nowrap\">G003<a name=\"diagnosticos-codesystem-G003\"> </a></td><td>Meningitis estafilococica</td></tr><tr><td style=\"white-space:nowrap\">G008<a name=\"diagnosticos-codesystem-G008\"> </a></td><td>Otras meningitis bacterianas</td></tr><tr><td style=\"white-space:nowrap\">G009<a name=\"diagnosticos-codesystem-G009\"> </a></td><td>Meningitis bacteriana, no especificada</td></tr><tr><td style=\"white-space:nowrap\">G01X<a name=\"diagnosticos-codesystem-G01X\"> </a></td><td>Meningitis en enfermedades bacterianas clasificadas en otra parte</td></tr><tr><td style=\"white-space:nowrap\">G020<a name=\"diagnosticos-codesystem-G020\"> </a></td><td>Meningitis en enfermedades virales clasificadas en otra parte</td></tr><tr><td style=\"white-space:nowrap\">G021<a name=\"diagnosticos-codesystem-G021\"> </a></td><td>Meningitis en micosis</td></tr><tr><td style=\"white-space:nowrap\">G028<a name=\"diagnosticos-codesystem-G028\"> </a></td><td>Meningitis en otras enfermedades infecciosas y parasitarias especificadas clasificadas en otra parte</td></tr><tr><td style=\"white-space:nowrap\">G030<a name=\"diagnosticos-codesystem-G030\"> </a></td><td>Meningitis apiogena</td></tr><tr><td style=\"white-space:nowrap\">G031<a name=\"diagnosticos-codesystem-G031\"> </a></td><td>Meningitis cronica</td></tr><tr><td style=\"white-space:nowrap\">G032<a name=\"diagnosticos-codesystem-G032\"> </a></td><td>Meningitis recurrente benigna [Mollaret]</td></tr><tr><td style=\"white-space:nowrap\">G038<a name=\"diagnosticos-codesystem-G038\"> </a></td><td>Meningitis debidas a otras causas especificadas</td></tr><tr><td style=\"white-space:nowrap\">G039<a name=\"diagnosticos-codesystem-G039\"> </a></td><td>Meningitis, no especificada</td></tr><tr><td style=\"white-space:nowrap\">G040<a name=\"diagnosticos-codesystem-G040\"> </a></td><td>Encefalitis aguda diseminada</td></tr><tr><td style=\"white-space:nowrap\">G041<a name=\"diagnosticos-codesystem-G041\"> </a></td><td>Mielopatia asociada al virus linfotropico de celulas T humanas</td></tr><tr><td style=\"white-space:nowrap\">G042<a name=\"diagnosticos-codesystem-G042\"> </a></td><td>Meningoencefalitis y meningomielitis bacterianas, no clasificadas en otra parte</td></tr><tr><td style=\"white-space:nowrap\">G048<a name=\"diagnosticos-codesystem-G048\"> </a></td><td>Otras encefalitis, mielitis y encefalomielitis</td></tr><tr><td style=\"white-space:nowrap\">G049<a name=\"diagnosticos-codesystem-G049\"> </a></td><td>Encefalitis, mielitis y encefalomielitis, no especificadas</td></tr><tr><td style=\"white-space:nowrap\">G998<a name=\"diagnosticos-codesystem-G998\"> </a></td><td>Otros trastornos especificados del sistema nervioso en enfermedades clasificadas en otra parte</td></tr><tr><td style=\"white-space:nowrap\">H000<a name=\"diagnosticos-codesystem-H000\"> </a></td><td>Orzuelo y otras inflamaciones profundas del parpado</td></tr><tr><td style=\"white-space:nowrap\">H001<a name=\"diagnosticos-codesystem-H001\"> </a></td><td>Calacio [chalazion]</td></tr><tr><td style=\"white-space:nowrap\">H010<a name=\"diagnosticos-codesystem-H010\"> </a></td><td>Blefaritis</td></tr><tr><td style=\"white-space:nowrap\">H011<a name=\"diagnosticos-codesystem-H011\"> </a></td><td>Dermatosis no infecciosa del parpado</td></tr><tr><td style=\"white-space:nowrap\">H018<a name=\"diagnosticos-codesystem-H018\"> </a></td><td>Otras inflamaciones especificadas del parpado</td></tr><tr><td style=\"white-space:nowrap\">H019<a name=\"diagnosticos-codesystem-H019\"> </a></td><td>Inflamacion del parpado, no especificada</td></tr><tr><td style=\"white-space:nowrap\">H020<a name=\"diagnosticos-codesystem-H020\"> </a></td><td>Entropion y triquiasis palpebral</td></tr><tr><td style=\"white-space:nowrap\">H021<a name=\"diagnosticos-codesystem-H021\"> </a></td><td>Ectropion del parpado</td></tr><tr><td style=\"white-space:nowrap\">H022<a name=\"diagnosticos-codesystem-H022\"> </a></td><td>Lagoftalmos</td></tr><tr><td style=\"white-space:nowrap\">H023<a name=\"diagnosticos-codesystem-H023\"> </a></td><td>Blefarocalasia</td></tr><tr><td style=\"white-space:nowrap\">H024<a name=\"diagnosticos-codesystem-H024\"> </a></td><td>Blefaroptosis</td></tr><tr><td style=\"white-space:nowrap\">H025<a name=\"diagnosticos-codesystem-H025\"> </a></td><td>Otros trastornos funcionales del parpado</td></tr><tr><td style=\"white-space:nowrap\">H026<a name=\"diagnosticos-codesystem-H026\"> </a></td><td>Xantelasma del parpado</td></tr><tr><td style=\"white-space:nowrap\">H027<a name=\"diagnosticos-codesystem-H027\"> </a></td><td>Otros trastornos degenerativos del parpado y del area periocular</td></tr><tr><td style=\"white-space:nowrap\">H028<a name=\"diagnosticos-codesystem-H028\"> </a></td><td>Otros trastornos especificados del parpado</td></tr><tr><td style=\"white-space:nowrap\">H029<a name=\"diagnosticos-codesystem-H029\"> </a></td><td>Trastorno del parpado, no especificado</td></tr><tr><td style=\"white-space:nowrap\">H030<a name=\"diagnosticos-codesystem-H030\"> </a></td><td>Infeccion o infestacion parasitaria del parpado en enfermedades clasificadas en otra parte</td></tr><tr><td style=\"white-space:nowrap\">H031<a name=\"diagnosticos-codesystem-H031\"> </a></td><td>Compromiso del parpado en enfermedades infecciosas clasificadas en otra parte</td></tr><tr><td style=\"white-space:nowrap\">H038<a name=\"diagnosticos-codesystem-H038\"> </a></td><td>Compromiso del parpado en enfermedades clasificadas en otra parte</td></tr><tr><td style=\"white-space:nowrap\">H040<a name=\"diagnosticos-codesystem-H040\"> </a></td><td>Dacrioadenitis</td></tr><tr><td style=\"white-space:nowrap\">H041<a name=\"diagnosticos-codesystem-H041\"> </a></td><td>Otros trastornos de la glandula lagrimal</td></tr><tr><td style=\"white-space:nowrap\">H042<a name=\"diagnosticos-codesystem-H042\"> </a></td><td>Epifora</td></tr><tr><td style=\"white-space:nowrap\">H043<a name=\"diagnosticos-codesystem-H043\"> </a></td><td>Inflamacion aguda y la no especificada de las vias lagrimales</td></tr><tr><td style=\"white-space:nowrap\">H044<a name=\"diagnosticos-codesystem-H044\"> </a></td><td>Inflamacion cronica de las vias lagrimales</td></tr><tr><td style=\"white-space:nowrap\">H045<a name=\"diagnosticos-codesystem-H045\"> </a></td><td>Estenosis e insuficiencia de las vias lagrimales</td></tr><tr><td style=\"white-space:nowrap\">H046<a name=\"diagnosticos-codesystem-H046\"> </a></td><td>Otros cambios de las vias lagrimales</td></tr><tr><td style=\"white-space:nowrap\">H048<a name=\"diagnosticos-codesystem-H048\"> </a></td><td>Otros trastornos especificados del aparato lagrimal</td></tr><tr><td style=\"white-space:nowrap\">H049<a name=\"diagnosticos-codesystem-H049\"> </a></td><td>Trastorno del aparato lagrimal, no especificado</td></tr><tr><td style=\"white-space:nowrap\">H050<a name=\"diagnosticos-codesystem-H050\"> </a></td><td>Inflamacion aguda de la orbita</td></tr><tr><td style=\"white-space:nowrap\">H959<a name=\"diagnosticos-codesystem-H959\"> </a></td><td>Trastornos no especificados del oido y de la apofisis mastoides, consecutivos a procedimientos</td></tr><tr><td style=\"white-space:nowrap\">I00X<a name=\"diagnosticos-codesystem-I00X\"> </a></td><td>Fiebre reumatica sin mencion de complicacion cardiaca</td></tr><tr><td style=\"white-space:nowrap\">I010<a name=\"diagnosticos-codesystem-I010\"> </a></td><td>Pericarditis reumatica aguda</td></tr><tr><td style=\"white-space:nowrap\">I011<a name=\"diagnosticos-codesystem-I011\"> </a></td><td>Endocarditis reumatica aguda</td></tr><tr><td style=\"white-space:nowrap\">I012<a name=\"diagnosticos-codesystem-I012\"> </a></td><td>Miocarditis reumatica aguda</td></tr><tr><td style=\"white-space:nowrap\">I018<a name=\"diagnosticos-codesystem-I018\"> </a></td><td>Otras enfermedades reumaticas agudas del corazon</td></tr><tr><td style=\"white-space:nowrap\">I019<a name=\"diagnosticos-codesystem-I019\"> </a></td><td>Enfermedad reumatica aguda del corazon, no especificada</td></tr><tr><td style=\"white-space:nowrap\">I020<a name=\"diagnosticos-codesystem-I020\"> </a></td><td>Corea reumatica con complicacion cardiaca</td></tr><tr><td style=\"white-space:nowrap\">I029<a name=\"diagnosticos-codesystem-I029\"> </a></td><td>Corea reumatica sin mencion de complicacion cardiaca</td></tr><tr><td style=\"white-space:nowrap\">I99X<a name=\"diagnosticos-codesystem-I99X\"> </a></td><td>Otros trastornos y los no especificados del sistema circulatorio</td></tr><tr><td style=\"white-space:nowrap\">J00X<a name=\"diagnosticos-codesystem-J00X\"> </a></td><td>Rinofaringitis aguda [resfriado comun]</td></tr><tr><td style=\"white-space:nowrap\">J010<a name=\"diagnosticos-codesystem-J010\"> </a></td><td>Sinusitis maxilar aguda</td></tr><tr><td style=\"white-space:nowrap\">J011<a name=\"diagnosticos-codesystem-J011\"> </a></td><td>Sinusitis frontal aguda</td></tr><tr><td style=\"white-space:nowrap\">J012<a name=\"diagnosticos-codesystem-J012\"> </a></td><td>Sinusitis etmoidal aguda</td></tr><tr><td style=\"white-space:nowrap\">J013<a name=\"diagnosticos-codesystem-J013\"> </a></td><td>Sinusitis esfenoidal aguda</td></tr><tr><td style=\"white-space:nowrap\">J014<a name=\"diagnosticos-codesystem-J014\"> </a></td><td>Pansinusitis aguda</td></tr><tr><td style=\"white-space:nowrap\">J018<a name=\"diagnosticos-codesystem-J018\"> </a></td><td>Otras sinusitis agudas</td></tr><tr><td style=\"white-space:nowrap\">J019<a name=\"diagnosticos-codesystem-J019\"> </a></td><td>Sinusitis aguda, no especificada</td></tr><tr><td style=\"white-space:nowrap\">J020<a name=\"diagnosticos-codesystem-J020\"> </a></td><td>Faringitis estreptococica</td></tr><tr><td style=\"white-space:nowrap\">J028<a name=\"diagnosticos-codesystem-J028\"> </a></td><td>Faringitis aguda debida a otros microorganismos especificados</td></tr><tr><td style=\"white-space:nowrap\">J029<a name=\"diagnosticos-codesystem-J029\"> </a></td><td>Faringitis aguda, no especificada</td></tr><tr><td style=\"white-space:nowrap\">J030<a name=\"diagnosticos-codesystem-J030\"> </a></td><td>Amigdalitis estreptococica</td></tr><tr><td style=\"white-space:nowrap\">J038<a name=\"diagnosticos-codesystem-J038\"> </a></td><td>Amigdalitis aguda debida a otros microorganismos especificados</td></tr><tr><td style=\"white-space:nowrap\">J039<a name=\"diagnosticos-codesystem-J039\"> </a></td><td>Amigdalitis aguda, no especificada</td></tr><tr><td style=\"white-space:nowrap\">J040<a name=\"diagnosticos-codesystem-J040\"> </a></td><td>Laringitis aguda</td></tr><tr><td style=\"white-space:nowrap\">J041<a name=\"diagnosticos-codesystem-J041\"> </a></td><td>Traqueitis aguda</td></tr><tr><td style=\"white-space:nowrap\">J042<a name=\"diagnosticos-codesystem-J042\"> </a></td><td>Laringotraqueitis aguda</td></tr><tr><td style=\"white-space:nowrap\">J050<a name=\"diagnosticos-codesystem-J050\"> </a></td><td>Laringitis obstructiva, aguda [crup]</td></tr><tr><td style=\"white-space:nowrap\">Y98X<a name=\"diagnosticos-codesystem-Y98X\"> </a></td><td>Afeccion relacionada con el estilo de vida</td></tr><tr><td style=\"white-space:nowrap\">Z000<a name=\"diagnosticos-codesystem-Z000\"> </a></td><td>Examen medico general</td></tr><tr><td style=\"white-space:nowrap\">Z001<a name=\"diagnosticos-codesystem-Z001\"> </a></td><td>Control de salud de rutina del nino</td></tr><tr><td style=\"white-space:nowrap\">Z002<a name=\"diagnosticos-codesystem-Z002\"> </a></td><td>Examen durante el periodo de crecimiento rapido en la infancia</td></tr><tr><td style=\"white-space:nowrap\">Z003<a name=\"diagnosticos-codesystem-Z003\"> </a></td><td>Examen del estado de desarrollo del adolescente</td></tr><tr><td style=\"white-space:nowrap\">Z004<a name=\"diagnosticos-codesystem-Z004\"> </a></td><td>Examen psiquiatrico general, no clasificado en otra parte</td></tr><tr><td style=\"white-space:nowrap\">Z005<a name=\"diagnosticos-codesystem-Z005\"> </a></td><td>Examen de donante potencial de organo o tejido</td></tr><tr><td style=\"white-space:nowrap\">Z006<a name=\"diagnosticos-codesystem-Z006\"> </a></td><td>Examen para comparacion y control normales en programa de investigacion clinica</td></tr><tr><td style=\"white-space:nowrap\">Z008<a name=\"diagnosticos-codesystem-Z008\"> </a></td><td>Otros examenes generales</td></tr><tr><td style=\"white-space:nowrap\">Z010<a name=\"diagnosticos-codesystem-Z010\"> </a></td><td>Examen de ojos y de la vision</td></tr><tr><td style=\"white-space:nowrap\">Z011<a name=\"diagnosticos-codesystem-Z011\"> </a></td><td>Examen de oidos y de la audicion</td></tr><tr><td style=\"white-space:nowrap\">Z012<a name=\"diagnosticos-codesystem-Z012\"> </a></td><td>Examen odontologico</td></tr><tr><td style=\"white-space:nowrap\">Z013<a name=\"diagnosticos-codesystem-Z013\"> </a></td><td>Examen de la presion sanguinea</td></tr><tr><td style=\"white-space:nowrap\">Z014<a name=\"diagnosticos-codesystem-Z014\"> </a></td><td>Examen ginecologico (general) (de rutina)</td></tr><tr><td style=\"white-space:nowrap\">Z015<a name=\"diagnosticos-codesystem-Z015\"> </a></td><td>Pruebas de sensibilizacion y diagnostico cutaneo</td></tr><tr><td style=\"white-space:nowrap\">Z016<a name=\"diagnosticos-codesystem-Z016\"> </a></td><td>Examen radiologico, no clasificado en otra parte</td></tr><tr><td style=\"white-space:nowrap\">Z017<a name=\"diagnosticos-codesystem-Z017\"> </a></td><td>Examen de laboratorio</td></tr><tr><td style=\"white-space:nowrap\">Z018<a name=\"diagnosticos-codesystem-Z018\"> </a></td><td>Otros examenes especiales especificados</td></tr><tr><td style=\"white-space:nowrap\">Z019<a name=\"diagnosticos-codesystem-Z019\"> </a></td><td>Examen especial no especificado</td></tr><tr><td style=\"white-space:nowrap\">Z020<a name=\"diagnosticos-codesystem-Z020\"> </a></td><td>Examen para admision a instituciones educativas</td></tr><tr><td style=\"white-space:nowrap\">Z021<a name=\"diagnosticos-codesystem-Z021\"> </a></td><td>Examen preempleo</td></tr><tr><td style=\"white-space:nowrap\">Z022<a name=\"diagnosticos-codesystem-Z022\"> </a></td><td>Examen para admision a instituciones residenciales</td></tr><tr><td style=\"white-space:nowrap\">Z023<a name=\"diagnosticos-codesystem-Z023\"> </a></td><td>Examen para reclutamiento en las fuerzas armadas</td></tr><tr><td style=\"white-space:nowrap\">Z024<a name=\"diagnosticos-codesystem-Z024\"> </a></td><td>Examen para obtencion de licencia de conducir</td></tr><tr><td style=\"white-space:nowrap\">Z025<a name=\"diagnosticos-codesystem-Z025\"> </a></td><td>Examen para participacion en competencias deportivas</td></tr><tr><td style=\"white-space:nowrap\">Z026<a name=\"diagnosticos-codesystem-Z026\"> </a></td><td>Examen para fines de seguros</td></tr><tr><td style=\"white-space:nowrap\">Z027<a name=\"diagnosticos-codesystem-Z027\"> </a></td><td>Extension de certificado medico</td></tr><tr><td style=\"white-space:nowrap\">Z028<a name=\"diagnosticos-codesystem-Z028\"> </a></td><td>Otros examenes para fines administrativos</td></tr><tr><td style=\"white-space:nowrap\">Z029<a name=\"diagnosticos-codesystem-Z029\"> </a></td><td>Examen para fines administrativos, no especificado</td></tr><tr><td style=\"white-space:nowrap\">Z030<a name=\"diagnosticos-codesystem-Z030\"> </a></td><td>Observacion por sospecha de tuberculosis</td></tr><tr><td style=\"white-space:nowrap\">Z031<a name=\"diagnosticos-codesystem-Z031\"> </a></td><td>Observacion por sospecha de tumor maligno</td></tr><tr><td style=\"white-space:nowrap\">Z032<a name=\"diagnosticos-codesystem-Z032\"> </a></td><td>Observacion por sospecha de trastorno mental y del comportamiento</td></tr><tr><td style=\"white-space:nowrap\">Z033<a name=\"diagnosticos-codesystem-Z033\"> </a></td><td>Observacion por sospecha de trastorno del sistema nervioso</td></tr><tr><td style=\"white-space:nowrap\">Z034<a name=\"diagnosticos-codesystem-Z034\"> </a></td><td>Observacion por sospecha de infarto de miocardio</td></tr><tr><td style=\"white-space:nowrap\">Z035<a name=\"diagnosticos-codesystem-Z035\"> </a></td><td>Observacion por sospecha de otras enfermedades cardiovasculares</td></tr><tr><td style=\"white-space:nowrap\">Z036<a name=\"diagnosticos-codesystem-Z036\"> </a></td><td>Observacion por sospecha de efectos toxicos de sustancias ingeridas</td></tr><tr><td style=\"white-space:nowrap\">Z038<a name=\"diagnosticos-codesystem-Z038\"> </a></td><td>Observacion por sospecha de otras enfermedades y afecciones</td></tr><tr><td style=\"white-space:nowrap\">Z039<a name=\"diagnosticos-codesystem-Z039\"> </a></td><td>Observacion por sospecha de enfermedad o afeccion no especificada</td></tr><tr><td style=\"white-space:nowrap\">Z040<a name=\"diagnosticos-codesystem-Z040\"> </a></td><td>Prueba de alcohol o drogas en la sangre</td></tr><tr><td style=\"white-space:nowrap\">Z041<a name=\"diagnosticos-codesystem-Z041\"> </a></td><td>Examen y observacion consecutivos a accidente de transporte</td></tr><tr><td style=\"white-space:nowrap\">Z042<a name=\"diagnosticos-codesystem-Z042\"> </a></td><td>Examen y observacion consecutivos a accidente de trabajo</td></tr><tr><td style=\"white-space:nowrap\">Z043<a name=\"diagnosticos-codesystem-Z043\"> </a></td><td>Examen y observacion consecutivos a otro accidente</td></tr><tr><td style=\"white-space:nowrap\">Z044<a name=\"diagnosticos-codesystem-Z044\"> </a></td><td>Examen y observacion consecutivos a denuncia de violacion y seduccion</td></tr><tr><td style=\"white-space:nowrap\">Z045<a name=\"diagnosticos-codesystem-Z045\"> </a></td><td>Examen y observacion consecutivos a otra lesion infligida</td></tr><tr><td style=\"white-space:nowrap\">Z046<a name=\"diagnosticos-codesystem-Z046\"> </a></td><td>Examen psiquiatrico general, solicitado por una autoridad</td></tr><tr><td style=\"white-space:nowrap\">Z048<a name=\"diagnosticos-codesystem-Z048\"> </a></td><td>Examen y observacion por otras razones especificadas</td></tr><tr><td style=\"white-space:nowrap\">Z049<a name=\"diagnosticos-codesystem-Z049\"> </a></td><td>Examen y observacion por razones no especificadas</td></tr><tr><td style=\"white-space:nowrap\">Z990<a name=\"diagnosticos-codesystem-Z990\"> </a></td><td>Dependencia de aspirador</td></tr><tr><td style=\"white-space:nowrap\">Z991<a name=\"diagnosticos-codesystem-Z991\"> </a></td><td>Dependencia de respirador</td></tr><tr><td style=\"white-space:nowrap\">Z992<a name=\"diagnosticos-codesystem-Z992\"> </a></td><td>Dependencia de dialisis renal</td></tr><tr><td style=\"white-space:nowrap\">Z993<a name=\"diagnosticos-codesystem-Z993\"> </a></td><td>Dependencia de silla de ruedas</td></tr><tr><td style=\"white-space:nowrap\">Z994<a name=\"diagnosticos-codesystem-Z994\"> </a></td><td>Dependencia de corazón artificial</td></tr><tr><td style=\"white-space:nowrap\">Z998<a name=\"diagnosticos-codesystem-Z998\"> </a></td><td>Dependencia de otras maquinas y dispositivos capacitantes</td></tr><tr><td style=\"white-space:nowrap\">Z999<a name=\"diagnosticos-codesystem-Z999\"> </a></td><td>Dependencia de maquina y dispositivo capacitante, no especificada</td></tr></table></div>"
  },
  "url" : "http://recuperocaba.gob.ar/CodeSystem/diagnosticos-codesystem",
  "version" : "0.1.0",
  "name" : "RecuperoDiagnosticosCS",
  "title" : "Diagnósticos para Recupero",
  "status" : "active",
  "experimental" : false,
  "date" : "2025-07-14T12:58:17-03:00",
  "publisher" : "HL7 Argentina",
  "contact" : [{
    "name" : "HL7 Argentina",
    "telecom" : [{
      "system" : "url",
      "value" : "http://hl7.org.ar"
    },
    {
      "system" : "email",
      "value" : "info@hl7.org.ar"
    }]
  }],
  "description" : "Listado de Diagnósticos",
  "caseSensitive" : true,
  "content" : "complete",
  "count" : 395,
  "concept" : [{
    "code" : "A000",
    "display" : "Colera debido a Vibrio cholerae 01, biotipo cholerae"
  },
  {
    "code" : "A001",
    "display" : "Colera debido a Vibrio cholerae 01, biotipo el Tor"
  },
  {
    "code" : "A009",
    "display" : "Colera, no especificado"
  },
  {
    "code" : "A010",
    "display" : "Fiebre tifoidea"
  },
  {
    "code" : "A011",
    "display" : "Fiebre paratifoidea A"
  },
  {
    "code" : "A012",
    "display" : "Fiebre paratifoidea B"
  },
  {
    "code" : "A013",
    "display" : "Fiebre paratifoidea C"
  },
  {
    "code" : "A014",
    "display" : "Fiebre paratifoidea, no especificada"
  },
  {
    "code" : "A020",
    "display" : "Enteritis debida a Salmonella"
  },
  {
    "code" : "A021",
    "display" : "Sepsis debida a Salmonella"
  },
  {
    "code" : "A022",
    "display" : "Infecciones localizadas debidas a Salmonella"
  },
  {
    "code" : "A028",
    "display" : "Otras infecciones especificadas como debidas a Salmonella"
  },
  {
    "code" : "A029",
    "display" : "Infeccion debida a Salmonella, no especificada"
  },
  {
    "code" : "A030",
    "display" : "Shigelosis debida a Shigella dysenteriae"
  },
  {
    "code" : "A031",
    "display" : "Shigelosis debida a Shigella flexneri"
  },
  {
    "code" : "A032",
    "display" : "Shigelosis debida a Shigella boydii"
  },
  {
    "code" : "A033",
    "display" : "Shigelosis debida a Shigella sonnei"
  },
  {
    "code" : "A038",
    "display" : "Otras shigelosis"
  },
  {
    "code" : "A039",
    "display" : "Shigelosis de tipo no especificado"
  },
  {
    "code" : "A040",
    "display" : "Infeccion debida a Escherichia coli enteropatogena"
  },
  {
    "code" : "A041",
    "display" : "Infeccion debida a Escherichia coli enterotoxigena"
  },
  {
    "code" : "A042",
    "display" : "Infeccion debida a Escherichia coli enteroinvasiva"
  },
  {
    "code" : "A043",
    "display" : "Infeccion debida a Escherichia coli enterohemorragica"
  },
  {
    "code" : "A044",
    "display" : "Otras infecciones intestinales debidas a Escherichia coli"
  },
  {
    "code" : "A045",
    "display" : "Enteritis debida a Campylobacter"
  },
  {
    "code" : "A046",
    "display" : "Enteritis debida a Yersinia enterocolitica"
  },
  {
    "code" : "A047",
    "display" : "Enterocolitis debida a Clostridium difficile"
  },
  {
    "code" : "A048",
    "display" : "Otras infecciones intestinales bacterianas especificadas"
  },
  {
    "code" : "A049",
    "display" : "Infeccion intestinal bacteriana, no especificada"
  },
  {
    "code" : "A050",
    "display" : "Intoxicacion alimentaria estafilococica"
  },
  {
    "code" : "A051",
    "display" : "Botulismo"
  },
  {
    "code" : "A052",
    "display" : "Intoxicacion alimentaria debida a Clostridium perfringens [Clostridium welchii]"
  },
  {
    "code" : "A053",
    "display" : "Intoxicacion alimentaria debida a Vibrio parahaemolyticus"
  },
  {
    "code" : "A054",
    "display" : "Intoxicacion alimentaria debida a Bacillus cereus"
  },
  {
    "code" : "A058",
    "display" : "Otras intoxicaciones alimentarias debidas a bacterias especificadas"
  },
  {
    "code" : "A059",
    "display" : "Intoxicacion alimentaria bacteriana, no especificada"
  },
  {
    "code" : "A060",
    "display" : "Disenteria amebiana aguda"
  },
  {
    "code" : "A061",
    "display" : "Amebiasis intestinal cronica"
  },
  {
    "code" : "A062",
    "display" : "Colitis amebiana no disenterica"
  },
  {
    "code" : "A063",
    "display" : "Ameboma intestinal"
  },
  {
    "code" : "A064",
    "display" : "Absceso amebiano del higado"
  },
  {
    "code" : "A065",
    "display" : "Absceso amebiano del pulmon"
  },
  {
    "code" : "A066",
    "display" : "Absceso amebiano del cerebro"
  },
  {
    "code" : "A067",
    "display" : "Amebiasis cutanea"
  },
  {
    "code" : "A068",
    "display" : "Infeccion amebiana de otras localizaciones"
  },
  {
    "code" : "A069",
    "display" : "Amebiasis, no especificada"
  },
  {
    "code" : "A070",
    "display" : "Balantidiasis"
  },
  {
    "code" : "A071",
    "display" : "Giardiasis [lambliasis]"
  },
  {
    "code" : "A072",
    "display" : "Criptosporidiosis"
  },
  {
    "code" : "A073",
    "display" : "Isosporiasis"
  },
  {
    "code" : "A078",
    "display" : "Otras enfermedades intestinales especificadas debidas a protozoarios"
  },
  {
    "code" : "A079",
    "display" : "Enfermedad intestinal debida a protozoarios, no especificada"
  },
  {
    "code" : "A080",
    "display" : "Enteritis debida a rotavirus"
  },
  {
    "code" : "A081",
    "display" : "Gastroenteropatia aguda debida al agente de Norwalk"
  },
  {
    "code" : "A082",
    "display" : "Enteritis debida a adenovirus"
  },
  {
    "code" : "A083",
    "display" : "Otras enteritis virales"
  },
  {
    "code" : "A084",
    "display" : "Infeccion intestinal viral, sin otra especificacion"
  },
  {
    "code" : "A085",
    "display" : "Otras infecciones intestinales especificadas"
  },
  {
    "code" : "A090",
    "display" : "Otras gastroenteritis y colitis de origen infeccioso"
  },
  {
    "code" : "A099",
    "display" : "Gastroenteritis y colitis de origen no especificado"
  },
  {
    "code" : "A09X",
    "display" : "Diarrea y gastroenteritis de presunto origen infeccioso"
  },
  {
    "code" : "A150",
    "display" : "Tuberculosis del pulmon, confirmada por hallazgo microscopico del bacilo tuberculoso en esputo, con o sin cultivo"
  },
  {
    "code" : "A151",
    "display" : "Tuberculosis del pulmon, confirmada unicamente por cultivo"
  },
  {
    "code" : "A152",
    "display" : "Tuberculosis del pulmon, confirmada histologicamente"
  },
  {
    "code" : "A153",
    "display" : "Tuberculosis del pulmon, confirmada por medios no especificados"
  },
  {
    "code" : "A154",
    "display" : "Tuberculosis de ganglios linfaticos intratoracicos, confirmada bacteriologica e histologicamente"
  },
  {
    "code" : "A155",
    "display" : "Tuberculosis de laringe, traquea y bronquios, confirmada bacteriologica e histologicamente"
  },
  {
    "code" : "A156",
    "display" : "Pleuresia tuberculosa, confirmada bacteriologica e histologicamente"
  },
  {
    "code" : "A157",
    "display" : "Tuberculosis respiratoria primaria, confirmada bacteriologica e histologicamente"
  },
  {
    "code" : "A158",
    "display" : "Otras tuberculosis respiratorias, confirmadas bacteriologica e histologicamente"
  },
  {
    "code" : "A159",
    "display" : "Tuberculosis respiratoria no especificada, confirmada bacteriologica e histologicamente"
  },
  {
    "code" : "A160",
    "display" : "Tuberculosis del pulmon, con examen bacteriologico e histologico negativos"
  },
  {
    "code" : "A161",
    "display" : "Tuberculosis de pulmon, sin examen bacteriologico e histologico"
  },
  {
    "code" : "A162",
    "display" : "Tuberculosis de pulmon, sin mencion de confirmacion bacteriologica o histologica"
  },
  {
    "code" : "A163",
    "display" : "Tuberculosis de ganglios linfaticos intratoracicos, sin mencion de confirmacion bacteriologica o histologica"
  },
  {
    "code" : "A164",
    "display" : "Tuberculosis de laringe, traquea y bronquios, sin mencion de confirmacion bacteriologica o histologica"
  },
  {
    "code" : "A165",
    "display" : "Pleuresia tuberculosa, sin mencion de confirmacion bacteriologica o histologica"
  },
  {
    "code" : "A167",
    "display" : "Tuberculosis respiratoria primaria, sin mencion de confirmacion bacteriologica o histologica"
  },
  {
    "code" : "A168",
    "display" : "Otras tuberculosis respiratorias, sin mencion de confirmacion"
  },
  {
    "code" : "A169",
    "display" : "Tuberculosis respiratoria no especificada, sin mencion de confirmacion bacteriologica o histologica"
  },
  {
    "code" : "A170",
    "display" : "Meningitis tuberculosa"
  },
  {
    "code" : "A171",
    "display" : "Tuberculoma meningeo"
  },
  {
    "code" : "A178",
    "display" : "Otras tuberculosis del sistema nervioso"
  },
  {
    "code" : "A179",
    "display" : "Tuberculosis del sistema nervioso, no especificada"
  },
  {
    "code" : "A180",
    "display" : "Tuberculosis de huesos y articulaciones"
  },
  {
    "code" : "A181",
    "display" : "Tuberculosis del aparato genitourinario"
  },
  {
    "code" : "A182",
    "display" : "Linfadenopatia periferica tuberculosa"
  },
  {
    "code" : "A183",
    "display" : "Tuberculosis de los intestinos, el peritoneo y los ganglios mesentericos"
  },
  {
    "code" : "A184",
    "display" : "Tuberculosis de la piel y el tejido subcutaneo"
  },
  {
    "code" : "A185",
    "display" : "Tuberculosis del ojo"
  },
  {
    "code" : "A186",
    "display" : "Tuberculosis del oido"
  },
  {
    "code" : "A187",
    "display" : "Tuberculosis de glandulas suprarrenales"
  },
  {
    "code" : "A188",
    "display" : "Tuberculosis de otros organos especificados"
  },
  {
    "code" : "A190",
    "display" : "Tuberculosis miliar aguda de un solo sitio especificado"
  },
  {
    "code" : "A191",
    "display" : "Tuberculosis miliar aguda de sitios multiples"
  },
  {
    "code" : "A192",
    "display" : "Tuberculosis miliar aguda, no especificada"
  },
  {
    "code" : "A198",
    "display" : "Otras tuberculosis miliares"
  },
  {
    "code" : "A199",
    "display" : "Tuberculosis miliar, sin otra especificacion"
  },
  {
    "code" : "A200",
    "display" : "Peste bubonica"
  },
  {
    "code" : "A201",
    "display" : "Peste celulocutanea"
  },
  {
    "code" : "A202",
    "display" : "Peste neumonica"
  },
  {
    "code" : "A203",
    "display" : "Meningitis por peste"
  },
  {
    "code" : "A207",
    "display" : "Peste septicemica"
  },
  {
    "code" : "A208",
    "display" : "Otras formas de peste"
  },
  {
    "code" : "A209",
    "display" : "Peste, no especificada"
  },
  {
    "code" : "A210",
    "display" : "Tularemia ulceroglandular"
  },
  {
    "code" : "A211",
    "display" : "Tularemia oculoglandular"
  },
  {
    "code" : "A212",
    "display" : "Tularemia pulmonar"
  },
  {
    "code" : "A213",
    "display" : "Tularemia gastrointestinal"
  },
  {
    "code" : "B000",
    "display" : "Eczema herpetico"
  },
  {
    "code" : "B001",
    "display" : "Dermatitis vesicular herpetica"
  },
  {
    "code" : "B002",
    "display" : "Gingivoestomatitis y faringoamigdalitis herpetica"
  },
  {
    "code" : "B003",
    "display" : "Meningitis herpetica"
  },
  {
    "code" : "B004",
    "display" : "Encefalitis herpetica"
  },
  {
    "code" : "B005",
    "display" : "Oculopatia herpetica"
  },
  {
    "code" : "B007",
    "display" : "Enfermedad herpetica diseminada"
  },
  {
    "code" : "B008",
    "display" : "Otras formas de infecciones herpeticas"
  },
  {
    "code" : "B009",
    "display" : "Infeccion debida al virus del herpes, no especificada"
  },
  {
    "code" : "B010",
    "display" : "Meningitis debida a varicela"
  },
  {
    "code" : "B011",
    "display" : "Encefalitis debida a varicela"
  },
  {
    "code" : "B012",
    "display" : "Neumonia debida a varicela"
  },
  {
    "code" : "B018",
    "display" : "Varicela con otras complicaciones"
  },
  {
    "code" : "B019",
    "display" : "Varicela sin complicaciones"
  },
  {
    "code" : "B020",
    "display" : "Encefalitis debida a herpes zoster"
  },
  {
    "code" : "B021",
    "display" : "Meningitis debida a herpes zoster"
  },
  {
    "code" : "B022",
    "display" : "Herpes zoster con otros compromisos del sistema nervioso"
  },
  {
    "code" : "B023",
    "display" : "Herpes zoster ocular"
  },
  {
    "code" : "B027",
    "display" : "Herpes zoster diseminado"
  },
  {
    "code" : "B028",
    "display" : "Herpes zoster con otras complicaciones"
  },
  {
    "code" : "B029",
    "display" : "Herpes zoster sin complicaciones"
  },
  {
    "code" : "B03X",
    "display" : "Viruela"
  },
  {
    "code" : "B04X",
    "display" : "Viruela de los monos"
  },
  {
    "code" : "B050",
    "display" : "Sarampion complicado con encefalitis"
  },
  {
    "code" : "B051",
    "display" : "Sarampion complicado con meningitis"
  },
  {
    "code" : "B052",
    "display" : "Sarampion complicado con neumonia"
  },
  {
    "code" : "B053",
    "display" : "Sarampion complicado con otitis media"
  },
  {
    "code" : "B054",
    "display" : "Sarampion con complicaciones intestinales"
  },
  {
    "code" : "B058",
    "display" : "Sarampion con otras complicaciones"
  },
  {
    "code" : "B059",
    "display" : "Sarampion sin complicaciones"
  },
  {
    "code" : "B060",
    "display" : "Rubeola con complicaciones neurologicas"
  },
  {
    "code" : "B068",
    "display" : "Rubeola con otras complicaciones"
  },
  {
    "code" : "B069",
    "display" : "Rubeola sin complicaciones"
  },
  {
    "code" : "B07X",
    "display" : "Verrugas viricas"
  },
  {
    "code" : "B080",
    "display" : "Otras infecciones debidas a ortopoxvirus"
  },
  {
    "code" : "B081",
    "display" : "Molusco contagioso"
  },
  {
    "code" : "B082",
    "display" : "Exantema subito [sexta enfermedad]"
  },
  {
    "code" : "B083",
    "display" : "Eritema infeccioso [quinta enfermedad]"
  },
  {
    "code" : "B084",
    "display" : "Estomatitis vesicular enteroviral con exantema"
  },
  {
    "code" : "B085",
    "display" : "Faringitis vesicular enterovirica"
  },
  {
    "code" : "B088",
    "display" : "Otras infecciones virales especificadas, caracterizadas por lesiones de la piel y de las membranas mucosas"
  },
  {
    "code" : "B09X",
    "display" : "Infeccion viral no especificada, caracterizada por lesiones de la piel y de las membranas mucosas"
  },
  {
    "code" : "B150",
    "display" : "Hepatitis aguda tipo A, con coma hepatico"
  },
  {
    "code" : "B159",
    "display" : "Hepatitis aguda tipo A, sin coma hepatico"
  },
  {
    "code" : "B160",
    "display" : "Hepatitis aguda tipo B, con agente delta (coinfeccion), con coma hepatico"
  },
  {
    "code" : "B161",
    "display" : "Hepatitis aguda tipo B, con agente delta (coinfeccion), sin coma hepatico"
  },
  {
    "code" : "B162",
    "display" : "Hepatitis aguda tipo B, sin agente delta, con coma hepatico"
  },
  {
    "code" : "B99X",
    "display" : "Otras enfermedades infecciosas y las no especificadas"
  },
  {
    "code" : "C000",
    "display" : "Tumor maligno del labio superior, cara externa"
  },
  {
    "code" : "C001",
    "display" : "Tumor maligno del labio inferior, cara externa"
  },
  {
    "code" : "C002",
    "display" : "Tumor maligno del labio, cara externa, sin otra especificacion"
  },
  {
    "code" : "C003",
    "display" : "Tumor maligno del labio superior, cara interna"
  },
  {
    "code" : "C004",
    "display" : "Tumor maligno del labio inferior, cara interna"
  },
  {
    "code" : "C005",
    "display" : "Tumor maligno del labio, cara interna, sin otra especificacion"
  },
  {
    "code" : "C006",
    "display" : "Tumor maligno de la comisura labial"
  },
  {
    "code" : "C008",
    "display" : "Lesion de sitios contiguos del labio"
  },
  {
    "code" : "C009",
    "display" : "Tumor maligno del labio, parte no especificada"
  },
  {
    "code" : "C01X",
    "display" : "Tumor maligno de la base de la lengua"
  },
  {
    "code" : "C020",
    "display" : "Tumor maligno de la cara dorsal de la lengua"
  },
  {
    "code" : "C021",
    "display" : "Tumor maligno del borde de la lengua"
  },
  {
    "code" : "C022",
    "display" : "Tumor maligno de la cara ventral de la lengua"
  },
  {
    "code" : "C023",
    "display" : "Tumor maligno de los dos tercios anteriores de la lengua, parte no especificada"
  },
  {
    "code" : "C024",
    "display" : "Tumor maligno de la amigdala lingual"
  },
  {
    "code" : "C028",
    "display" : "Lesion de sitios contiguos de la lengua"
  },
  {
    "code" : "C029",
    "display" : "Tumor maligno de la lengua, parte no especificada"
  },
  {
    "code" : "C030",
    "display" : "Tumor maligno de la encia superior"
  },
  {
    "code" : "C031",
    "display" : "Tumor maligno de la encia inferior"
  },
  {
    "code" : "C039",
    "display" : "Tumor maligno de la encia, parte no especificada"
  },
  {
    "code" : "C040",
    "display" : "Tumor maligno de la parte anterior del piso de la boca"
  },
  {
    "code" : "C041",
    "display" : "Tumor maligno de la parte lateral del piso de la boca"
  },
  {
    "code" : "C048",
    "display" : "Lesion de sitios contiguos del piso de la boca"
  },
  {
    "code" : "C049",
    "display" : "Tumor maligno del piso de la boca, parte no especificada"
  },
  {
    "code" : "C050",
    "display" : "Tumor maligno del paladar duro"
  },
  {
    "code" : "C97X",
    "display" : "Tumores malignos (primarios) de sitios multiples independientes"
  },
  {
    "code" : "D000",
    "display" : "Carcinoma in situ del labio, de la cavidad bucal y de la faringe"
  },
  {
    "code" : "D001",
    "display" : "Carcinoma in situ del esofago"
  },
  {
    "code" : "D002",
    "display" : "Carcinoma in situ del estomago"
  },
  {
    "code" : "D010",
    "display" : "Carcinoma in situ del colon"
  },
  {
    "code" : "D011",
    "display" : "Carcinoma in situ de la union rectosigmoidea"
  },
  {
    "code" : "D012",
    "display" : "Carcinoma in situ del recto"
  },
  {
    "code" : "D013",
    "display" : "Carcinoma in situ del ano y del conducto anal"
  },
  {
    "code" : "D014",
    "display" : "Carcinoma in situ de otras partes y de las no especificadas del intestino"
  },
  {
    "code" : "D015",
    "display" : "Carcinoma in situ del higado, de la vesicula biliar y del conducto biliar"
  },
  {
    "code" : "D017",
    "display" : "Carcinoma in situ de otras partes especificadas de organos digestivos"
  },
  {
    "code" : "D019",
    "display" : "Carcinoma in situ de organos digestivos no especificados"
  },
  {
    "code" : "D020",
    "display" : "Carcinoma in situ de la laringe"
  },
  {
    "code" : "D021",
    "display" : "Carcinoma in situ de la traquea"
  },
  {
    "code" : "D022",
    "display" : "Carcinoma in situ del bronquio y del pulmon"
  },
  {
    "code" : "D023",
    "display" : "Carcinoma in situ de otras partes del sistema respiratorio"
  },
  {
    "code" : "D024",
    "display" : "Carcinoma in situ de organos respiratorios no especificados"
  },
  {
    "code" : "D030",
    "display" : "Melanoma in situ del labio"
  },
  {
    "code" : "D031",
    "display" : "Melanoma in situ del parpado y de la comisura palpebral"
  },
  {
    "code" : "D032",
    "display" : "Melanoma in situ de la oreja y del conducto auditivo externo"
  },
  {
    "code" : "D033",
    "display" : "Melanoma in situ de otras partes y de las no especificadas de la cara"
  },
  {
    "code" : "D034",
    "display" : "Melanoma in situ del cuero cabelludo y del cuello"
  },
  {
    "code" : "D035",
    "display" : "Melanoma in situ del tronco"
  },
  {
    "code" : "D036",
    "display" : "Melanoma in situ del miembro superior, incluido el hombro"
  },
  {
    "code" : "D037",
    "display" : "Melanoma in situ del miembro inferior, incluida la cadera"
  },
  {
    "code" : "D038",
    "display" : "Melanoma in situ de otros sitios"
  },
  {
    "code" : "D039",
    "display" : "Melanoma in situ, sitio no especificado"
  },
  {
    "code" : "D040",
    "display" : "Carcinoma in situ de la piel del labio"
  },
  {
    "code" : "D041",
    "display" : "Carcinoma in situ de la piel del parpado y de la comisura palpebral"
  },
  {
    "code" : "D042",
    "display" : "Carcinoma in situ de la piel de la oreja y del conducto auditivo externo"
  },
  {
    "code" : "D043",
    "display" : "Carcinoma in situ de la piel de otras partes y de las no especificadas de la cara"
  },
  {
    "code" : "D044",
    "display" : "Carcinoma in situ de la piel del cuero cabelludo y cuello"
  },
  {
    "code" : "D045",
    "display" : "Carcinoma in situ de la piel del tronco"
  },
  {
    "code" : "D046",
    "display" : "Carcinoma in situ de la piel del miembro superior, incluido el hombro"
  },
  {
    "code" : "D047",
    "display" : "Carcinoma in situ de la piel del miembro inferior, incluida la cadera"
  },
  {
    "code" : "D048",
    "display" : "Carcinoma in situ de la piel de otros sitios especificados"
  },
  {
    "code" : "D049",
    "display" : "Carcinoma in situ de la piel, sitio no especificado"
  },
  {
    "code" : "D898",
    "display" : "Otros trastornos especificados que afectan el mecanismo de la inmunidad, no clasificados en otra parte"
  },
  {
    "code" : "D899",
    "display" : "Trastorno que afecta al mecanismo de la inmunidad, no especificado"
  },
  {
    "code" : "E000",
    "display" : "Sindrome congenito de deficiencia de yodo, tipo neurologico"
  },
  {
    "code" : "E001",
    "display" : "Sindrome de deficiencia congenita de yodo, tipo mixedematoso"
  },
  {
    "code" : "E002",
    "display" : "Sindrome congenito de deficiencia de yodo, tipo mixto"
  },
  {
    "code" : "E009",
    "display" : "Sindrome congenito de deficiencia de yodo, no especificado"
  },
  {
    "code" : "E010",
    "display" : "Bocio difuso (endemico) relacionado con deficiencia de yodo"
  },
  {
    "code" : "E011",
    "display" : "Bocio multinodular (endemico) relacionado con deficiencia de yodo"
  },
  {
    "code" : "E012",
    "display" : "Bocio (endemico) relacionado con deficiencia de yodo, no especificado"
  },
  {
    "code" : "E018",
    "display" : "Otros trastornos de la tiroides relacionados con deficiencia de yodo y afecciones similares"
  },
  {
    "code" : "E02X",
    "display" : "Hipotiroidismo subclinico por deficiencia de yodo"
  },
  {
    "code" : "E030",
    "display" : "Hipotiroidismo congenito con bocio difuso"
  },
  {
    "code" : "E031",
    "display" : "Hipotiroidismo congenito sin bocio"
  },
  {
    "code" : "E032",
    "display" : "Hipotiroidismo debido a medicamentos y a otras sustancias exogenas"
  },
  {
    "code" : "E033",
    "display" : "Hipotiroidismo postinfeccioso"
  },
  {
    "code" : "E034",
    "display" : "Atrofia de tiroides (adquirida)"
  },
  {
    "code" : "E035",
    "display" : "Coma mixedematoso"
  },
  {
    "code" : "E038",
    "display" : "Otros hipotiroidismos especificados"
  },
  {
    "code" : "E039",
    "display" : "Hipotiroidismo, no especificado"
  },
  {
    "code" : "E040",
    "display" : "Bocio difuso no toxico"
  },
  {
    "code" : "E041",
    "display" : "Nodulo tiroideo solitario no toxico"
  },
  {
    "code" : "E042",
    "display" : "Bocio multinodular no toxico"
  },
  {
    "code" : "E048",
    "display" : "Otros bocios no toxicos especificados"
  },
  {
    "code" : "E049",
    "display" : "Bocio no toxico, no especificado"
  },
  {
    "code" : "E90X",
    "display" : "Trastornos nutricionales y metabolicos en enfermedades clasificadas en otra parte"
  },
  {
    "code" : "F000",
    "display" : "Demencia  en la enfermedad de Alzheimer, de comienzo temprano"
  },
  {
    "code" : "F001",
    "display" : "Demencia  en la enfermedad de Alzheimer, de comienzo tardio"
  },
  {
    "code" : "F002",
    "display" : "Demencia  en la enfermedad de Alzheimer, atipica o de tipo mixto"
  },
  {
    "code" : "F009",
    "display" : "Demencia  en la enfermedad de Alzheimer, no especificada"
  },
  {
    "code" : "F010",
    "display" : "Demencia  vascular de comienzo agudo"
  },
  {
    "code" : "F011",
    "display" : "Demencia  vascular por infartos multiples"
  },
  {
    "code" : "F012",
    "display" : "Demencia  vascular subcortical"
  },
  {
    "code" : "F013",
    "display" : "Demencia  vascular mixta, cortical y subcortical"
  },
  {
    "code" : "F018",
    "display" : "Otras demencia vasculares"
  },
  {
    "code" : "F019",
    "display" : "Demencia  vascular, no especificada"
  },
  {
    "code" : "F020",
    "display" : "Demencia  en la enfermedad de Pick"
  },
  {
    "code" : "F021",
    "display" : "Demencia  en la enfermedad de Creutzfeldt-Jakob"
  },
  {
    "code" : "F022",
    "display" : "Demencia  en la enfermedad de Huntington"
  },
  {
    "code" : "F023",
    "display" : "Demencia  en la enfermedad de Parkinson"
  },
  {
    "code" : "F024",
    "display" : "Demencia  en la enfermedad por virus de la inmunodeficiencia humana [VIH]"
  },
  {
    "code" : "F028",
    "display" : "Demencia  en otras enfermedades especificadas clasificadas en otra parte"
  },
  {
    "code" : "F03X",
    "display" : "Demencia , no especificada"
  },
  {
    "code" : "F04X",
    "display" : "Sindrome amnesico organico, no inducido por alcohol o por otras sustancias psicoactivas"
  },
  {
    "code" : "F99X",
    "display" : "Trastorno mental, no especificado"
  },
  {
    "code" : "G000",
    "display" : "Meningitis por hemofilos"
  },
  {
    "code" : "G001",
    "display" : "Meningitis  neumococica"
  },
  {
    "code" : "G002",
    "display" : "Meningitis estreptococica"
  },
  {
    "code" : "G003",
    "display" : "Meningitis estafilococica"
  },
  {
    "code" : "G008",
    "display" : "Otras meningitis bacterianas"
  },
  {
    "code" : "G009",
    "display" : "Meningitis bacteriana, no especificada"
  },
  {
    "code" : "G01X",
    "display" : "Meningitis en enfermedades bacterianas clasificadas en otra parte"
  },
  {
    "code" : "G020",
    "display" : "Meningitis en enfermedades virales clasificadas en otra parte"
  },
  {
    "code" : "G021",
    "display" : "Meningitis en micosis"
  },
  {
    "code" : "G028",
    "display" : "Meningitis en otras enfermedades infecciosas y parasitarias especificadas clasificadas en otra parte"
  },
  {
    "code" : "G030",
    "display" : "Meningitis apiogena"
  },
  {
    "code" : "G031",
    "display" : "Meningitis cronica"
  },
  {
    "code" : "G032",
    "display" : "Meningitis recurrente benigna [Mollaret]"
  },
  {
    "code" : "G038",
    "display" : "Meningitis debidas a otras causas especificadas"
  },
  {
    "code" : "G039",
    "display" : "Meningitis, no especificada"
  },
  {
    "code" : "G040",
    "display" : "Encefalitis aguda diseminada"
  },
  {
    "code" : "G041",
    "display" : "Mielopatia asociada al virus linfotropico de celulas T humanas"
  },
  {
    "code" : "G042",
    "display" : "Meningoencefalitis y meningomielitis bacterianas, no clasificadas en otra parte"
  },
  {
    "code" : "G048",
    "display" : "Otras encefalitis, mielitis y encefalomielitis"
  },
  {
    "code" : "G049",
    "display" : "Encefalitis, mielitis y encefalomielitis, no especificadas"
  },
  {
    "code" : "G998",
    "display" : "Otros trastornos especificados del sistema nervioso en enfermedades clasificadas en otra parte"
  },
  {
    "code" : "H000",
    "display" : "Orzuelo y otras inflamaciones profundas del parpado"
  },
  {
    "code" : "H001",
    "display" : "Calacio [chalazion]"
  },
  {
    "code" : "H010",
    "display" : "Blefaritis"
  },
  {
    "code" : "H011",
    "display" : "Dermatosis no infecciosa del parpado"
  },
  {
    "code" : "H018",
    "display" : "Otras inflamaciones especificadas del parpado"
  },
  {
    "code" : "H019",
    "display" : "Inflamacion del parpado, no especificada"
  },
  {
    "code" : "H020",
    "display" : "Entropion y triquiasis palpebral"
  },
  {
    "code" : "H021",
    "display" : "Ectropion del parpado"
  },
  {
    "code" : "H022",
    "display" : "Lagoftalmos"
  },
  {
    "code" : "H023",
    "display" : "Blefarocalasia"
  },
  {
    "code" : "H024",
    "display" : "Blefaroptosis"
  },
  {
    "code" : "H025",
    "display" : "Otros trastornos funcionales del parpado"
  },
  {
    "code" : "H026",
    "display" : "Xantelasma del parpado"
  },
  {
    "code" : "H027",
    "display" : "Otros trastornos degenerativos del parpado y del area periocular"
  },
  {
    "code" : "H028",
    "display" : "Otros trastornos especificados del parpado"
  },
  {
    "code" : "H029",
    "display" : "Trastorno del parpado, no especificado"
  },
  {
    "code" : "H030",
    "display" : "Infeccion o infestacion parasitaria del parpado en enfermedades clasificadas en otra parte"
  },
  {
    "code" : "H031",
    "display" : "Compromiso del parpado en enfermedades infecciosas clasificadas en otra parte"
  },
  {
    "code" : "H038",
    "display" : "Compromiso del parpado en enfermedades clasificadas en otra parte"
  },
  {
    "code" : "H040",
    "display" : "Dacrioadenitis"
  },
  {
    "code" : "H041",
    "display" : "Otros trastornos de la glandula lagrimal"
  },
  {
    "code" : "H042",
    "display" : "Epifora"
  },
  {
    "code" : "H043",
    "display" : "Inflamacion aguda y la no especificada de las vias lagrimales"
  },
  {
    "code" : "H044",
    "display" : "Inflamacion cronica de las vias lagrimales"
  },
  {
    "code" : "H045",
    "display" : "Estenosis e insuficiencia de las vias lagrimales"
  },
  {
    "code" : "H046",
    "display" : "Otros cambios de las vias lagrimales"
  },
  {
    "code" : "H048",
    "display" : "Otros trastornos especificados del aparato lagrimal"
  },
  {
    "code" : "H049",
    "display" : "Trastorno del aparato lagrimal, no especificado"
  },
  {
    "code" : "H050",
    "display" : "Inflamacion aguda de la orbita"
  },
  {
    "code" : "H959",
    "display" : "Trastornos no especificados del oido y de la apofisis mastoides, consecutivos a procedimientos"
  },
  {
    "code" : "I00X",
    "display" : "Fiebre reumatica sin mencion de complicacion cardiaca"
  },
  {
    "code" : "I010",
    "display" : "Pericarditis reumatica aguda"
  },
  {
    "code" : "I011",
    "display" : "Endocarditis reumatica aguda"
  },
  {
    "code" : "I012",
    "display" : "Miocarditis reumatica aguda"
  },
  {
    "code" : "I018",
    "display" : "Otras enfermedades reumaticas agudas del corazon"
  },
  {
    "code" : "I019",
    "display" : "Enfermedad reumatica aguda del corazon, no especificada"
  },
  {
    "code" : "I020",
    "display" : "Corea reumatica con complicacion cardiaca"
  },
  {
    "code" : "I029",
    "display" : "Corea reumatica sin mencion de complicacion cardiaca"
  },
  {
    "code" : "I99X",
    "display" : "Otros trastornos y los no especificados del sistema circulatorio"
  },
  {
    "code" : "J00X",
    "display" : "Rinofaringitis aguda [resfriado comun]"
  },
  {
    "code" : "J010",
    "display" : "Sinusitis maxilar aguda"
  },
  {
    "code" : "J011",
    "display" : "Sinusitis frontal aguda"
  },
  {
    "code" : "J012",
    "display" : "Sinusitis etmoidal aguda"
  },
  {
    "code" : "J013",
    "display" : "Sinusitis esfenoidal aguda"
  },
  {
    "code" : "J014",
    "display" : "Pansinusitis aguda"
  },
  {
    "code" : "J018",
    "display" : "Otras sinusitis agudas"
  },
  {
    "code" : "J019",
    "display" : "Sinusitis aguda, no especificada"
  },
  {
    "code" : "J020",
    "display" : "Faringitis estreptococica"
  },
  {
    "code" : "J028",
    "display" : "Faringitis aguda debida a otros microorganismos especificados"
  },
  {
    "code" : "J029",
    "display" : "Faringitis aguda, no especificada"
  },
  {
    "code" : "J030",
    "display" : "Amigdalitis estreptococica"
  },
  {
    "code" : "J038",
    "display" : "Amigdalitis aguda debida a otros microorganismos especificados"
  },
  {
    "code" : "J039",
    "display" : "Amigdalitis aguda, no especificada"
  },
  {
    "code" : "J040",
    "display" : "Laringitis aguda"
  },
  {
    "code" : "J041",
    "display" : "Traqueitis aguda"
  },
  {
    "code" : "J042",
    "display" : "Laringotraqueitis aguda"
  },
  {
    "code" : "J050",
    "display" : "Laringitis obstructiva, aguda [crup]"
  },
  {
    "code" : "Y98X",
    "display" : "Afeccion relacionada con el estilo de vida"
  },
  {
    "code" : "Z000",
    "display" : "Examen medico general"
  },
  {
    "code" : "Z001",
    "display" : "Control de salud de rutina del nino"
  },
  {
    "code" : "Z002",
    "display" : "Examen durante el periodo de crecimiento rapido en la infancia"
  },
  {
    "code" : "Z003",
    "display" : "Examen del estado de desarrollo del adolescente"
  },
  {
    "code" : "Z004",
    "display" : "Examen psiquiatrico general, no clasificado en otra parte"
  },
  {
    "code" : "Z005",
    "display" : "Examen de donante potencial de organo o tejido"
  },
  {
    "code" : "Z006",
    "display" : "Examen para comparacion y control normales en programa de investigacion clinica"
  },
  {
    "code" : "Z008",
    "display" : "Otros examenes generales"
  },
  {
    "code" : "Z010",
    "display" : "Examen de ojos y de la vision"
  },
  {
    "code" : "Z011",
    "display" : "Examen de oidos y de la audicion"
  },
  {
    "code" : "Z012",
    "display" : "Examen odontologico"
  },
  {
    "code" : "Z013",
    "display" : "Examen de la presion sanguinea"
  },
  {
    "code" : "Z014",
    "display" : "Examen ginecologico (general) (de rutina)"
  },
  {
    "code" : "Z015",
    "display" : "Pruebas de sensibilizacion y diagnostico cutaneo"
  },
  {
    "code" : "Z016",
    "display" : "Examen radiologico, no clasificado en otra parte"
  },
  {
    "code" : "Z017",
    "display" : "Examen de laboratorio"
  },
  {
    "code" : "Z018",
    "display" : "Otros examenes especiales especificados"
  },
  {
    "code" : "Z019",
    "display" : "Examen especial no especificado"
  },
  {
    "code" : "Z020",
    "display" : "Examen para admision a instituciones educativas"
  },
  {
    "code" : "Z021",
    "display" : "Examen preempleo"
  },
  {
    "code" : "Z022",
    "display" : "Examen para admision a instituciones residenciales"
  },
  {
    "code" : "Z023",
    "display" : "Examen para reclutamiento en las fuerzas armadas"
  },
  {
    "code" : "Z024",
    "display" : "Examen para obtencion de licencia de conducir"
  },
  {
    "code" : "Z025",
    "display" : "Examen para participacion en competencias deportivas"
  },
  {
    "code" : "Z026",
    "display" : "Examen para fines de seguros"
  },
  {
    "code" : "Z027",
    "display" : "Extension de certificado medico"
  },
  {
    "code" : "Z028",
    "display" : "Otros examenes para fines administrativos"
  },
  {
    "code" : "Z029",
    "display" : "Examen para fines administrativos, no especificado"
  },
  {
    "code" : "Z030",
    "display" : "Observacion por sospecha de tuberculosis"
  },
  {
    "code" : "Z031",
    "display" : "Observacion por sospecha de tumor maligno"
  },
  {
    "code" : "Z032",
    "display" : "Observacion por sospecha de trastorno mental y del comportamiento"
  },
  {
    "code" : "Z033",
    "display" : "Observacion por sospecha de trastorno del sistema nervioso"
  },
  {
    "code" : "Z034",
    "display" : "Observacion por sospecha de infarto de miocardio"
  },
  {
    "code" : "Z035",
    "display" : "Observacion por sospecha de otras enfermedades cardiovasculares"
  },
  {
    "code" : "Z036",
    "display" : "Observacion por sospecha de efectos toxicos de sustancias ingeridas"
  },
  {
    "code" : "Z038",
    "display" : "Observacion por sospecha de otras enfermedades y afecciones"
  },
  {
    "code" : "Z039",
    "display" : "Observacion por sospecha de enfermedad o afeccion no especificada"
  },
  {
    "code" : "Z040",
    "display" : "Prueba de alcohol o drogas en la sangre"
  },
  {
    "code" : "Z041",
    "display" : "Examen y observacion consecutivos a accidente de transporte"
  },
  {
    "code" : "Z042",
    "display" : "Examen y observacion consecutivos a accidente de trabajo"
  },
  {
    "code" : "Z043",
    "display" : "Examen y observacion consecutivos a otro accidente"
  },
  {
    "code" : "Z044",
    "display" : "Examen y observacion consecutivos a denuncia de violacion y seduccion"
  },
  {
    "code" : "Z045",
    "display" : "Examen y observacion consecutivos a otra lesion infligida"
  },
  {
    "code" : "Z046",
    "display" : "Examen psiquiatrico general, solicitado por una autoridad"
  },
  {
    "code" : "Z048",
    "display" : "Examen y observacion por otras razones especificadas"
  },
  {
    "code" : "Z049",
    "display" : "Examen y observacion por razones no especificadas"
  },
  {
    "code" : "Z990",
    "display" : "Dependencia de aspirador"
  },
  {
    "code" : "Z991",
    "display" : "Dependencia de respirador"
  },
  {
    "code" : "Z992",
    "display" : "Dependencia de dialisis renal"
  },
  {
    "code" : "Z993",
    "display" : "Dependencia de silla de ruedas"
  },
  {
    "code" : "Z994",
    "display" : "Dependencia de corazón artificial"
  },
  {
    "code" : "Z998",
    "display" : "Dependencia de otras maquinas y dispositivos capacitantes"
  },
  {
    "code" : "Z999",
    "display" : "Dependencia de maquina y dispositivo capacitante, no especificada"
  }]
}