{
  "resourceType" : "CodeSystem",
  "id" : "tipos-documento-codesystem",
  "text" : {
    "status" : "generated",
    "div" : "<div xmlns=\"http://www.w3.org/1999/xhtml\"><p class=\"res-header-id\"><b>Generated Narrative: CodeSystem tipos-documento-codesystem</b></p><a name=\"tipos-documento-codesystem\"> </a><a name=\"hctipos-documento-codesystem\"> </a><p>This  code system <code>http://recuperocaba.gob.ar/CodeSystem/tipos-documento-codesystem</code> defines the following codes:</p><table class=\"codes\"><tr><td style=\"white-space:nowrap\"><b>Code</b></td><td><b>Display</b></td></tr><tr><td style=\"white-space:nowrap\">DNI<a name=\"tipos-documento-codesystem-DNI\"> </a></td><td>DOCUMENTO NACIONAL DE IDENTIDAD ARGENTINO</td></tr><tr><td style=\"white-space:nowrap\">PAS-CL<a name=\"tipos-documento-codesystem-PAS-CL\"> </a></td><td>PASAPORTE CHILENO</td></tr><tr><td style=\"white-space:nowrap\">PAS-UR<a name=\"tipos-documento-codesystem-PAS-UR\"> </a></td><td>PASAPORTE URUGUAYO</td></tr><tr><td style=\"white-space:nowrap\">PAS-CO<a name=\"tipos-documento-codesystem-PAS-CO\"> </a></td><td>PASAPORTE COLOMBIANO</td></tr><tr><td style=\"white-space:nowrap\">PAS-BR<a name=\"tipos-documento-codesystem-PAS-BR\"> </a></td><td>PASAPORTE BRASILEÑO</td></tr><tr><td style=\"white-space:nowrap\">PAS-BO<a name=\"tipos-documento-codesystem-PAS-BO\"> </a></td><td>PASAPORTE BOLIVIANO</td></tr><tr><td style=\"white-space:nowrap\">PAS-EC<a name=\"tipos-documento-codesystem-PAS-EC\"> </a></td><td>PASAPORTE ECUATORIANO</td></tr><tr><td style=\"white-space:nowrap\">PAS-VE<a name=\"tipos-documento-codesystem-PAS-VE\"> </a></td><td>PASAPORTE VENEZOLANO</td></tr><tr><td style=\"white-space:nowrap\">PAS-US<a name=\"tipos-documento-codesystem-PAS-US\"> </a></td><td>PASAPORTE NORTEAMERICANO</td></tr></table></div>"
  },
  "url" : "http://recuperocaba.gob.ar/CodeSystem/tipos-documento-codesystem",
  "version" : "0.1.0",
  "name" : "RecuperoTiposDocumentoCS",
  "title" : "Tipos de Documento",
  "status" : "draft",
  "date" : "2025-07-14T12:58:17-03:00",
  "publisher" : "HL7 Argentina",
  "contact" : [{
    "name" : "HL7 Argentina",
    "telecom" : [{
      "system" : "url",
      "value" : "http://hl7.org.ar"
    },
    {
      "system" : "email",
      "value" : "info@hl7.org.ar"
    }]
  }],
  "description" : "Listado de Tipos de Documento para Personas",
  "content" : "complete",
  "count" : 9,
  "concept" : [{
    "code" : "DNI",
    "display" : "DOCUMENTO NACIONAL DE IDENTIDAD ARGENTINO"
  },
  {
    "code" : "PAS-CL",
    "display" : "PASAPORTE CHILENO"
  },
  {
    "code" : "PAS-UR",
    "display" : "PASAPORTE URUGUAYO"
  },
  {
    "code" : "PAS-CO",
    "display" : "PASAPORTE COLOMBIANO"
  },
  {
    "code" : "PAS-BR",
    "display" : "PASAPORTE BRASILEÑO"
  },
  {
    "code" : "PAS-BO",
    "display" : "PASAPORTE BOLIVIANO"
  },
  {
    "code" : "PAS-EC",
    "display" : "PASAPORTE ECUATORIANO"
  },
  {
    "code" : "PAS-VE",
    "display" : "PASAPORTE VENEZOLANO"
  },
  {
    "code" : "PAS-US",
    "display" : "PASAPORTE NORTEAMERICANO"
  }]
}