{
  "resourceType" : "CodeSystem",
  "id" : "profesiones-efectores-codesystem",
  "text" : {
    "status" : "generated",
    "div" : "<div xmlns=\"http://www.w3.org/1999/xhtml\"><p class=\"res-header-id\"><b>Generated Narrative: CodeSystem profesiones-efectores-codesystem</b></p><a name=\"profesiones-efectores-codesystem\"> </a><a name=\"hcprofesiones-efectores-codesystem\"> </a><p>This case-sensitive code system <code>http://recuperocaba.gob.ar/CodeSystem/profesiones-efectores-codesystem</code> defines the following codes:</p><table class=\"codes\"><tr><td style=\"white-space:nowrap\"><b>Code</b></td><td><b>Display</b></td><td><b>Definition</b></td></tr><tr><td style=\"white-space:nowrap\">27<a name=\"profesiones-efectores-codesystem-27\"> </a></td><td>Bioquímico</td><td>Bioquímico</td></tr><tr><td style=\"white-space:nowrap\">28<a name=\"profesiones-efectores-codesystem-28\"> </a></td><td>Licenciado en bioquímica</td><td>Licenciado en bioquímica</td></tr><tr><td style=\"white-space:nowrap\">29<a name=\"profesiones-efectores-codesystem-29\"> </a></td><td>Profesiones de análisis clínicos</td><td>Profesiones de análisis clínicos</td></tr><tr><td style=\"white-space:nowrap\">30<a name=\"profesiones-efectores-codesystem-30\"> </a></td><td>Licenciado en química</td><td>Licenciado en química</td></tr><tr><td style=\"white-space:nowrap\">31<a name=\"profesiones-efectores-codesystem-31\"> </a></td><td>Químico</td><td>Químico</td></tr><tr><td style=\"white-space:nowrap\">32<a name=\"profesiones-efectores-codesystem-32\"> </a></td><td>Licenciado en física-química</td><td>Licenciado en física-química</td></tr><tr><td style=\"white-space:nowrap\">33<a name=\"profesiones-efectores-codesystem-33\"> </a></td><td>Licenciado en química industrial</td><td>Licenciado en química industrial</td></tr><tr><td style=\"white-space:nowrap\">34<a name=\"profesiones-efectores-codesystem-34\"> </a></td><td>Licenciado en análisis clínicos</td><td>Licenciado en análisis clínicos</td></tr><tr><td style=\"white-space:nowrap\">35<a name=\"profesiones-efectores-codesystem-35\"> </a></td><td>Ingeniero químico</td><td>Ingeniero químico</td></tr><tr><td style=\"white-space:nowrap\">41<a name=\"profesiones-efectores-codesystem-41\"> </a></td><td>Licenciado biología</td><td>Licenciado biología</td></tr><tr><td style=\"white-space:nowrap\">42<a name=\"profesiones-efectores-codesystem-42\"> </a></td><td>Biólogo</td><td>Biólogo</td></tr><tr><td style=\"white-space:nowrap\">43<a name=\"profesiones-efectores-codesystem-43\"> </a></td><td>Licenciado biología molecular</td><td>Licenciado biología molecular</td></tr><tr><td style=\"white-space:nowrap\">44<a name=\"profesiones-efectores-codesystem-44\"> </a></td><td>Licenciado microbiología</td><td>Licenciado microbiología</td></tr><tr><td style=\"white-space:nowrap\">45<a name=\"profesiones-efectores-codesystem-45\"> </a></td><td>Microbiólogo</td><td>Microbiólogo</td></tr><tr><td style=\"white-space:nowrap\">46<a name=\"profesiones-efectores-codesystem-46\"> </a></td><td>Bacteriólogo</td><td>Bacteriólogo</td></tr><tr><td style=\"white-space:nowrap\">47<a name=\"profesiones-efectores-codesystem-47\"> </a></td><td>Bacteriólogo clínico industrial</td><td>Bacteriólogo clínico industrial</td></tr><tr><td style=\"white-space:nowrap\">48<a name=\"profesiones-efectores-codesystem-48\"> </a></td><td>Licenciado en genética</td><td>Licenciado en genética</td></tr><tr><td style=\"white-space:nowrap\">49<a name=\"profesiones-efectores-codesystem-49\"> </a></td><td>Bromatólogo</td><td>Bromatólogo</td></tr><tr><td style=\"white-space:nowrap\">50<a name=\"profesiones-efectores-codesystem-50\"> </a></td><td>Licenciado en bromatología</td><td>Licenciado en bromatología</td></tr><tr><td style=\"white-space:nowrap\">51<a name=\"profesiones-efectores-codesystem-51\"> </a></td><td>Licenciado en tecnología y alimentos</td><td>Licenciado en tecnología y alimentos</td></tr></table></div>"
  },
  "url" : "http://recuperocaba.gob.ar/CodeSystem/profesiones-efectores-codesystem",
  "version" : "0.1.0",
  "name" : "RecuperoProfesionesEfectoresCS",
  "title" : "Profesiones Efectores para Recupero",
  "status" : "active",
  "experimental" : false,
  "date" : "2025-07-14T16:52:57-03:00",
  "publisher" : "HL7 Argentina",
  "contact" : [{
    "name" : "HL7 Argentina",
    "telecom" : [{
      "system" : "url",
      "value" : "http://hl7.org.ar"
    },
    {
      "system" : "email",
      "value" : "info@hl7.org.ar"
    }]
  }],
  "description" : "Listado de Profesiones para Efectores",
  "caseSensitive" : true,
  "content" : "complete",
  "count" : 20,
  "concept" : [{
    "code" : "27",
    "display" : "Bioquímico",
    "definition" : "Bioquímico"
  },
  {
    "code" : "28",
    "display" : "Licenciado en bioquímica",
    "definition" : "Licenciado en bioquímica"
  },
  {
    "code" : "29",
    "display" : "Profesiones de análisis clínicos",
    "definition" : "Profesiones de análisis clínicos"
  },
  {
    "code" : "30",
    "display" : "Licenciado en química",
    "definition" : "Licenciado en química"
  },
  {
    "code" : "31",
    "display" : "Químico",
    "definition" : "Químico"
  },
  {
    "code" : "32",
    "display" : "Licenciado en física-química",
    "definition" : "Licenciado en física-química"
  },
  {
    "code" : "33",
    "display" : "Licenciado en química industrial",
    "definition" : "Licenciado en química industrial"
  },
  {
    "code" : "34",
    "display" : "Licenciado en análisis clínicos",
    "definition" : "Licenciado en análisis clínicos"
  },
  {
    "code" : "35",
    "display" : "Ingeniero químico",
    "definition" : "Ingeniero químico"
  },
  {
    "code" : "41",
    "display" : "Licenciado biología",
    "definition" : "Licenciado biología"
  },
  {
    "code" : "42",
    "display" : "Biólogo",
    "definition" : "Biólogo"
  },
  {
    "code" : "43",
    "display" : "Licenciado biología molecular",
    "definition" : "Licenciado biología molecular"
  },
  {
    "code" : "44",
    "display" : "Licenciado microbiología",
    "definition" : "Licenciado microbiología"
  },
  {
    "code" : "45",
    "display" : "Microbiólogo",
    "definition" : "Microbiólogo"
  },
  {
    "code" : "46",
    "display" : "Bacteriólogo",
    "definition" : "Bacteriólogo"
  },
  {
    "code" : "47",
    "display" : "Bacteriólogo clínico industrial",
    "definition" : "Bacteriólogo clínico industrial"
  },
  {
    "code" : "48",
    "display" : "Licenciado en genética",
    "definition" : "Licenciado en genética"
  },
  {
    "code" : "49",
    "display" : "Bromatólogo",
    "definition" : "Bromatólogo"
  },
  {
    "code" : "50",
    "display" : "Licenciado en bromatología",
    "definition" : "Licenciado en bromatología"
  },
  {
    "code" : "51",
    "display" : "Licenciado en tecnología y alimentos",
    "definition" : "Licenciado en tecnología y alimentos"
  }]
}