{
  "codeSystems" : [
    {
      "url" : "http://hl7.org/fhir/administrative-gender",
      "version" : "4.0.1",
      "status" : "active",
      "name" : "AdministrativeGender",
      "title" : "AdministrativeGender",
      "description" : "The gender of a person used for administrative purposes.",
      "oids" : ["2.16.840.1.113883.4.642.4.2"],
      "uses" : {
      },
      "http://hl7.org/fhir/R4/valueset-administrative-gender.html" : "AdministrativeGender"
    },
    {
      "url" : "http://hl7.org/fhir/bundle-type",
      "version" : "4.0.1",
      "status" : "active",
      "name" : "BundleType",
      "title" : "BundleType",
      "description" : "Indicates the purpose of a bundle - how it is intended to be used.",
      "oids" : ["2.16.840.1.113883.4.642.4.621"],
      "uses" : {
      },
      "http://hl7.org/fhir/R4/valueset-bundle-type.html" : "BundleType"
    },
    {
      "url" : "http://hl7.org/fhir/claim-use",
      "version" : "4.0.1",
      "status" : "draft",
      "name" : "Use",
      "title" : "Use",
      "description" : "The purpose of the Claim: predetermination, preauthorization, claim.",
      "oids" : ["2.16.840.1.113883.4.642.4.545"],
      "uses" : {
      },
      "http://hl7.org/fhir/R4/valueset-claim-use.html" : "Use"
    },
    {
      "url" : "http://hl7.org/fhir/composition-status",
      "version" : "4.0.1",
      "status" : "draft",
      "name" : "CompositionStatus",
      "title" : "CompositionStatus",
      "description" : "The workflow/clinical status of the composition.",
      "oids" : ["2.16.840.1.113883.4.642.4.242"],
      "uses" : {
      },
      "http://hl7.org/fhir/R4/valueset-composition-status.html" : "CompositionStatus"
    },
    {
      "url" : "http://hl7.org/fhir/document-reference-status",
      "version" : "4.0.1",
      "status" : "draft",
      "name" : "DocumentReferenceStatus",
      "title" : "DocumentReferenceStatus",
      "description" : "The status of the document reference.",
      "oids" : ["2.16.840.1.113883.4.642.4.8"],
      "uses" : {
      },
      "http://hl7.org/fhir/R4/valueset-document-reference-status.html" : "DocumentReferenceStatus"
    },
    {
      "url" : "http://hl7.org/fhir/document-relationship-type",
      "version" : "4.0.1",
      "status" : "draft",
      "name" : "DocumentRelationshipType",
      "title" : "DocumentRelationshipType",
      "description" : "The type of relationship between documents.",
      "oids" : ["2.16.840.1.113883.4.642.4.245"],
      "uses" : {
      },
      "http://hl7.org/fhir/R4/valueset-document-relationship-type.html" : "DocumentRelationshipType"
    },
    {
      "url" : "http://hl7.org/fhir/encounter-location-status",
      "version" : "4.0.1",
      "status" : "draft",
      "name" : "EncounterLocationStatus",
      "title" : "EncounterLocationStatus",
      "description" : "The status of the location.",
      "oids" : ["2.16.840.1.113883.4.642.4.263"],
      "uses" : {
      },
      "http://hl7.org/fhir/R4/valueset-encounter-location-status.html" : "EncounterLocationStatus"
    },
    {
      "url" : "http://hl7.org/fhir/encounter-status",
      "version" : "4.0.1",
      "status" : "draft",
      "name" : "EncounterStatus",
      "title" : "EncounterStatus",
      "description" : "Current state of the encounter.",
      "oids" : ["2.16.840.1.113883.4.642.4.247"],
      "uses" : {
      },
      "http://hl7.org/fhir/R4/valueset-encounter-status.html" : "EncounterStatus"
    },
    {
      "url" : "http://hl7.org/fhir/fm-status",
      "version" : "4.0.1",
      "status" : "draft",
      "name" : "FinancialResourceStatusCodes",
      "title" : "Financial Resource Status Codes",
      "description" : "This value set includes Status codes.",
      "oids" : ["2.16.840.1.113883.4.642.4.593"],
      "uses" : {
      },
      "http://hl7.org/fhir/R4/valueset-fm-status.html" : "Financial Resource Status Codes"
    },
    {
      "url" : "http://hl7.org/fhir/http-verb",
      "version" : "4.0.1",
      "status" : "active",
      "name" : "HTTPVerb",
      "title" : "HTTPVerb",
      "description" : "HTTP verbs (in the HTTP command line). See [HTTP rfc](https://tools.ietf.org/html/rfc7231) for details.",
      "oids" : ["2.16.840.1.113883.4.642.4.625"],
      "uses" : {
      },
      "http://hl7.org/fhir/R4/valueset-http-verb.html" : "HTTPVerb"
    },
    {
      "url" : "http://hl7.org/fhir/identifier-use",
      "version" : "4.0.1",
      "status" : "active",
      "name" : "IdentifierUse",
      "title" : "IdentifierUse",
      "description" : "Identifies the purpose for this identifier, if known .",
      "oids" : ["2.16.840.1.113883.4.642.4.58"],
      "uses" : {
      },
      "http://hl7.org/fhir/R4/valueset-identifier-use.html" : "IdentifierUse"
    },
    {
      "url" : "http://hl7.org/fhir/link-type",
      "version" : "4.0.1",
      "status" : "active",
      "name" : "LinkType",
      "title" : "LinkType",
      "description" : "The type of link between this patient resource and another patient resource.",
      "oids" : ["2.16.840.1.113883.4.642.4.424"],
      "uses" : {
      },
      "http://hl7.org/fhir/R4/valueset-link-type.html" : "LinkType"
    },
    {
      "url" : "http://hl7.org/fhir/name-use",
      "version" : "4.0.1",
      "status" : "active",
      "name" : "NameUse",
      "title" : "NameUse",
      "description" : "The use of a human name.",
      "oids" : ["2.16.840.1.113883.4.642.4.66"],
      "uses" : {
      },
      "http://hl7.org/fhir/R4/valueset-name-use.html" : "NameUse"
    },
    {
      "url" : "http://hl7.org/fhir/request-intent",
      "version" : "4.0.1",
      "status" : "draft",
      "name" : "RequestIntent",
      "title" : "RequestIntent",
      "description" : "Codes indicating the degree of authority/intentionality associated with a request.",
      "oids" : ["2.16.840.1.113883.4.642.4.114"],
      "uses" : {
      },
      "http://hl7.org/fhir/R4/valueset-request-intent.html" : "RequestIntent"
    },
    {
      "url" : "http://hl7.org/fhir/request-priority",
      "version" : "4.0.1",
      "status" : "draft",
      "name" : "RequestPriority",
      "title" : "RequestPriority",
      "description" : "Identifies the level of importance to be assigned to actioning the request.",
      "oids" : ["2.16.840.1.113883.4.642.4.116"],
      "uses" : {
      },
      "http://hl7.org/fhir/R4/valueset-request-priority.html" : "Request priority"
    },
    {
      "url" : "http://hl7.org/fhir/request-status",
      "version" : "4.0.1",
      "status" : "draft",
      "name" : "RequestStatus",
      "title" : "RequestStatus",
      "description" : "Codes identifying the lifecycle stage of a request.",
      "oids" : ["2.16.840.1.113883.4.642.4.112"],
      "uses" : {
      },
      "http://hl7.org/fhir/R4/valueset-request-status.html" : "RequestStatus"
    },
    {
      "url" : "http://hl7.org/fhir/resource-types",
      "version" : "4.0.1",
      "status" : "active",
      "name" : "ResourceType",
      "title" : "ResourceType",
      "description" : "One of the resource types defined as part of this version of FHIR.",
      "uses" : {
      },
      "http://hl7.org/fhir/R4/valueset-resource-types.html" : "ResourceType"
    },
    {
      "url" : "http://hl7.org/fhir/search-entry-mode",
      "version" : "4.0.1",
      "status" : "active",
      "name" : "SearchEntryMode",
      "title" : "SearchEntryMode",
      "description" : "Why an entry is in the result set - whether it's included as a match or because of an _include requirement, or to convey information or warning information about the search process.",
      "oids" : ["2.16.840.1.113883.4.642.4.623"],
      "uses" : {
      },
      "http://hl7.org/fhir/R4/valueset-search-entry-mode.html" : "SearchEntryMode"
    },
    {
      "url" : "http://hl7.org/fhir/sid/ex-icd-10-procedures",
      "version" : "4.0.1",
      "status" : "draft",
      "name" : "ICD-10ProcedureCodes",
      "title" : "ICD-10 Procedure Codes",
      "description" : "This value set includes sample ICD-10 Procedure codes.",
      "oids" : ["2.16.840.1.113883.4.642.4.575"],
      "uses" : {
      },
      "http://hl7.org/fhir/R4/valueset-icd-10-procedures.html" : "ICD-10 Procedure Codes"
    },
    {
      "url" : "http://hl7.org/fhir/sid/icd-10",
      "version" : "2.1.1",
      "status" : "retired",
      "name" : "Icd10",
      "title" : "ICD-10",
      "description" : "International Classification of Diseases revision 10 (ICD 10)",
      "oids" : ["2.16.840.1.113883.6.3"],
      "uses" : {
      },
      "http://hl7.org/fhir/R4/valueset-icd-10.html" : "ICD-10 Codes"
    },
    {
      "url" : "http://loinc.org",
      "version" : "3.1.0",
      "status" : "active",
      "name" : "LOINC",
      "title" : "Logical Observation Identifiers, Names and Codes (LOINC)",
      "description" : "LOINC provides a set of universal names and ID codes for identifying laboratory and clinical test results.1,2 LOINC facilitates the exchange and pooling of results, such as blood hemoglobin, serum potassium, or vital signs, for clinical care, outcomes management, and research. LOINC's universal identifiers (names and codes) can be used in the context of order and observation exchanges between information systems that use syntax standards such as HL73, CEN TC251, ISO TC215, ASTM4, and DICOM. Specifically, the identifier can be used as the coded value for an observation in any other standard that uses the observation/observation value paradigm, whether messages, documents, application programming interface (API), etc. For example, LOINC codes are used widely in the OBX segment Observation Identifier field (OBX-3) of an ORU HL7 (HL7 version 2.x or ASTM 1238-9410) message that may be sent between a Clinical Laboratory Information Management Systems (LIMS) and Electronic Health Record Systems (EHR).5, 6 In this way, LOINC codes provide universal identifiers that allow the exchange of clinical data between heterogeneous computing environments.",
      "oids" : ["2.16.840.1.113883.6.1"],
      "uses" : {
      },
      "http://hl7.org/fhir/R4/valueset-document-classcodes.html" : "Document Class Value Set",
      "http://hl7.org/fhir/R4/valueset-c80-doc-typecodes.html" : "Document Type Value Set"
    },
    {
      "url" : "http://recuperocaba.gob.ar/CodeSystem/coberturas-codesystem",
      "version" : "0.1.0",
      "status" : "active",
      "name" : "RecuperoCoberturasCS",
      "title" : "Coberturas para Recupero",
      "description" : "Listado de Coberturas",
      "uses" : {
      },
      "ValueSet-recuperocoberturas-valueset.html" : "Recupero Coberturas ValueSet"
    },
    {
      "url" : "http://recuperocaba.gob.ar/CodeSystem/diagnosticos-codesystem",
      "version" : "0.1.0",
      "status" : "active",
      "name" : "RecuperoDiagnosticosCS",
      "title" : "Diagnósticos para Recupero",
      "description" : "Listado de Diagnósticos",
      "uses" : {
      },
      "ValueSet-recuperodiagnosticos-valueset.html" : "Recupero Diagnosticos ValueSet"
    },
    {
      "url" : "http://recuperocaba.gob.ar/CodeSystem/procedimientos-codesystem",
      "version" : "0.1.0",
      "status" : "active",
      "name" : "RecuperoProcedimientosCS",
      "title" : "Procedimientos para Recupero",
      "description" : "Listado de Procedimientos",
      "uses" : {
      },
      "ValueSet-recuperoprocedimientos-valueset.html" : "Recupero Procedimientos ValueSet"
    },
    {
      "url" : "http://recuperocaba.gob.ar/CodeSystem/profesiones-codesystem",
      "version" : "0.1.0",
      "status" : "active",
      "name" : "RecuperoProfesionesCS",
      "title" : "Profesiones Solicitantes para Recupero",
      "description" : "Listado de Profesiones para Solicitantes",
      "uses" : {
      },
      "ValueSet-recuperoprofesiones-valueset.html" : "Recupero Profesiones ValueSet"
    },
    {
      "url" : "http://recuperocaba.gob.ar/CodeSystem/profesiones-efectores-codesystem",
      "version" : "0.1.0",
      "status" : "active",
      "name" : "RecuperoProfesionesEfectoresCS",
      "title" : "Profesiones Efectores para Recupero",
      "description" : "Listado de Profesiones para Efectores",
      "uses" : {
      },
      "ValueSet-recuperoprofesionesefectores-valueset.html" : "Recupero Profesiones Efectores ValueSet"
    },
    {
      "url" : "http://recuperocaba.gob.ar/CodeSystem/tipos-documento-codesystem",
      "version" : "0.1.0",
      "status" : "draft",
      "name" : "RecuperoTiposDocumentoCS",
      "title" : "Tipos de Documento",
      "description" : "Listado de Tipos de Documento para Personas",
      "uses" : {
      },
      "ValueSet-recuperotiposdocumento-valueset.html" : "Recupero TiposDocumento ValueSet"
    },
    {
      "url" : "http://recuperocaba.gob.ar/CodeSystem/tipos-matricula-codesystem",
      "version" : "0.1.0",
      "status" : "draft",
      "name" : "RecuperoTiposMatriculaCS",
      "title" : "Tipos de Matricula",
      "description" : "Listado de Entidades certificantes de matriculas para REFEPS Codesystem",
      "uses" : {
      },
      "ValueSet-recuperotiposmatricula-valueset.html" : "Recupero TiposMatricula ValueSet"
    },
    {
      "url" : "http://snomed.info/sct",
      "version" : null,
      "status" : "active",
      "name" : "SNOMED_CT",
      "title" : "SNOMED CT (all versions)",
      "description" : "SNOMED CT is the most comprehensive and precise clinical health terminology product in the world, owned and distributed around the world by The International Health Terminology Standards Development Organisation (IHTSDO).",
      "oids" : ["2.16.840.1.113883.6.96"],
      "uses" : {
      },
      "http://hl7.org/fhir/R4/valueset-encounter-reason.html" : "Encounter Reason Codes",
      "http://hl7.org/fhir/R4/valueset-procedure-reason.html" : "Procedure Reason Codes",
      "http://hl7.org/fhir/R4/valueset-participant-role.html" : "Participant Roles",
      "http://hl7.org/fhir/R4/valueset-body-site.html" : "SNOMED CT Body Structures",
      "http://hl7.org/fhir/R4/valueset-c80-facilitycodes.html" : "Facility Type Code Value Set",
      "http://hl7.org/fhir/R4/valueset-procedure-code.html" : "Procedure Codes (SNOMED CT)",
      "http://hl7.org/fhir/R4/valueset-medication-as-needed-reason.html" : "SNOMED CT Medication As Needed Reason Codes",
      "http://hl7.org/fhir/R4/valueset-servicerequest-category.html" : "Service Request Category Codes",
      "http://hl7.org/fhir/R4/valueset-servicerequest-orderdetail.html" : "Service Request Order Details Codes",
      "http://hl7.org/fhir/R4/valueset-c80-practice-codes.html" : "Practice Setting Code Value Set"
    },
    {
      "url" : "http://terminology.hl7.org/CodeSystem/FDI-surface",
      "version" : "1.0.0",
      "status" : "draft",
      "name" : "SurfaceCodes",
      "title" : "Surface Codes",
      "description" : "This value set includes a smattering of FDI tooth surface codes.",
      "oids" : ["2.16.840.1.113883.4.642.1.1154"],
      "uses" : {
      },
      "http://hl7.org/fhir/R4/valueset-surface.html" : "Surface Codes"
    },
    {
      "url" : "http://terminology.hl7.org/CodeSystem/admit-source",
      "version" : "1.0.1",
      "status" : "active",
      "name" : "AdmitSource",
      "title" : "Admit source",
      "description" : "This value set defines a set of codes that can be used to indicate from where the patient came in.",
      "oids" : ["2.16.840.1.113883.4.642.1.1092"],
      "uses" : {
      },
      "http://hl7.org/fhir/R4/valueset-encounter-admit-source.html" : "Admit source"
    },
    {
      "url" : "http://terminology.hl7.org/CodeSystem/claim-exception",
      "version" : "1.0.1",
      "status" : "active",
      "name" : "ExceptionCodes",
      "title" : "Exception Codes",
      "description" : "This value set includes sample Exception codes.",
      "oids" : ["2.16.840.1.113883.4.642.1.1162"],
      "uses" : {
      },
      "http://hl7.org/fhir/R4/valueset-claim-exception.html" : "Exception Codes"
    },
    {
      "url" : "http://terminology.hl7.org/CodeSystem/claim-type",
      "version" : "1.0.1",
      "status" : "active",
      "name" : "ClaimTypeCodes",
      "title" : "Claim Type Codes",
      "description" : "This value set includes Claim Type codes.",
      "oids" : ["2.16.840.1.113883.4.642.1.1156"],
      "uses" : {
      },
      "http://hl7.org/fhir/R4/valueset-claim-type.html" : "Claim Type Codes"
    },
    {
      "url" : "http://terminology.hl7.org/CodeSystem/claimcareteamrole",
      "version" : "1.0.1",
      "status" : "active",
      "name" : "ClaimCareTeamRoleCodes",
      "title" : "Claim Care Team Role Codes",
      "description" : "Claim roles of the care team members providing products and services.",
      "oids" : ["2.16.840.1.113883.4.642.1.1165"],
      "uses" : {
      },
      "http://hl7.org/fhir/R4/valueset-claim-careteamrole.html" : "Claim Care Team Role Codes"
    },
    {
      "url" : "http://terminology.hl7.org/CodeSystem/claiminformationcategory",
      "version" : "1.0.1",
      "status" : "active",
      "name" : "ClaimInformationCategoryCodes",
      "title" : "Claim Information Category Codes",
      "description" : "This value set includes sample Information Category codes.",
      "oids" : ["2.16.840.1.113883.4.642.1.1163"],
      "uses" : {
      },
      "http://hl7.org/fhir/R4/valueset-claim-informationcategory.html" : "Claim Information Category Codes"
    },
    {
      "url" : "http://terminology.hl7.org/CodeSystem/diagnosis-role",
      "version" : "1.1.1",
      "status" : "active",
      "name" : "DiagnosisRole",
      "title" : "Diagnosis Role",
      "description" : "This value set defines a set of codes that can be used to express the role of a diagnosis on the Encounter or EpisodeOfCare record.",
      "oids" : ["2.16.840.1.113883.4.642.1.1054"],
      "uses" : {
      },
      "http://hl7.org/fhir/R4/valueset-diagnosis-role.html" : "DiagnosisRole"
    },
    {
      "url" : "http://terminology.hl7.org/CodeSystem/diet",
      "version" : "1.0.1",
      "status" : "active",
      "name" : "Diet",
      "title" : "Diet",
      "description" : "This value set defines a set of codes that can be used to indicate dietary preferences or restrictions a patient may have.",
      "oids" : ["2.16.840.1.113883.4.642.1.1091"],
      "uses" : {
      },
      "http://hl7.org/fhir/R4/valueset-encounter-diet.html" : "Diet"
    },
    {
      "url" : "http://terminology.hl7.org/CodeSystem/discharge-disposition",
      "version" : "1.0.1",
      "status" : "active",
      "name" : "DischargeDisposition",
      "title" : "Discharge disposition",
      "description" : "This value set defines a set of codes that can be used to where the patient left the hospital.",
      "oids" : ["2.16.840.1.113883.4.642.1.1093"],
      "uses" : {
      },
      "http://hl7.org/fhir/R4/valueset-encounter-discharge-disposition.html" : "Discharge disposition"
    },
    {
      "url" : "http://terminology.hl7.org/CodeSystem/encounter-special-arrangements",
      "version" : "1.0.1",
      "status" : "active",
      "name" : "SpecialArrangements",
      "title" : "Special arrangements",
      "description" : "This value set defines a set of codes that can be used to indicate the kinds of special arrangements in place for a patients visit.",
      "oids" : ["2.16.840.1.113883.4.642.1.1090"],
      "uses" : {
      },
      "http://hl7.org/fhir/R4/valueset-encounter-special-arrangements.html" : "Special arrangements"
    },
    {
      "url" : "http://terminology.hl7.org/CodeSystem/encounter-type",
      "version" : "1.0.1",
      "status" : "active",
      "name" : "EncounterType",
      "title" : "Encounter type",
      "description" : "This example value set defines a set of codes that can be used to indicate the type of encounter: a specific code indicating type of service provided.",
      "oids" : ["2.16.840.1.113883.4.642.1.1088"],
      "uses" : {
      },
      "http://hl7.org/fhir/R4/valueset-encounter-type.html" : "Encounter type"
    },
    {
      "url" : "http://terminology.hl7.org/CodeSystem/ex-USCLS",
      "version" : "1.0.0",
      "status" : "draft",
      "name" : "USCLSCodes",
      "title" : "USCLS Codes",
      "description" : "This value set includes a smattering of USCLS codes.",
      "oids" : ["2.16.840.1.113883.4.642.1.1153"],
      "uses" : {
      },
      "http://hl7.org/fhir/R4/valueset-service-uscls.html" : "USCLS Codes"
    },
    {
      "url" : "http://terminology.hl7.org/CodeSystem/ex-benefitcategory",
      "version" : "1.0.1",
      "status" : "active",
      "name" : "BenefitCategoryCodes",
      "title" : "Benefit Category Codes",
      "description" : "This value set includes examples of Benefit Category codes.",
      "oids" : ["2.16.840.1.113883.4.642.1.1175"],
      "uses" : {
      },
      "http://hl7.org/fhir/R4/valueset-ex-benefitcategory.html" : "Benefit Category Codes"
    },
    {
      "url" : "http://terminology.hl7.org/CodeSystem/ex-claimsubtype",
      "version" : "1.0.1",
      "status" : "active",
      "name" : "ExampleClaimSubTypeCodes",
      "title" : "Example Claim SubType Codes",
      "description" : "This value set includes sample Claim SubType codes which are used to distinguish the claim types for example within type institutional there may be subtypes for emergency services, bed stay and transportation.",
      "oids" : ["2.16.840.1.113883.4.642.1.1158"],
      "uses" : {
      },
      "http://hl7.org/fhir/R4/valueset-claim-subtype.html" : "Example Claim SubType Codes"
    },
    {
      "url" : "http://terminology.hl7.org/CodeSystem/ex-diagnosis-on-admission",
      "version" : "1.0.1",
      "status" : "active",
      "name" : "ExampleDiagnosisOnAdmissionCodes",
      "title" : "Example Diagnosis on Admission Codes",
      "description" : "This value set includes example Diagnosis on Admission codes.",
      "oids" : ["2.16.840.1.113883.4.642.1.1170"],
      "uses" : {
      },
      "http://hl7.org/fhir/R4/valueset-ex-diagnosis-on-admission.html" : "Example Diagnosis on Admission Codes"
    },
    {
      "url" : "http://terminology.hl7.org/CodeSystem/ex-diagnosisrelatedgroup",
      "version" : "1.0.1",
      "status" : "active",
      "name" : "ExampleDiagnosisRelatedGroupCodes",
      "title" : "Example Diagnosis Related Group Codes",
      "description" : "This value set includes example Diagnosis Related Group codes.",
      "oids" : ["2.16.840.1.113883.4.642.1.1166"],
      "uses" : {
      },
      "http://hl7.org/fhir/R4/valueset-ex-diagnosisrelatedgroup.html" : "Example Diagnosis Related Group Codes"
    },
    {
      "url" : "http://terminology.hl7.org/CodeSystem/ex-diagnosistype",
      "version" : "1.0.1",
      "status" : "active",
      "name" : "ExampleDiagnosisTypeCodes",
      "title" : "Example Diagnosis Type Codes",
      "description" : "This value set includes example Diagnosis Type codes.",
      "oids" : ["2.16.840.1.113883.4.642.1.1167"],
      "uses" : {
      },
      "http://hl7.org/fhir/R4/valueset-ex-diagnosistype.html" : "Example Diagnosis Type Codes"
    },
    {
      "url" : "http://terminology.hl7.org/CodeSystem/ex-procedure-type",
      "version" : "1.0.1",
      "status" : "active",
      "name" : "ExampleProcedureTypeCodes",
      "title" : "Example Procedure Type Codes",
      "description" : "This value set includes example Procedure Type codes.",
      "oids" : ["2.16.840.1.113883.4.642.1.1388"],
      "uses" : {
      },
      "http://hl7.org/fhir/R4/valueset-ex-procedure-type.html" : "Example Procedure Type Codes"
    },
    {
      "url" : "http://terminology.hl7.org/CodeSystem/ex-programcode",
      "version" : "1.0.1",
      "status" : "active",
      "name" : "ExampleProgramReasonCodes",
      "title" : "Example Program Reason Codes",
      "description" : "This value set includes sample Program Reason Span codes.",
      "oids" : ["2.16.840.1.113883.4.642.1.1161"],
      "uses" : {
      },
      "http://hl7.org/fhir/R4/valueset-ex-program-code.html" : "Example Program Reason Codes"
    },
    {
      "url" : "http://terminology.hl7.org/CodeSystem/ex-providerqualification",
      "version" : "1.0.1",
      "status" : "active",
      "name" : "ExampleProviderQualificationCodes",
      "title" : "Example Provider Qualification Codes",
      "description" : "This value set includes sample Provider Qualification codes.",
      "oids" : ["2.16.840.1.113883.4.642.1.1160"],
      "uses" : {
      },
      "http://hl7.org/fhir/R4/valueset-provider-qualification.html" : "Example Provider Qualification Codes"
    },
    {
      "url" : "http://terminology.hl7.org/CodeSystem/ex-relatedclaimrelationship",
      "version" : "1.0.1",
      "status" : "active",
      "name" : "ExampleRelatedClaimRelationshipCodes",
      "title" : "Example Related Claim Relationship Codes",
      "description" : "This value set includes sample Related Claim Relationship codes.",
      "oids" : ["2.16.840.1.113883.4.642.1.1159"],
      "uses" : {
      },
      "http://hl7.org/fhir/R4/valueset-related-claim-relationship.html" : "Example Related Claim Relationship Codes"
    },
    {
      "url" : "http://terminology.hl7.org/CodeSystem/ex-revenue-center",
      "version" : "1.0.1",
      "status" : "active",
      "name" : "ExampleRevenueCenterCodes",
      "title" : "Example Revenue Center Codes",
      "description" : "This value set includes sample Revenue Center codes.",
      "oids" : ["2.16.840.1.113883.4.642.1.1168"],
      "uses" : {
      },
      "http://hl7.org/fhir/R4/valueset-ex-revenue-center.html" : "Example Revenue Center Codes"
    },
    {
      "url" : "http://terminology.hl7.org/CodeSystem/ex-serviceplace",
      "version" : "1.0.1",
      "status" : "active",
      "name" : "ExampleServicePlaceCodes",
      "title" : "Example Service Place Codes",
      "description" : "This value set includes a smattering of Service Place codes.",
      "oids" : ["2.16.840.1.113883.4.642.1.1157"],
      "uses" : {
      },
      "http://hl7.org/fhir/R4/valueset-service-place.html" : "Example Service Place Codes"
    },
    {
      "url" : "http://terminology.hl7.org/CodeSystem/ex-tooth",
      "version" : "1.0.0",
      "status" : "draft",
      "name" : "OralSiteCodes",
      "title" : "Oral Site Codes",
      "description" : "This value set includes a smattering of FDI oral site codes.",
      "oids" : ["2.16.840.1.113883.4.642.1.1152"],
      "uses" : {
      },
      "http://hl7.org/fhir/R4/valueset-tooth.html" : "Oral Site Codes"
    },
    {
      "url" : "http://terminology.hl7.org/CodeSystem/fundsreserve",
      "version" : "1.0.1",
      "status" : "active",
      "name" : "FundsReservationCodes",
      "title" : "Funds Reservation Codes",
      "description" : "This value set includes sample funds reservation type codes.",
      "oids" : ["2.16.840.1.113883.4.642.1.1051"],
      "uses" : {
      },
      "http://hl7.org/fhir/R4/valueset-fundsreserve.html" : "FundsReserve"
    },
    {
      "url" : "http://terminology.hl7.org/CodeSystem/location-physical-type",
      "version" : "2.0.1",
      "status" : "active",
      "name" : "LocationType",
      "title" : "Location type",
      "description" : "This example value set defines a set of codes that can be used to indicate the physical form of the Location.\r\rThis includes several 'non physical' codes which are still considered a location.",
      "oids" : ["2.16.840.1.113883.4.642.1.1108"],
      "uses" : {
      },
      "http://hl7.org/fhir/R4/valueset-location-physical-type.html" : "Location type"
    },
    {
      "url" : "http://terminology.hl7.org/CodeSystem/missingtoothreason",
      "version" : "1.0.1",
      "status" : "active",
      "name" : "MissingToothReasonCodes",
      "title" : "Missing Tooth Reason Codes",
      "description" : "This value set includes sample Missing Tooth Reason codes.",
      "oids" : ["2.16.840.1.113883.4.642.1.1150"],
      "uses" : {
      },
      "http://hl7.org/fhir/R4/valueset-missing-tooth-reason.html" : "Missing Tooth Reason Codes"
    },
    {
      "url" : "http://terminology.hl7.org/CodeSystem/modifiers",
      "version" : "1.0.1",
      "status" : "active",
      "name" : "ModifierTypeCodes",
      "title" : "Modifier type Codes",
      "description" : "This value set includes sample Modifier type codes.",
      "oids" : ["2.16.840.1.113883.4.642.1.1151"],
      "uses" : {
      },
      "http://hl7.org/fhir/R4/valueset-claim-modifiers.html" : "Modifier type Codes"
    },
    {
      "url" : "http://terminology.hl7.org/CodeSystem/participant-type",
      "version" : "1.0.1",
      "status" : "active",
      "name" : "ParticipantType",
      "title" : "Participant type",
      "description" : "This value set defines a set of codes that can be used to indicate how an individual participates in an encounter.",
      "oids" : ["2.16.840.1.113883.4.642.1.1089"],
      "uses" : {
      },
      "http://hl7.org/fhir/R4/valueset-encounter-participant-type.html" : "Participant type"
    },
    {
      "url" : "http://terminology.hl7.org/CodeSystem/payeetype",
      "version" : "1.0.1",
      "status" : "active",
      "name" : "ClaimPayeeTypeCodes",
      "title" : "Payee Type Codes",
      "description" : "Codes indicating the type of party to be reimbursed for cost of products and services.",
      "oids" : ["2.16.840.1.113883.4.642.1.1050"],
      "uses" : {
      },
      "http://hl7.org/fhir/R4/valueset-payeetype.html" : "PayeeType"
    },
    {
      "url" : "http://terminology.hl7.org/CodeSystem/processpriority",
      "version" : "1.0.1",
      "status" : "active",
      "name" : "ProcessPriorityCodes",
      "title" : "Process Priority Codes",
      "description" : "This value set includes the financial processing priority codes.",
      "oids" : ["2.16.840.1.113883.4.642.1.1155"],
      "uses" : {
      },
      "http://hl7.org/fhir/R4/valueset-process-priority.html" : "Process Priority Codes"
    },
    {
      "url" : "http://terminology.hl7.org/CodeSystem/service-type",
      "version" : "1.1.1",
      "status" : "active",
      "name" : "ServiceType",
      "title" : "Service type",
      "description" : "This value set defines an example set of codes of service-types.",
      "oids" : ["2.16.840.1.113883.4.642.1.1145"],
      "uses" : {
      },
      "http://hl7.org/fhir/R4/valueset-service-type.html" : "Service type"
    },
    {
      "url" : "http://terminology.hl7.org/CodeSystem/v2-0092",
      "version" : "2.0.0",
      "status" : "active",
      "name" : "ReAdmissionIndicator",
      "title" : "re-admissionIndicator",
      "description" : "Code system of concepts which are used to specify that a patient is being re admitted to a healthcare facilityin from which they were discharged, and indicates the circumstances around such re-admission.  Used in HL7 Version 2.x messagine in the PV1 segment.",
      "oids" : ["2.16.840.1.113883.18.36"],
      "uses" : {
      },
      "http://terminology.hl7.org/6.5.0/ValueSet-v2-0092.html" : "hl7VS-re-admissionIndicator"
    },
    {
      "url" : "http://terminology.hl7.org/CodeSystem/v2-0131",
      "version" : "2.0.0",
      "status" : "active",
      "name" : "ContactRole2",
      "title" : "contactRole2",
      "description" : "Code system of concepts which specify a relationship role that the next of kin/associated parties plays with regard to the patient. Also used in referrals, for example, it may be necessary to identify the contact representative at the clinic that sent a referral. Used in HL7 Version 2 messaging in the NK1 and CTD segments after 2.5, when it replace 2.16.840.1.113883.18.57.",
      "oids" : ["2.16.840.1.113883.18.58"],
      "uses" : {
      },
      "http://hl7.org/fhir/R4/valueset-patient-contactrelationship.html" : "Patient Contact Relationship "
    },
    {
      "url" : "http://terminology.hl7.org/CodeSystem/v2-0203",
      "version" : "5.0.0",
      "status" : "active",
      "name" : "IdentifierType",
      "title" : "identifierType",
      "description" : "HL7-defined code system of concepts specifying type of identifier. Used in HL7 Version 2.x messaging data types CX, PLN, PPN, XCN and XON.",
      "oids" : ["2.16.840.1.113883.18.108"],
      "uses" : {
      },
      "http://hl7.org/fhir/R4/valueset-identifier-type.html" : "IdentifierType"
    },
    {
      "url" : "http://terminology.hl7.org/CodeSystem/v3-ActCode",
      "version" : "9.0.0",
      "status" : "active",
      "name" : "ActCode",
      "title" : "ActCode",
      "description" : "A code specifying the particular kind of Act that the Act-instance represents within its class.\r\n\r\n*Constraints:* The kind of Act (e.g. physical examination, serum potassium, inpatient encounter, charge financial transaction, etc.) is specified with a code from one of several, typically external, coding systems. The coding system will depend on the class of Act, such as LOINC for observations, etc.\r\n\r\nConceptually, the Act.code must be a specialization of the Act.classCode. This is why the structure of ActClass domain should be reflected in the superstructure of the ActCode domain and then individual codes or externally referenced vocabularies subordinated under these domains that reflect the ActClass structure.\r\n\r\nAct.classCode and Act.code are not modifiers of each other but the Act.code concept should really imply the Act.classCode concept. For a negative example, it is not appropriate to use an Act.code \"potassium\" together with and Act.classCode for \"laboratory observation\" to somehow mean \"potassium laboratory observation\" and then use the same Act.code for \"potassium\" together with Act.classCode for \"medication\" to mean \"substitution of potassium\". This mutually modifying use of Act.code and Act.classCode is not permitted.",
      "oids" : ["2.16.840.1.113883.5.4"],
      "uses" : {
      },
      "http://terminology.hl7.org/6.5.0/ValueSet-v3-ActEncounterCode.html" : "ActEncounterCode",
      "http://terminology.hl7.org/6.5.0/ValueSet-v3-ActCode.html" : "v3 Code System ActCode",
      "http://terminology.hl7.org/6.5.0/ValueSet-v3-ActIncidentCode.html" : "ActIncidentCode"
    },
    {
      "url" : "http://terminology.hl7.org/CodeSystem/v3-ActPriority",
      "version" : "3.0.0",
      "status" : "active",
      "name" : "ActPriority",
      "title" : "ActPriority",
      "description" : "A set of codes (e.g., for routine, emergency), specifying the urgency under which the Act happened, can happen, is happening, is intended to happen, or is requested/demanded to happen.",
      "oids" : ["2.16.840.1.113883.5.7"],
      "uses" : {
      },
      "http://terminology.hl7.org/6.5.0/ValueSet-v3-ActPriority.html" : "ActPriority"
    },
    {
      "url" : "http://terminology.hl7.org/CodeSystem/v3-EncounterSpecialCourtesy",
      "version" : "3.0.0",
      "status" : "active",
      "name" : "EncounterSpecialCourtesy",
      "title" : "EncounterSpecialCourtesy",
      "description" : "**** MISSING DESCRIPTION ****",
      "oids" : ["2.16.840.1.113883.5.40"],
      "uses" : {
      },
      "http://hl7.org/fhir/R4/valueset-encounter-special-courtesy.html" : "Special courtesy"
    },
    {
      "url" : "http://terminology.hl7.org/CodeSystem/v3-MaritalStatus",
      "version" : "3.0.0",
      "status" : "active",
      "name" : "MaritalStatus",
      "title" : "MaritalStatus",
      "description" : "\\* \\* \\* No description supplied \\* \\* \\*\r\n\r\n*Open Issue:* The specific meanings of these codes can vary somewhat by jurisdiction and implementation so caution should be used when determining equivalency.\r\n\r\n*Open Issue:* fixing and completion of the hierarchy and proper good definitions of all the concepts is badly needed.",
      "oids" : ["2.16.840.1.113883.5.2"],
      "uses" : {
      },
      "http://hl7.org/fhir/R4/valueset-marital-status.html" : "MaritalStatus"
    },
    {
      "url" : "http://terminology.hl7.org/CodeSystem/v3-NullFlavor",
      "version" : "3.0.0",
      "status" : "active",
      "name" : "NullFlavor",
      "title" : "NullFlavor",
      "description" : "A collection of codes specifying why a valid value is not present.",
      "oids" : ["2.16.840.1.113883.5.1008"],
      "uses" : {
      },
      "http://hl7.org/fhir/R4/valueset-encounter-special-courtesy.html" : "Special courtesy",
      "http://hl7.org/fhir/R4/valueset-marital-status.html" : "MaritalStatus"
    },
    {
      "url" : "http://terminology.hl7.org/CodeSystem/v3-ParticipationType",
      "version" : "5.0.0",
      "status" : "active",
      "name" : "ParticipationType",
      "title" : "ParticipationType",
      "description" : "A code specifying the meaning and purpose of every Participation instance. Each of its values implies specific constraints on the Roles undertaking the participation.",
      "oids" : ["2.16.840.1.113883.5.90"],
      "uses" : {
      },
      "http://hl7.org/fhir/R4/valueset-encounter-participant-type.html" : "Participant type"
    },
    {
      "url" : "http://terminology.hl7.org/CodeSystem/v3-RoleCode",
      "version" : "3.0.0",
      "status" : "active",
      "name" : "RoleCode",
      "title" : "RoleCode",
      "description" : "A set of codes further specifying the kind of Role; specific classification codes for further qualifying RoleClass codes.",
      "oids" : ["2.16.840.1.113883.5.111"],
      "uses" : {
      },
      "http://terminology.hl7.org/6.5.0/ValueSet-v3-ServiceDeliveryLocationRoleType.html" : "ServiceDeliveryLocationRoleType"
    },
    {
      "url" : "urn:ietf:bcp:47",
      "version" : "2.0.1",
      "status" : "active",
      "name" : "Ietf3066",
      "title" : "Tags for the Identification of Languages",
      "description" : "Older value from OID registry.  Superceded; see recommendations in BCP-47.",
      "oids" : ["2.16.840.1.113883.6.121"],
      "uses" : {
      },
      "http://hl7.org/fhir/R4/valueset-languages.html" : "Common Languages"
    }
  ]
}
