{
  "resourceType" : "CodeSystem",
  "id" : "profesiones-codesystem",
  "text" : {
    "status" : "generated",
    "div" : "<div xmlns=\"http://www.w3.org/1999/xhtml\"><p class=\"res-header-id\"><b>Generated Narrative: CodeSystem profesiones-codesystem</b></p><a name=\"profesiones-codesystem\"> </a><a name=\"hcprofesiones-codesystem\"> </a><p>This case-sensitive code system <code>http://recuperocaba.gob.ar/CodeSystem/profesiones-codesystem</code> defines the following codes:</p><table class=\"codes\"><tr><td style=\"white-space:nowrap\"><b>Code</b></td><td><b>Display</b></td><td><b>Definition</b></td></tr><tr><td style=\"white-space:nowrap\">1<a name=\"profesiones-codesystem-1\"> </a></td><td>Médico</td><td>Médico</td></tr><tr><td style=\"white-space:nowrap\">2<a name=\"profesiones-codesystem-2\"> </a></td><td>Odontólogo</td><td>Odontólogo</td></tr></table></div>"
  },
  "url" : "http://recuperocaba.gob.ar/CodeSystem/profesiones-codesystem",
  "version" : "0.1.0",
  "name" : "RecuperoProfesionesCS",
  "title" : "Profesiones Solicitantes para Recupero",
  "status" : "active",
  "experimental" : false,
  "date" : "2025-07-14T12:58:17-03:00",
  "publisher" : "HL7 Argentina",
  "contact" : [{
    "name" : "HL7 Argentina",
    "telecom" : [{
      "system" : "url",
      "value" : "http://hl7.org.ar"
    },
    {
      "system" : "email",
      "value" : "info@hl7.org.ar"
    }]
  }],
  "description" : "Listado de Profesiones para Solicitantes",
  "caseSensitive" : true,
  "content" : "complete",
  "count" : 2,
  "concept" : [{
    "code" : "1",
    "display" : "Médico",
    "definition" : "Médico"
  },
  {
    "code" : "2",
    "display" : "Odontólogo",
    "definition" : "Odontólogo"
  }]
}