<?xml version="1.0" encoding="UTF-8"?>

<CodeSystem xmlns="http://hl7.org/fhir">
  <id value="profesiones-codesystem"/>
  <text>
    <status value="generated"/><div xmlns="http://www.w3.org/1999/xhtml"><p class="res-header-id"><b>Generated Narrative: CodeSystem profesiones-codesystem</b></p><a name="profesiones-codesystem"> </a><a name="hcprofesiones-codesystem"> </a><p>This  code system <code>http://recuperocaba.gob.ar/CodeSystem/profesiones-codesystem</code> defines the following codes:</p><table class="codes"><tr><td style="white-space:nowrap"><b>Code</b></td><td><b>Display</b></td><td><b>Definition</b></td></tr><tr><td style="white-space:nowrap">1<a name="profesiones-codesystem-1"> </a></td><td>Médico</td><td>Médico</td></tr><tr><td style="white-space:nowrap">2<a name="profesiones-codesystem-2"> </a></td><td>Odontólogo</td><td>Odontólogo</td></tr><tr><td style="white-space:nowrap">3<a name="profesiones-codesystem-3"> </a></td><td>Licenciado enfermería</td><td>Licenciado enfermería</td></tr><tr><td style="white-space:nowrap">4<a name="profesiones-codesystem-4"> </a></td><td>Farmacéutico</td><td>Farmacéutico</td></tr><tr><td style="white-space:nowrap">5<a name="profesiones-codesystem-5"> </a></td><td>Psicólogo</td><td>Psicólogo</td></tr><tr><td style="white-space:nowrap">6<a name="profesiones-codesystem-6"> </a></td><td>Licenciado en psicología</td><td>Licenciado en psicología</td></tr><tr><td style="white-space:nowrap">7<a name="profesiones-codesystem-7"> </a></td><td>Psicopedagogo</td><td>Psicopedagogo</td></tr><tr><td style="white-space:nowrap">8<a name="profesiones-codesystem-8"> </a></td><td>Licenciado en psicopedagogía</td><td>Licenciado en psicopedagogía</td></tr><tr><td style="white-space:nowrap">9<a name="profesiones-codesystem-9"> </a></td><td>Kinesiólogo</td><td>Kinesiólogo</td></tr><tr><td style="white-space:nowrap">10<a name="profesiones-codesystem-10"> </a></td><td>Licenciado en kinesiología</td><td>Licenciado en kinesiología</td></tr><tr><td style="white-space:nowrap">11<a name="profesiones-codesystem-11"> </a></td><td>Licenciado terapia física</td><td>Licenciado terapia física</td></tr><tr><td style="white-space:nowrap">12<a name="profesiones-codesystem-12"> </a></td><td>Licenciado en prótesis y ortesis</td><td>Licenciado en prótesis y ortesis</td></tr><tr><td style="white-space:nowrap">13<a name="profesiones-codesystem-13"> </a></td><td>Terapista ocupacional</td><td>Terapista ocupacional</td></tr><tr><td style="white-space:nowrap">14<a name="profesiones-codesystem-14"> </a></td><td>Licenciado en terapia ocupacional</td><td>Licenciado en terapia ocupacional</td></tr><tr><td style="white-space:nowrap">15<a name="profesiones-codesystem-15"> </a></td><td>Musicoterapeuta</td><td>Musicoterapeuta</td></tr><tr><td style="white-space:nowrap">16<a name="profesiones-codesystem-16"> </a></td><td>Licenciado en musicoterápia</td><td>Licenciado en musicoterápia</td></tr><tr><td style="white-space:nowrap">17<a name="profesiones-codesystem-17"> </a></td><td>Licenciado en psicomotrocidad</td><td>Licenciado en psicomotrocidad</td></tr><tr><td style="white-space:nowrap">18<a name="profesiones-codesystem-18"> </a></td><td>Fonoaudiólogo</td><td>Fonoaudiólogo</td></tr><tr><td style="white-space:nowrap">19<a name="profesiones-codesystem-19"> </a></td><td>Licenciado en fonoaudiología</td><td>Licenciado en fonoaudiología</td></tr><tr><td style="white-space:nowrap">20<a name="profesiones-codesystem-20"> </a></td><td>Nutricionista</td><td>Nutricionista</td></tr><tr><td style="white-space:nowrap">21<a name="profesiones-codesystem-21"> </a></td><td>Licenciado en nutrición</td><td>Licenciado en nutrición</td></tr><tr><td style="white-space:nowrap">22<a name="profesiones-codesystem-22"> </a></td><td>Nutricionista dietista</td><td>Nutricionista dietista</td></tr><tr><td style="white-space:nowrap">23<a name="profesiones-codesystem-23"> </a></td><td>Obstétrico</td><td>Obstétrico</td></tr><tr><td style="white-space:nowrap">24<a name="profesiones-codesystem-24"> </a></td><td>Licenciado en obstetricia</td><td>Licenciado en obstetricia</td></tr><tr><td style="white-space:nowrap">25<a name="profesiones-codesystem-25"> </a></td><td>Licenciado en radiología</td><td>Licenciado en radiología</td></tr><tr><td style="white-space:nowrap">26<a name="profesiones-codesystem-26"> </a></td><td>Licenciado en producción bioimágenes</td><td>Licenciado en producción bioimágenes</td></tr><tr><td style="white-space:nowrap">27<a name="profesiones-codesystem-27"> </a></td><td>Bioquímico</td><td>Bioquímico</td></tr><tr><td style="white-space:nowrap">28<a name="profesiones-codesystem-28"> </a></td><td>Licenciado en bioquímica</td><td>Licenciado en bioquímica</td></tr><tr><td style="white-space:nowrap">29<a name="profesiones-codesystem-29"> </a></td><td>Profesiones de análisis clínicos</td><td>Profesiones de análisis clínicos</td></tr><tr><td style="white-space:nowrap">30<a name="profesiones-codesystem-30"> </a></td><td>Licenciado en química</td><td>Licenciado en química</td></tr><tr><td style="white-space:nowrap">31<a name="profesiones-codesystem-31"> </a></td><td>Químico</td><td>Químico</td></tr><tr><td style="white-space:nowrap">32<a name="profesiones-codesystem-32"> </a></td><td>Licenciado en física-química</td><td>Licenciado en física-química</td></tr><tr><td style="white-space:nowrap">33<a name="profesiones-codesystem-33"> </a></td><td>Licenciado en química industrial</td><td>Licenciado en química industrial</td></tr><tr><td style="white-space:nowrap">34<a name="profesiones-codesystem-34"> </a></td><td>Licenciado en análisis clínicos</td><td>Licenciado en análisis clínicos</td></tr><tr><td style="white-space:nowrap">35<a name="profesiones-codesystem-35"> </a></td><td>Ingeniero químico</td><td>Ingeniero químico</td></tr><tr><td style="white-space:nowrap">36<a name="profesiones-codesystem-36"> </a></td><td>Licenciado en trabajo social</td><td>Licenciado en trabajo social</td></tr><tr><td style="white-space:nowrap">37<a name="profesiones-codesystem-37"> </a></td><td>Trabajador social</td><td>Trabajador social</td></tr><tr><td style="white-space:nowrap">38<a name="profesiones-codesystem-38"> </a></td><td>Licenciado servicio social</td><td>Licenciado servicio social</td></tr><tr><td style="white-space:nowrap">39<a name="profesiones-codesystem-39"> </a></td><td>Asistente social</td><td>Asistente social</td></tr><tr><td style="white-space:nowrap">40<a name="profesiones-codesystem-40"> </a></td><td>Licenciado asistencia social</td><td>Licenciado asistencia social</td></tr><tr><td style="white-space:nowrap">41<a name="profesiones-codesystem-41"> </a></td><td>Licenciado biología</td><td>Licenciado biología</td></tr><tr><td style="white-space:nowrap">42<a name="profesiones-codesystem-42"> </a></td><td>Biólogo</td><td>Biólogo</td></tr><tr><td style="white-space:nowrap">43<a name="profesiones-codesystem-43"> </a></td><td>Licenciado biología molecular</td><td>Licenciado biología molecular</td></tr><tr><td style="white-space:nowrap">44<a name="profesiones-codesystem-44"> </a></td><td>Licenciado microbiología</td><td>Licenciado microbiología</td></tr><tr><td style="white-space:nowrap">45<a name="profesiones-codesystem-45"> </a></td><td>Microbiólogo</td><td>Microbiólogo</td></tr><tr><td style="white-space:nowrap">46<a name="profesiones-codesystem-46"> </a></td><td>Bacteriólogo</td><td>Bacteriólogo</td></tr><tr><td style="white-space:nowrap">47<a name="profesiones-codesystem-47"> </a></td><td>Bacteriólogo clínico industrial</td><td>Bacteriólogo clínico industrial</td></tr><tr><td style="white-space:nowrap">48<a name="profesiones-codesystem-48"> </a></td><td>Licenciado en genética</td><td>Licenciado en genética</td></tr><tr><td style="white-space:nowrap">49<a name="profesiones-codesystem-49"> </a></td><td>Bromatólogo</td><td>Bromatólogo</td></tr><tr><td style="white-space:nowrap">50<a name="profesiones-codesystem-50"> </a></td><td>Licenciado en bromatología</td><td>Licenciado en bromatología</td></tr><tr><td style="white-space:nowrap">51<a name="profesiones-codesystem-51"> </a></td><td>Licenciado en tecnología y alimentos</td><td>Licenciado en tecnología y alimentos</td></tr><tr><td style="white-space:nowrap">52<a name="profesiones-codesystem-52"> </a></td><td>Ingeniero industria alimentación</td><td>Ingeniero industria alimentación</td></tr><tr><td style="white-space:nowrap">53<a name="profesiones-codesystem-53"> </a></td><td>Fruticultor - enólogo</td><td>Fruticultor - enólogo</td></tr><tr><td style="white-space:nowrap">54<a name="profesiones-codesystem-54"> </a></td><td>Licenciado en estadística para la salud</td><td>Licenciado en estadística para la salud</td></tr><tr><td style="white-space:nowrap">55<a name="profesiones-codesystem-55"> </a></td><td>Licenciado en educación para la salud</td><td>Licenciado en educación para la salud</td></tr><tr><td style="white-space:nowrap">56<a name="profesiones-codesystem-56"> </a></td><td>Licenciado en comunicación social</td><td>Licenciado en comunicación social</td></tr><tr><td style="white-space:nowrap">57<a name="profesiones-codesystem-57"> </a></td><td>Licenciado en saneamiento y protección ambiental</td><td>Licenciado en saneamiento y protección ambiental</td></tr><tr><td style="white-space:nowrap">58<a name="profesiones-codesystem-58"> </a></td><td>Ambientólogo</td><td>Ambientólogo</td></tr><tr><td style="white-space:nowrap">59<a name="profesiones-codesystem-59"> </a></td><td>Ingeniero sanitario</td><td>Ingeniero sanitario</td></tr><tr><td style="white-space:nowrap">60<a name="profesiones-codesystem-60"> </a></td><td>Bioingeniería</td><td>Bioingeniería</td></tr><tr><td style="white-space:nowrap">61<a name="profesiones-codesystem-61"> </a></td><td>Médico veterinario</td><td>Médico veterinario</td></tr><tr><td style="white-space:nowrap">62<a name="profesiones-codesystem-62"> </a></td><td>Enfermero</td><td>Enfermero</td></tr><tr><td style="white-space:nowrap">63<a name="profesiones-codesystem-63"> </a></td><td>Enfermero superior no universitario</td><td>Enfermero superior no universitario</td></tr><tr><td style="white-space:nowrap">64<a name="profesiones-codesystem-64"> </a></td><td>Enfermero universitario</td><td>Enfermero universitario</td></tr><tr><td style="white-space:nowrap">65<a name="profesiones-codesystem-65"> </a></td><td>Enfermero profesional</td><td>Enfermero profesional</td></tr><tr><td style="white-space:nowrap">66<a name="profesiones-codesystem-66"> </a></td><td>Técnico superior esterilización</td><td>Técnico superior esterilización</td></tr><tr><td style="white-space:nowrap">67<a name="profesiones-codesystem-67"> </a></td><td>Técnico esterilización</td><td>Técnico esterilización</td></tr><tr><td style="white-space:nowrap">68<a name="profesiones-codesystem-68"> </a></td><td>Instrumentador quirúrgico</td><td>Instrumentador quirúrgico</td></tr><tr><td style="white-space:nowrap">69<a name="profesiones-codesystem-69"> </a></td><td>Instrumentista universitario</td><td>Instrumentista universitario</td></tr><tr><td style="white-space:nowrap">70<a name="profesiones-codesystem-70"> </a></td><td>Instrumentista no universitario</td><td>Instrumentista no universitario</td></tr><tr><td style="white-space:nowrap">71<a name="profesiones-codesystem-71"> </a></td><td>Técnico superior instrumentación quirúrgica</td><td>Técnico superior instrumentación quirúrgica</td></tr><tr><td style="white-space:nowrap">72<a name="profesiones-codesystem-72"> </a></td><td>Técnico en quirófano</td><td>Técnico en quirófano</td></tr><tr><td style="white-space:nowrap">73<a name="profesiones-codesystem-73"> </a></td><td>Técnico universitario en quirófano</td><td>Técnico universitario en quirófano</td></tr><tr><td style="white-space:nowrap">74<a name="profesiones-codesystem-74"> </a></td><td>Técnico hemoterapia</td><td>Técnico hemoterapia</td></tr><tr><td style="white-space:nowrap">75<a name="profesiones-codesystem-75"> </a></td><td>Técnico en hemoterapia e inmunohematología</td><td>Técnico en hemoterapia e inmunohematología</td></tr><tr><td style="white-space:nowrap">76<a name="profesiones-codesystem-76"> </a></td><td>Técnico hematólogo</td><td>Técnico hematólogo</td></tr><tr><td style="white-space:nowrap">77<a name="profesiones-codesystem-77"> </a></td><td>Técnico de transfusión</td><td>Técnico de transfusión</td></tr><tr><td style="white-space:nowrap">78<a name="profesiones-codesystem-78"> </a></td><td>Técnico en inmunohematología</td><td>Técnico en inmunohematología</td></tr><tr><td style="white-space:nowrap">79<a name="profesiones-codesystem-79"> </a></td><td>Técnico prácticas cardiológicas</td><td>Técnico prácticas cardiológicas</td></tr><tr><td style="white-space:nowrap">80<a name="profesiones-codesystem-80"> </a></td><td>Técnico cardiólogo</td><td>Técnico cardiólogo</td></tr><tr><td style="white-space:nowrap">81<a name="profesiones-codesystem-81"> </a></td><td>Técnico electrocardiografía</td><td>Técnico electrocardiografía</td></tr><tr><td style="white-space:nowrap">82<a name="profesiones-codesystem-82"> </a></td><td>Técnico electroencefalografía</td><td>Técnico electroencefalografía</td></tr><tr><td style="white-space:nowrap">83<a name="profesiones-codesystem-83"> </a></td><td>Técnico neurofisiología</td><td>Técnico neurofisiología</td></tr><tr><td style="white-space:nowrap">84<a name="profesiones-codesystem-84"> </a></td><td>Técnico laboratorio análisis clínicos</td><td>Técnico laboratorio análisis clínicos</td></tr><tr><td style="white-space:nowrap">85<a name="profesiones-codesystem-85"> </a></td><td>Técnico laboratorio</td><td>Técnico laboratorio</td></tr><tr><td style="white-space:nowrap">86<a name="profesiones-codesystem-86"> </a></td><td>Técnico superior laboratorio</td><td>Técnico superior laboratorio</td></tr><tr><td style="white-space:nowrap">87<a name="profesiones-codesystem-87"> </a></td><td>Técnico análisis clínicos</td><td>Técnico análisis clínicos</td></tr><tr><td style="white-space:nowrap">88<a name="profesiones-codesystem-88"> </a></td><td>Técnico químico</td><td>Técnico químico</td></tr><tr><td style="white-space:nowrap">89<a name="profesiones-codesystem-89"> </a></td><td>Técnico químico orientación laboratorista</td><td>Técnico químico orientación laboratorista</td></tr><tr><td style="white-space:nowrap">90<a name="profesiones-codesystem-90"> </a></td><td>Analista químico biológico</td><td>Analista químico biológico</td></tr><tr><td style="white-space:nowrap">91<a name="profesiones-codesystem-91"> </a></td><td>Perito químico</td><td>Perito químico</td></tr><tr><td style="white-space:nowrap">92<a name="profesiones-codesystem-92"> </a></td><td>Técnico bacteriólogo</td><td>Técnico bacteriólogo</td></tr><tr><td style="white-space:nowrap">93<a name="profesiones-codesystem-93"> </a></td><td>Técnico químico industrial</td><td>Técnico químico industrial</td></tr><tr><td style="white-space:nowrap">94<a name="profesiones-codesystem-94"> </a></td><td>Asistente químico industrial</td><td>Asistente químico industrial</td></tr><tr><td style="white-space:nowrap">95<a name="profesiones-codesystem-95"> </a></td><td>Técnico radiólogo</td><td>Técnico radiólogo</td></tr><tr><td style="white-space:nowrap">96<a name="profesiones-codesystem-96"> </a></td><td>Técnico superior radiología</td><td>Técnico superior radiología</td></tr><tr><td style="white-space:nowrap">97<a name="profesiones-codesystem-97"> </a></td><td>Técnico diagnóstico por imágenes</td><td>Técnico diagnóstico por imágenes</td></tr><tr><td style="white-space:nowrap">98<a name="profesiones-codesystem-98"> </a></td><td>Técnico en radiodiagnóstico</td><td>Técnico en radiodiagnóstico</td></tr><tr><td style="white-space:nowrap">99<a name="profesiones-codesystem-99"> </a></td><td>Técnico bioimágenes</td><td>Técnico bioimágenes</td></tr><tr><td style="white-space:nowrap">100<a name="profesiones-codesystem-100"> </a></td><td>Técnico en radiología y terapia radiante</td><td>Técnico en radiología y terapia radiante</td></tr><tr><td style="white-space:nowrap">101<a name="profesiones-codesystem-101"> </a></td><td>Técnico tomografía axial computada</td><td>Técnico tomografía axial computada</td></tr><tr><td style="white-space:nowrap">102<a name="profesiones-codesystem-102"> </a></td><td>Técnico radiante</td><td>Técnico radiante</td></tr><tr><td style="white-space:nowrap">103<a name="profesiones-codesystem-103"> </a></td><td>Técnico en medicina nuclear</td><td>Técnico en medicina nuclear</td></tr><tr><td style="white-space:nowrap">104<a name="profesiones-codesystem-104"> </a></td><td>Técnico en diálisis</td><td>Técnico en diálisis</td></tr><tr><td style="white-space:nowrap">105<a name="profesiones-codesystem-105"> </a></td><td>Técnico hemodiálisis</td><td>Técnico hemodiálisis</td></tr><tr><td style="white-space:nowrap">106<a name="profesiones-codesystem-106"> </a></td><td>Técnico anestesia</td><td>Técnico anestesia</td></tr><tr><td style="white-space:nowrap">107<a name="profesiones-codesystem-107"> </a></td><td>Técnico en histología</td><td>Técnico en histología</td></tr><tr><td style="white-space:nowrap">108<a name="profesiones-codesystem-108"> </a></td><td>Técnico laboratorio clínico e histopatol</td><td>Técnico laboratorio clínico e histopatol</td></tr><tr><td style="white-space:nowrap">109<a name="profesiones-codesystem-109"> </a></td><td>Citotécnico</td><td>Citotécnico</td></tr><tr><td style="white-space:nowrap">110<a name="profesiones-codesystem-110"> </a></td><td>Técnico en citología</td><td>Técnico en citología</td></tr><tr><td style="white-space:nowrap">111<a name="profesiones-codesystem-111"> </a></td><td>Técnico preparadores histología</td><td>Técnico preparadores histología</td></tr><tr><td style="white-space:nowrap">112<a name="profesiones-codesystem-112"> </a></td><td>Técnico anatomía patológica</td><td>Técnico anatomía patológica</td></tr><tr><td style="white-space:nowrap">113<a name="profesiones-codesystem-113"> </a></td><td>Técnico prótesis dental</td><td>Técnico prótesis dental</td></tr><tr><td style="white-space:nowrap">114<a name="profesiones-codesystem-114"> </a></td><td>Técnico protesista dental</td><td>Técnico protesista dental</td></tr><tr><td style="white-space:nowrap">115<a name="profesiones-codesystem-115"> </a></td><td>Protésico dental universitario</td><td>Protésico dental universitario</td></tr><tr><td style="white-space:nowrap">116<a name="profesiones-codesystem-116"> </a></td><td>Mecánico dental</td><td>Mecánico dental</td></tr><tr><td style="white-space:nowrap">117<a name="profesiones-codesystem-117"> </a></td><td>Técnico en odontología</td><td>Técnico en odontología</td></tr><tr><td style="white-space:nowrap">118<a name="profesiones-codesystem-118"> </a></td><td>Mecánico para odontólogos</td><td>Mecánico para odontólogos</td></tr><tr><td style="white-space:nowrap">119<a name="profesiones-codesystem-119"> </a></td><td>Técnico prótesis y órtesis</td><td>Técnico prótesis y órtesis</td></tr><tr><td style="white-space:nowrap">120<a name="profesiones-codesystem-120"> </a></td><td>Técnico ortopédico ortóptico</td><td>Técnico ortopédico ortóptico</td></tr><tr><td style="white-space:nowrap">121<a name="profesiones-codesystem-121"> </a></td><td>Técnico ortesista protesista</td><td>Técnico ortesista protesista</td></tr><tr><td style="white-space:nowrap">122<a name="profesiones-codesystem-122"> </a></td><td>Técnico óptico</td><td>Técnico óptico</td></tr><tr><td style="white-space:nowrap">123<a name="profesiones-codesystem-123"> </a></td><td>Técnico en optica (optico técnico)</td><td>Técnico en optica (optico técnico)</td></tr><tr><td style="white-space:nowrap">124<a name="profesiones-codesystem-124"> </a></td><td>Óptico técnico/contactólogo</td><td>Óptico técnico/contactólogo</td></tr><tr><td style="white-space:nowrap">125<a name="profesiones-codesystem-125"> </a></td><td>Técnico óptica (contac. e instrumental)</td><td>Técnico óptica (contac. e instrumental)</td></tr><tr><td style="white-space:nowrap">126<a name="profesiones-codesystem-126"> </a></td><td>Técnico oftalmología</td><td>Técnico oftalmología</td></tr><tr><td style="white-space:nowrap">127<a name="profesiones-codesystem-127"> </a></td><td>Podólogo universitario</td><td>Podólogo universitario</td></tr><tr><td style="white-space:nowrap">128<a name="profesiones-codesystem-128"> </a></td><td>Podólogo</td><td>Podólogo</td></tr><tr><td style="white-space:nowrap">129<a name="profesiones-codesystem-129"> </a></td><td>Pedicuro</td><td>Pedicuro</td></tr><tr><td style="white-space:nowrap">130<a name="profesiones-codesystem-130"> </a></td><td>Técnico estadística</td><td>Técnico estadística</td></tr><tr><td style="white-space:nowrap">131<a name="profesiones-codesystem-131"> </a></td><td>Técnico bioestadística</td><td>Técnico bioestadística</td></tr><tr><td style="white-space:nowrap">132<a name="profesiones-codesystem-132"> </a></td><td>Técnico estadística en salud</td><td>Técnico estadística en salud</td></tr><tr><td style="white-space:nowrap">133<a name="profesiones-codesystem-133"> </a></td><td>Técnico alimentación</td><td>Técnico alimentación</td></tr><tr><td style="white-space:nowrap">134<a name="profesiones-codesystem-134"> </a></td><td>Técnico industria alimentos</td><td>Técnico industria alimentos</td></tr><tr><td style="white-space:nowrap">135<a name="profesiones-codesystem-135"> </a></td><td>Técnico superior industria alimentaria</td><td>Técnico superior industria alimentaria</td></tr><tr><td style="white-space:nowrap">136<a name="profesiones-codesystem-136"> </a></td><td>Técnico bromatología</td><td>Técnico bromatología</td></tr><tr><td style="white-space:nowrap">137<a name="profesiones-codesystem-137"> </a></td><td>Técnico superior en alimentos con orientación en bromatología</td><td>Técnico superior en alimentos con orientación en bromatología</td></tr><tr><td style="white-space:nowrap">138<a name="profesiones-codesystem-138"> </a></td><td>Técnico en lechería y tecnología alimentos</td><td>Técnico en lechería y tecnología alimentos</td></tr><tr><td style="white-space:nowrap">139<a name="profesiones-codesystem-139"> </a></td><td>Técnico farmacia</td><td>Técnico farmacia</td></tr><tr><td style="white-space:nowrap">140<a name="profesiones-codesystem-140"> </a></td><td>Técnico farmacia hospitalaria</td><td>Técnico farmacia hospitalaria</td></tr><tr><td style="white-space:nowrap">141<a name="profesiones-codesystem-141"> </a></td><td>Nutricionista</td><td>Nutricionista</td></tr><tr><td style="white-space:nowrap">142<a name="profesiones-codesystem-142"> </a></td><td>Terapista ocupacional</td><td>Terapista ocupacional</td></tr><tr><td style="white-space:nowrap">143<a name="profesiones-codesystem-143"> </a></td><td>Técnico estimulación temprana</td><td>Técnico estimulación temprana</td></tr><tr><td style="white-space:nowrap">144<a name="profesiones-codesystem-144"> </a></td><td>Técnico disc. intelectual y estimulación temprana</td><td>Técnico disc. intelectual y estimulación temprana</td></tr><tr><td style="white-space:nowrap">145<a name="profesiones-codesystem-145"> </a></td><td>Psicomotricista</td><td>Psicomotricista</td></tr><tr><td style="white-space:nowrap">146<a name="profesiones-codesystem-146"> </a></td><td>Técnico en psicomotricidad</td><td>Técnico en psicomotricidad</td></tr><tr><td style="white-space:nowrap">147<a name="profesiones-codesystem-147"> </a></td><td>Musicoterapeuta</td><td>Musicoterapeuta</td></tr><tr><td style="white-space:nowrap">148<a name="profesiones-codesystem-148"> </a></td><td>Técnico psicogerontología</td><td>Técnico psicogerontología</td></tr><tr><td style="white-space:nowrap">149<a name="profesiones-codesystem-149"> </a></td><td>Profesor en psicomotricidad</td><td>Profesor en psicomotricidad</td></tr><tr><td style="white-space:nowrap">150<a name="profesiones-codesystem-150"> </a></td><td>Prof. educación especial</td><td>Prof. educación especial</td></tr><tr><td style="white-space:nowrap">151<a name="profesiones-codesystem-151"> </a></td><td>Prof. deficientes mentales</td><td>Prof. deficientes mentales</td></tr><tr><td style="white-space:nowrap">152<a name="profesiones-codesystem-152"> </a></td><td>Prof. educador sordos</td><td>Prof. educador sordos</td></tr><tr><td style="white-space:nowrap">153<a name="profesiones-codesystem-153"> </a></td><td>Prof. deficientes del oído voz palabra</td><td>Prof. deficientes del oído voz palabra</td></tr><tr><td style="white-space:nowrap">154<a name="profesiones-codesystem-154"> </a></td><td>Prof. sordos y terapeuta lenguaje</td><td>Prof. sordos y terapeuta lenguaje</td></tr><tr><td style="white-space:nowrap">155<a name="profesiones-codesystem-155"> </a></td><td>Técnico kinesiólogo</td><td>Técnico kinesiólogo</td></tr><tr><td style="white-space:nowrap">156<a name="profesiones-codesystem-156"> </a></td><td>Psicopedagogo</td><td>Psicopedagogo</td></tr><tr><td style="white-space:nowrap">159<a name="profesiones-codesystem-159"> </a></td><td>Técnico obstetricia</td><td>Técnico obstetricia</td></tr><tr><td style="white-space:nowrap">160<a name="profesiones-codesystem-160"> </a></td><td>Obstétrico</td><td>Obstétrico</td></tr><tr><td style="white-space:nowrap">161<a name="profesiones-codesystem-161"> </a></td><td>Obstetra</td><td>Obstetra</td></tr><tr><td style="white-space:nowrap">162<a name="profesiones-codesystem-162"> </a></td><td>Trabajador social</td><td>Trabajador social</td></tr><tr><td style="white-space:nowrap">163<a name="profesiones-codesystem-163"> </a></td><td>Asistente social</td><td>Asistente social</td></tr><tr><td style="white-space:nowrap">164<a name="profesiones-codesystem-164"> </a></td><td>Educador sanitario</td><td>Educador sanitario</td></tr><tr><td style="white-space:nowrap">165<a name="profesiones-codesystem-165"> </a></td><td>Tecnico en salud rural</td><td>Tecnico en salud rural</td></tr><tr><td style="white-space:nowrap">167<a name="profesiones-codesystem-167"> </a></td><td>Agente sanitario</td><td>Agente sanitario</td></tr><tr><td style="white-space:nowrap">170<a name="profesiones-codesystem-170"> </a></td><td>Técnico administración social y de salud</td><td>Técnico administración social y de salud</td></tr><tr><td style="white-space:nowrap">171<a name="profesiones-codesystem-171"> </a></td><td>Técnico en administración y gestión</td><td>Técnico en administración y gestión</td></tr><tr><td style="white-space:nowrap">173<a name="profesiones-codesystem-173"> </a></td><td>Técnico univ. en administración</td><td>Técnico univ. en administración</td></tr><tr><td style="white-space:nowrap">174<a name="profesiones-codesystem-174"> </a></td><td>Técnico identificacion recien nacido</td><td>Técnico identificacion recien nacido</td></tr><tr><td style="white-space:nowrap">175<a name="profesiones-codesystem-175"> </a></td><td>Técnico emergencia médica</td><td>Técnico emergencia médica</td></tr><tr><td style="white-space:nowrap">176<a name="profesiones-codesystem-176"> </a></td><td>Técnico en saneamiento</td><td>Técnico en saneamiento</td></tr><tr><td style="white-space:nowrap">177<a name="profesiones-codesystem-177"> </a></td><td>Técnico saneamiento ambiental</td><td>Técnico saneamiento ambiental</td></tr><tr><td style="white-space:nowrap">179<a name="profesiones-codesystem-179"> </a></td><td>Agente propaganda médica</td><td>Agente propaganda médica</td></tr><tr><td style="white-space:nowrap">180<a name="profesiones-codesystem-180"> </a></td><td>Periodista</td><td>Periodista</td></tr><tr><td style="white-space:nowrap">181<a name="profesiones-codesystem-181"> </a></td><td>Tecnico veterinaria</td><td>Tecnico veterinaria</td></tr><tr><td style="white-space:nowrap">182<a name="profesiones-codesystem-182"> </a></td><td>Acompañante terapéutico</td><td>Acompañante terapéutico</td></tr><tr><td style="white-space:nowrap">183<a name="profesiones-codesystem-183"> </a></td><td>Auxiliar de enfermería</td><td>Auxiliar de enfermería</td></tr><tr><td style="white-space:nowrap">184<a name="profesiones-codesystem-184"> </a></td><td>Asistente de enfermería</td><td>Asistente de enfermería</td></tr><tr><td style="white-space:nowrap">185<a name="profesiones-codesystem-185"> </a></td><td>Auxiliar en geriatría</td><td>Auxiliar en geriatría</td></tr><tr><td style="white-space:nowrap">188<a name="profesiones-codesystem-188"> </a></td><td>Auxiliar de Familia Especializado en Cuidado de Personas con Discapacidad</td><td>Auxiliar de Familia Especializado en Cuidado de Personas con Discapacidad</td></tr><tr><td style="white-space:nowrap">189<a name="profesiones-codesystem-189"> </a></td><td>Auxiliar de laboratorio</td><td>Auxiliar de laboratorio</td></tr><tr><td style="white-space:nowrap">190<a name="profesiones-codesystem-190"> </a></td><td>Auxiliar de bioquímica</td><td>Auxiliar de bioquímica</td></tr><tr><td style="white-space:nowrap">191<a name="profesiones-codesystem-191"> </a></td><td>Auxiliar en patología</td><td>Auxiliar en patología</td></tr><tr><td style="white-space:nowrap">193<a name="profesiones-codesystem-193"> </a></td><td>Auxiliar de odontología</td><td>Auxiliar de odontología</td></tr><tr><td style="white-space:nowrap">194<a name="profesiones-codesystem-194"> </a></td><td>Asistente odontología</td><td>Asistente odontología</td></tr><tr><td style="white-space:nowrap">195<a name="profesiones-codesystem-195"> </a></td><td>Asistente dental</td><td>Asistente dental</td></tr><tr><td style="white-space:nowrap">196<a name="profesiones-codesystem-196"> </a></td><td>Auxiliar de anestesia</td><td>Auxiliar de anestesia</td></tr><tr><td style="white-space:nowrap">197<a name="profesiones-codesystem-197"> </a></td><td>Auxiliar técnico de anestesia</td><td>Auxiliar técnico de anestesia</td></tr><tr><td style="white-space:nowrap">198<a name="profesiones-codesystem-198"> </a></td><td>Auxiliar instrum. quirúrgica</td><td>Auxiliar instrum. quirúrgica</td></tr><tr><td style="white-space:nowrap">199<a name="profesiones-codesystem-199"> </a></td><td>Auxiliar de esterilización</td><td>Auxiliar de esterilización</td></tr><tr><td style="white-space:nowrap">200<a name="profesiones-codesystem-200"> </a></td><td>Auxiliar de hemoterapia</td><td>Auxiliar de hemoterapia</td></tr><tr><td style="white-space:nowrap">202<a name="profesiones-codesystem-202"> </a></td><td>Auxiliar de radiología</td><td>Auxiliar de radiología</td></tr><tr><td style="white-space:nowrap">203<a name="profesiones-codesystem-203"> </a></td><td>Auxiliar de farmacia</td><td>Auxiliar de farmacia</td></tr><tr><td style="white-space:nowrap">204<a name="profesiones-codesystem-204"> </a></td><td>Idóneos de farmacia</td><td>Idóneos de farmacia</td></tr><tr><td style="white-space:nowrap">206<a name="profesiones-codesystem-206"> </a></td><td>Agente sanitario</td><td>Agente sanitario</td></tr><tr><td style="white-space:nowrap">207<a name="profesiones-codesystem-207"> </a></td><td>Auxiliar de estadística de salud</td><td>Auxiliar de estadística de salud</td></tr><tr><td style="white-space:nowrap">208<a name="profesiones-codesystem-208"> </a></td><td>Auxiliar de estadística</td><td>Auxiliar de estadística</td></tr><tr><td style="white-space:nowrap">210<a name="profesiones-codesystem-210"> </a></td><td>Auxiliar de bromatología</td><td>Auxiliar de bromatología</td></tr><tr><td style="white-space:nowrap">211<a name="profesiones-codesystem-211"> </a></td><td>Inspector de bromatología</td><td>Inspector de bromatología</td></tr><tr><td style="white-space:nowrap">212<a name="profesiones-codesystem-212"> </a></td><td>Auxiliar dietista</td><td>Auxiliar dietista</td></tr><tr><td style="white-space:nowrap">213<a name="profesiones-codesystem-213"> </a></td><td>Cosmetólogo</td><td>Cosmetólogo</td></tr><tr><td style="white-space:nowrap">215<a name="profesiones-codesystem-215"> </a></td><td>Auxiliar en electroencefalografía</td><td>Auxiliar en electroencefalografía</td></tr><tr><td style="white-space:nowrap">218<a name="profesiones-codesystem-218"> </a></td><td>Auxiliar de educación sanitaria</td><td>Auxiliar de educación sanitaria</td></tr><tr><td style="white-space:nowrap">219<a name="profesiones-codesystem-219"> </a></td><td>Auxiliar de veterinaria</td><td>Auxiliar de veterinaria</td></tr><tr><td style="white-space:nowrap">220<a name="profesiones-codesystem-220"> </a></td><td>Agente de propaganda médica</td><td>Agente de propaganda médica</td></tr><tr><td style="white-space:nowrap">221<a name="profesiones-codesystem-221"> </a></td><td>Visitador médico</td><td>Visitador médico</td></tr><tr><td style="white-space:nowrap">259<a name="profesiones-codesystem-259"> </a></td><td>Sociólogo</td><td>Sociólogo</td></tr><tr><td style="white-space:nowrap">261<a name="profesiones-codesystem-261"> </a></td><td>Licenciado En Diagnóstico Por Imágenes</td><td>Licenciado En Diagnóstico Por Imágenes</td></tr><tr><td style="white-space:nowrap">262<a name="profesiones-codesystem-262"> </a></td><td>Lic. en gestión de agro alimentos</td><td>Lic. en gestión de agro alimentos</td></tr><tr><td style="white-space:nowrap">263<a name="profesiones-codesystem-263"> </a></td><td>Lic. en biotecnología</td><td>Lic. en biotecnología</td></tr><tr><td style="white-space:nowrap">264<a name="profesiones-codesystem-264"> </a></td><td>Ing. agrónomo</td><td>Ing. agrónomo</td></tr><tr><td style="white-space:nowrap">265<a name="profesiones-codesystem-265"> </a></td><td>Lic. en Ciencias químicas</td><td>Lic. en Ciencias químicas</td></tr><tr><td style="white-space:nowrap">266<a name="profesiones-codesystem-266"> </a></td><td>Ingeniero en alimentos</td><td>Ingeniero en alimentos</td></tr><tr><td style="white-space:nowrap">267<a name="profesiones-codesystem-267"> </a></td><td>Ingeniero biomédico</td><td>Ingeniero biomédico</td></tr><tr><td style="white-space:nowrap">268<a name="profesiones-codesystem-268"> </a></td><td>Auxiliar en Electrocardiografía</td><td>Auxiliar en Electrocardiografía</td></tr><tr><td style="white-space:nowrap">269<a name="profesiones-codesystem-269"> </a></td><td>Auxiliar de Familia Especializado en Cuidado de Personas</td><td>Auxiliar de Familia Especializado en Cuidado de Personas</td></tr><tr><td style="white-space:nowrap">270<a name="profesiones-codesystem-270"> </a></td><td>Operador Socio-Comunitario Especializado en Atención de las Adicciones</td><td>Operador Socio-Comunitario Especializado en Atención de las Adicciones</td></tr><tr><td style="white-space:nowrap">271<a name="profesiones-codesystem-271"> </a></td><td>Técnico en Prevención de la Drogadependencia</td><td>Técnico en Prevención de la Drogadependencia</td></tr><tr><td style="white-space:nowrap">272<a name="profesiones-codesystem-272"> </a></td><td>TECNICO SUPERIOR EN AGENTE SANITARIO</td><td>TECNICO SUPERIOR EN AGENTE SANITARIO</td></tr><tr><td style="white-space:nowrap">275<a name="profesiones-codesystem-275"> </a></td><td>Antropólogo</td><td>Antropólogo</td></tr><tr><td style="white-space:nowrap">276<a name="profesiones-codesystem-276"> </a></td><td>Licenciado en instrumentación quirúrgica</td><td>Licenciado en instrumentación quirúrgica</td></tr><tr><td style="white-space:nowrap">277<a name="profesiones-codesystem-277"> </a></td><td>Auxiliar de fonoaudiología</td><td>Auxiliar de fonoaudiología</td></tr><tr><td style="white-space:nowrap">278<a name="profesiones-codesystem-278"> </a></td><td>Técnico en fonoaudiología</td><td>Técnico en fonoaudiología</td></tr><tr><td style="white-space:nowrap">279<a name="profesiones-codesystem-279"> </a></td><td>Auxiliar Acompañante Terapéutico</td><td>Auxiliar Acompañante Terapéutico</td></tr><tr><td style="white-space:nowrap">280<a name="profesiones-codesystem-280"> </a></td><td>Licenciado en Administración</td><td>Licenciado en Administración</td></tr><tr><td style="white-space:nowrap">281<a name="profesiones-codesystem-281"> </a></td><td>Contador</td><td>Contador</td></tr><tr><td style="white-space:nowrap">282<a name="profesiones-codesystem-282"> </a></td><td>Licenciado en Economía</td><td>Licenciado en Economía</td></tr><tr><td style="white-space:nowrap">283<a name="profesiones-codesystem-283"> </a></td><td>BROMATOLOGO</td><td>BROMATOLOGO</td></tr><tr><td style="white-space:nowrap">285<a name="profesiones-codesystem-285"> </a></td><td>AUXILIAR DE DIALISIS</td><td>AUXILIAR DE DIALISIS</td></tr><tr><td style="white-space:nowrap">286<a name="profesiones-codesystem-286"> </a></td><td>TENICO DE LABORATORIO PARA ODONTOLOGOS</td><td>TENICO DE LABORATORIO PARA ODONTOLOGOS</td></tr><tr><td style="white-space:nowrap">287<a name="profesiones-codesystem-287"> </a></td><td>Tecnico Universitario en Emergencias Sanitarias y Desastres</td><td>Tecnico Universitario en Emergencias Sanitarias y Desastres</td></tr><tr><td style="white-space:nowrap">288<a name="profesiones-codesystem-288"> </a></td><td>LICENCIADO EN HEMOTERAPIA E INMUNOHEMATOLOGIA</td><td>LICENCIADO EN HEMOTERAPIA E INMUNOHEMATOLOGIA</td></tr><tr><td style="white-space:nowrap">289<a name="profesiones-codesystem-289"> </a></td><td>TÉCNICA EN OBSTETRICIA</td><td>TÉCNICA EN OBSTETRICIA</td></tr><tr><td style="white-space:nowrap">290<a name="profesiones-codesystem-290"> </a></td><td>Abogado</td><td>Abogado</td></tr><tr><td style="white-space:nowrap">291<a name="profesiones-codesystem-291"> </a></td><td>Arquitecto</td><td>Arquitecto</td></tr><tr><td style="white-space:nowrap">292<a name="profesiones-codesystem-292"> </a></td><td>Ingeniero</td><td>Ingeniero</td></tr><tr><td style="white-space:nowrap">293<a name="profesiones-codesystem-293"> </a></td><td>Licenciado en Ciencias de la Educación</td><td>Licenciado en Ciencias de la Educación</td></tr><tr><td style="white-space:nowrap">294<a name="profesiones-codesystem-294"> </a></td><td>Técnico en hemoterapia</td><td>Técnico en hemoterapia</td></tr></table></div>
  </text>
  <url value="http://recuperocaba.gob.ar/CodeSystem/profesiones-codesystem"/>
  <version value="0.1.0"/>
  <name value="RecuperoProfesionesCS"/>
  <title value="Profesiones para Recupero"/>
  <status value="draft"/>
  <date value="2025-07-12T16:20:05-03:00"/>
  <publisher value="HL7 Argentina"/>
  <contact>
    <name value="HL7 Argentina"/>
    <telecom>
      <system value="url"/>
      <value value="http://hl7.org.ar"/>
    </telecom>
    <telecom>
      <system value="email"/>
      <value value="info@hl7.org.ar"/>
    </telecom>
  </contact>
  <description value="Listado de profesiones"/>
  <content value="complete"/>
  <count value="237"/>
  <concept>
    <code value="1"/>
    <display value="Médico"/>
    <definition value="Médico"/>
  </concept>
  <concept>
    <code value="2"/>
    <display value="Odontólogo"/>
    <definition value="Odontólogo"/>
  </concept>
  <concept>
    <code value="3"/>
    <display value="Licenciado enfermería"/>
    <definition value="Licenciado enfermería"/>
  </concept>
  <concept>
    <code value="4"/>
    <display value="Farmacéutico"/>
    <definition value="Farmacéutico"/>
  </concept>
  <concept>
    <code value="5"/>
    <display value="Psicólogo"/>
    <definition value="Psicólogo"/>
  </concept>
  <concept>
    <code value="6"/>
    <display value="Licenciado en psicología"/>
    <definition value="Licenciado en psicología"/>
  </concept>
  <concept>
    <code value="7"/>
    <display value="Psicopedagogo"/>
    <definition value="Psicopedagogo"/>
  </concept>
  <concept>
    <code value="8"/>
    <display value="Licenciado en psicopedagogía"/>
    <definition value="Licenciado en psicopedagogía"/>
  </concept>
  <concept>
    <code value="9"/>
    <display value="Kinesiólogo"/>
    <definition value="Kinesiólogo"/>
  </concept>
  <concept>
    <code value="10"/>
    <display value="Licenciado en kinesiología"/>
    <definition value="Licenciado en kinesiología"/>
  </concept>
  <concept>
    <code value="11"/>
    <display value="Licenciado terapia física"/>
    <definition value="Licenciado terapia física"/>
  </concept>
  <concept>
    <code value="12"/>
    <display value="Licenciado en prótesis y ortesis"/>
    <definition value="Licenciado en prótesis y ortesis"/>
  </concept>
  <concept>
    <code value="13"/>
    <display value="Terapista ocupacional"/>
    <definition value="Terapista ocupacional"/>
  </concept>
  <concept>
    <code value="14"/>
    <display value="Licenciado en terapia ocupacional"/>
    <definition value="Licenciado en terapia ocupacional"/>
  </concept>
  <concept>
    <code value="15"/>
    <display value="Musicoterapeuta"/>
    <definition value="Musicoterapeuta"/>
  </concept>
  <concept>
    <code value="16"/>
    <display value="Licenciado en musicoterápia"/>
    <definition value="Licenciado en musicoterápia"/>
  </concept>
  <concept>
    <code value="17"/>
    <display value="Licenciado en psicomotrocidad"/>
    <definition value="Licenciado en psicomotrocidad"/>
  </concept>
  <concept>
    <code value="18"/>
    <display value="Fonoaudiólogo"/>
    <definition value="Fonoaudiólogo"/>
  </concept>
  <concept>
    <code value="19"/>
    <display value="Licenciado en fonoaudiología"/>
    <definition value="Licenciado en fonoaudiología"/>
  </concept>
  <concept>
    <code value="20"/>
    <display value="Nutricionista"/>
    <definition value="Nutricionista"/>
  </concept>
  <concept>
    <code value="21"/>
    <display value="Licenciado en nutrición"/>
    <definition value="Licenciado en nutrición"/>
  </concept>
  <concept>
    <code value="22"/>
    <display value="Nutricionista dietista"/>
    <definition value="Nutricionista dietista"/>
  </concept>
  <concept>
    <code value="23"/>
    <display value="Obstétrico"/>
    <definition value="Obstétrico"/>
  </concept>
  <concept>
    <code value="24"/>
    <display value="Licenciado en obstetricia"/>
    <definition value="Licenciado en obstetricia"/>
  </concept>
  <concept>
    <code value="25"/>
    <display value="Licenciado en radiología"/>
    <definition value="Licenciado en radiología"/>
  </concept>
  <concept>
    <code value="26"/>
    <display value="Licenciado en producción bioimágenes"/>
    <definition value="Licenciado en producción bioimágenes"/>
  </concept>
  <concept>
    <code value="27"/>
    <display value="Bioquímico"/>
    <definition value="Bioquímico"/>
  </concept>
  <concept>
    <code value="28"/>
    <display value="Licenciado en bioquímica"/>
    <definition value="Licenciado en bioquímica"/>
  </concept>
  <concept>
    <code value="29"/>
    <display value="Profesiones de análisis clínicos"/>
    <definition value="Profesiones de análisis clínicos"/>
  </concept>
  <concept>
    <code value="30"/>
    <display value="Licenciado en química"/>
    <definition value="Licenciado en química"/>
  </concept>
  <concept>
    <code value="31"/>
    <display value="Químico"/>
    <definition value="Químico"/>
  </concept>
  <concept>
    <code value="32"/>
    <display value="Licenciado en física-química"/>
    <definition value="Licenciado en física-química"/>
  </concept>
  <concept>
    <code value="33"/>
    <display value="Licenciado en química industrial"/>
    <definition value="Licenciado en química industrial"/>
  </concept>
  <concept>
    <code value="34"/>
    <display value="Licenciado en análisis clínicos"/>
    <definition value="Licenciado en análisis clínicos"/>
  </concept>
  <concept>
    <code value="35"/>
    <display value="Ingeniero químico"/>
    <definition value="Ingeniero químico"/>
  </concept>
  <concept>
    <code value="36"/>
    <display value="Licenciado en trabajo social"/>
    <definition value="Licenciado en trabajo social"/>
  </concept>
  <concept>
    <code value="37"/>
    <display value="Trabajador social"/>
    <definition value="Trabajador social"/>
  </concept>
  <concept>
    <code value="38"/>
    <display value="Licenciado servicio social"/>
    <definition value="Licenciado servicio social"/>
  </concept>
  <concept>
    <code value="39"/>
    <display value="Asistente social"/>
    <definition value="Asistente social"/>
  </concept>
  <concept>
    <code value="40"/>
    <display value="Licenciado asistencia social"/>
    <definition value="Licenciado asistencia social"/>
  </concept>
  <concept>
    <code value="41"/>
    <display value="Licenciado biología"/>
    <definition value="Licenciado biología"/>
  </concept>
  <concept>
    <code value="42"/>
    <display value="Biólogo"/>
    <definition value="Biólogo"/>
  </concept>
  <concept>
    <code value="43"/>
    <display value="Licenciado biología molecular"/>
    <definition value="Licenciado biología molecular"/>
  </concept>
  <concept>
    <code value="44"/>
    <display value="Licenciado microbiología"/>
    <definition value="Licenciado microbiología"/>
  </concept>
  <concept>
    <code value="45"/>
    <display value="Microbiólogo"/>
    <definition value="Microbiólogo"/>
  </concept>
  <concept>
    <code value="46"/>
    <display value="Bacteriólogo"/>
    <definition value="Bacteriólogo"/>
  </concept>
  <concept>
    <code value="47"/>
    <display value="Bacteriólogo clínico industrial"/>
    <definition value="Bacteriólogo clínico industrial"/>
  </concept>
  <concept>
    <code value="48"/>
    <display value="Licenciado en genética"/>
    <definition value="Licenciado en genética"/>
  </concept>
  <concept>
    <code value="49"/>
    <display value="Bromatólogo"/>
    <definition value="Bromatólogo"/>
  </concept>
  <concept>
    <code value="50"/>
    <display value="Licenciado en bromatología"/>
    <definition value="Licenciado en bromatología"/>
  </concept>
  <concept>
    <code value="51"/>
    <display value="Licenciado en tecnología y alimentos"/>
    <definition value="Licenciado en tecnología y alimentos"/>
  </concept>
  <concept>
    <code value="52"/>
    <display value="Ingeniero industria alimentación"/>
    <definition value="Ingeniero industria alimentación"/>
  </concept>
  <concept>
    <code value="53"/>
    <display value="Fruticultor - enólogo"/>
    <definition value="Fruticultor - enólogo"/>
  </concept>
  <concept>
    <code value="54"/>
    <display value="Licenciado en estadística para la salud"/>
    <definition value="Licenciado en estadística para la salud"/>
  </concept>
  <concept>
    <code value="55"/>
    <display value="Licenciado en educación para la salud"/>
    <definition value="Licenciado en educación para la salud"/>
  </concept>
  <concept>
    <code value="56"/>
    <display value="Licenciado en comunicación social"/>
    <definition value="Licenciado en comunicación social"/>
  </concept>
  <concept>
    <code value="57"/>
    <display value="Licenciado en saneamiento y protección ambiental"/>
    <definition value="Licenciado en saneamiento y protección ambiental"/>
  </concept>
  <concept>
    <code value="58"/>
    <display value="Ambientólogo"/>
    <definition value="Ambientólogo"/>
  </concept>
  <concept>
    <code value="59"/>
    <display value="Ingeniero sanitario"/>
    <definition value="Ingeniero sanitario"/>
  </concept>
  <concept>
    <code value="60"/>
    <display value="Bioingeniería"/>
    <definition value="Bioingeniería"/>
  </concept>
  <concept>
    <code value="61"/>
    <display value="Médico veterinario"/>
    <definition value="Médico veterinario"/>
  </concept>
  <concept>
    <code value="62"/>
    <display value="Enfermero"/>
    <definition value="Enfermero"/>
  </concept>
  <concept>
    <code value="63"/>
    <display value="Enfermero superior no universitario"/>
    <definition value="Enfermero superior no universitario"/>
  </concept>
  <concept>
    <code value="64"/>
    <display value="Enfermero universitario"/>
    <definition value="Enfermero universitario"/>
  </concept>
  <concept>
    <code value="65"/>
    <display value="Enfermero profesional"/>
    <definition value="Enfermero profesional"/>
  </concept>
  <concept>
    <code value="66"/>
    <display value="Técnico superior esterilización"/>
    <definition value="Técnico superior esterilización"/>
  </concept>
  <concept>
    <code value="67"/>
    <display value="Técnico esterilización"/>
    <definition value="Técnico esterilización"/>
  </concept>
  <concept>
    <code value="68"/>
    <display value="Instrumentador quirúrgico"/>
    <definition value="Instrumentador quirúrgico"/>
  </concept>
  <concept>
    <code value="69"/>
    <display value="Instrumentista universitario"/>
    <definition value="Instrumentista universitario"/>
  </concept>
  <concept>
    <code value="70"/>
    <display value="Instrumentista no universitario"/>
    <definition value="Instrumentista no universitario"/>
  </concept>
  <concept>
    <code value="71"/>
    <display value="Técnico superior instrumentación quirúrgica"/>
    <definition value="Técnico superior instrumentación quirúrgica"/>
  </concept>
  <concept>
    <code value="72"/>
    <display value="Técnico en quirófano"/>
    <definition value="Técnico en quirófano"/>
  </concept>
  <concept>
    <code value="73"/>
    <display value="Técnico universitario en quirófano"/>
    <definition value="Técnico universitario en quirófano"/>
  </concept>
  <concept>
    <code value="74"/>
    <display value="Técnico hemoterapia"/>
    <definition value="Técnico hemoterapia"/>
  </concept>
  <concept>
    <code value="75"/>
    <display value="Técnico en hemoterapia e inmunohematología"/>
    <definition value="Técnico en hemoterapia e inmunohematología"/>
  </concept>
  <concept>
    <code value="76"/>
    <display value="Técnico hematólogo"/>
    <definition value="Técnico hematólogo"/>
  </concept>
  <concept>
    <code value="77"/>
    <display value="Técnico de transfusión"/>
    <definition value="Técnico de transfusión"/>
  </concept>
  <concept>
    <code value="78"/>
    <display value="Técnico en inmunohematología"/>
    <definition value="Técnico en inmunohematología"/>
  </concept>
  <concept>
    <code value="79"/>
    <display value="Técnico prácticas cardiológicas"/>
    <definition value="Técnico prácticas cardiológicas"/>
  </concept>
  <concept>
    <code value="80"/>
    <display value="Técnico cardiólogo"/>
    <definition value="Técnico cardiólogo"/>
  </concept>
  <concept>
    <code value="81"/>
    <display value="Técnico electrocardiografía"/>
    <definition value="Técnico electrocardiografía"/>
  </concept>
  <concept>
    <code value="82"/>
    <display value="Técnico electroencefalografía"/>
    <definition value="Técnico electroencefalografía"/>
  </concept>
  <concept>
    <code value="83"/>
    <display value="Técnico neurofisiología"/>
    <definition value="Técnico neurofisiología"/>
  </concept>
  <concept>
    <code value="84"/>
    <display value="Técnico laboratorio análisis clínicos"/>
    <definition value="Técnico laboratorio análisis clínicos"/>
  </concept>
  <concept>
    <code value="85"/>
    <display value="Técnico laboratorio"/>
    <definition value="Técnico laboratorio"/>
  </concept>
  <concept>
    <code value="86"/>
    <display value="Técnico superior laboratorio"/>
    <definition value="Técnico superior laboratorio"/>
  </concept>
  <concept>
    <code value="87"/>
    <display value="Técnico análisis clínicos"/>
    <definition value="Técnico análisis clínicos"/>
  </concept>
  <concept>
    <code value="88"/>
    <display value="Técnico químico"/>
    <definition value="Técnico químico"/>
  </concept>
  <concept>
    <code value="89"/>
    <display value="Técnico químico orientación laboratorista"/>
    <definition value="Técnico químico orientación laboratorista"/>
  </concept>
  <concept>
    <code value="90"/>
    <display value="Analista químico biológico"/>
    <definition value="Analista químico biológico"/>
  </concept>
  <concept>
    <code value="91"/>
    <display value="Perito químico"/>
    <definition value="Perito químico"/>
  </concept>
  <concept>
    <code value="92"/>
    <display value="Técnico bacteriólogo"/>
    <definition value="Técnico bacteriólogo"/>
  </concept>
  <concept>
    <code value="93"/>
    <display value="Técnico químico industrial"/>
    <definition value="Técnico químico industrial"/>
  </concept>
  <concept>
    <code value="94"/>
    <display value="Asistente químico industrial"/>
    <definition value="Asistente químico industrial"/>
  </concept>
  <concept>
    <code value="95"/>
    <display value="Técnico radiólogo"/>
    <definition value="Técnico radiólogo"/>
  </concept>
  <concept>
    <code value="96"/>
    <display value="Técnico superior radiología"/>
    <definition value="Técnico superior radiología"/>
  </concept>
  <concept>
    <code value="97"/>
    <display value="Técnico diagnóstico por imágenes"/>
    <definition value="Técnico diagnóstico por imágenes"/>
  </concept>
  <concept>
    <code value="98"/>
    <display value="Técnico en radiodiagnóstico"/>
    <definition value="Técnico en radiodiagnóstico"/>
  </concept>
  <concept>
    <code value="99"/>
    <display value="Técnico bioimágenes"/>
    <definition value="Técnico bioimágenes"/>
  </concept>
  <concept>
    <code value="100"/>
    <display value="Técnico en radiología y terapia radiante"/>
    <definition value="Técnico en radiología y terapia radiante"/>
  </concept>
  <concept>
    <code value="101"/>
    <display value="Técnico tomografía axial computada"/>
    <definition value="Técnico tomografía axial computada"/>
  </concept>
  <concept>
    <code value="102"/>
    <display value="Técnico radiante"/>
    <definition value="Técnico radiante"/>
  </concept>
  <concept>
    <code value="103"/>
    <display value="Técnico en medicina nuclear"/>
    <definition value="Técnico en medicina nuclear"/>
  </concept>
  <concept>
    <code value="104"/>
    <display value="Técnico en diálisis"/>
    <definition value="Técnico en diálisis"/>
  </concept>
  <concept>
    <code value="105"/>
    <display value="Técnico hemodiálisis"/>
    <definition value="Técnico hemodiálisis"/>
  </concept>
  <concept>
    <code value="106"/>
    <display value="Técnico anestesia"/>
    <definition value="Técnico anestesia"/>
  </concept>
  <concept>
    <code value="107"/>
    <display value="Técnico en histología"/>
    <definition value="Técnico en histología"/>
  </concept>
  <concept>
    <code value="108"/>
    <display value="Técnico laboratorio clínico e histopatol"/>
    <definition value="Técnico laboratorio clínico e histopatol"/>
  </concept>
  <concept>
    <code value="109"/>
    <display value="Citotécnico"/>
    <definition value="Citotécnico"/>
  </concept>
  <concept>
    <code value="110"/>
    <display value="Técnico en citología"/>
    <definition value="Técnico en citología"/>
  </concept>
  <concept>
    <code value="111"/>
    <display value="Técnico preparadores histología"/>
    <definition value="Técnico preparadores histología"/>
  </concept>
  <concept>
    <code value="112"/>
    <display value="Técnico anatomía patológica"/>
    <definition value="Técnico anatomía patológica"/>
  </concept>
  <concept>
    <code value="113"/>
    <display value="Técnico prótesis dental"/>
    <definition value="Técnico prótesis dental"/>
  </concept>
  <concept>
    <code value="114"/>
    <display value="Técnico protesista dental"/>
    <definition value="Técnico protesista dental"/>
  </concept>
  <concept>
    <code value="115"/>
    <display value="Protésico dental universitario"/>
    <definition value="Protésico dental universitario"/>
  </concept>
  <concept>
    <code value="116"/>
    <display value="Mecánico dental"/>
    <definition value="Mecánico dental"/>
  </concept>
  <concept>
    <code value="117"/>
    <display value="Técnico en odontología"/>
    <definition value="Técnico en odontología"/>
  </concept>
  <concept>
    <code value="118"/>
    <display value="Mecánico para odontólogos"/>
    <definition value="Mecánico para odontólogos"/>
  </concept>
  <concept>
    <code value="119"/>
    <display value="Técnico prótesis y órtesis"/>
    <definition value="Técnico prótesis y órtesis"/>
  </concept>
  <concept>
    <code value="120"/>
    <display value="Técnico ortopédico ortóptico"/>
    <definition value="Técnico ortopédico ortóptico"/>
  </concept>
  <concept>
    <code value="121"/>
    <display value="Técnico ortesista protesista"/>
    <definition value="Técnico ortesista protesista"/>
  </concept>
  <concept>
    <code value="122"/>
    <display value="Técnico óptico"/>
    <definition value="Técnico óptico"/>
  </concept>
  <concept>
    <code value="123"/>
    <display value="Técnico en optica (optico técnico)"/>
    <definition value="Técnico en optica (optico técnico)"/>
  </concept>
  <concept>
    <code value="124"/>
    <display value="Óptico técnico/contactólogo"/>
    <definition value="Óptico técnico/contactólogo"/>
  </concept>
  <concept>
    <code value="125"/>
    <display value="Técnico óptica (contac. e instrumental)"/>
    <definition value="Técnico óptica (contac. e instrumental)"/>
  </concept>
  <concept>
    <code value="126"/>
    <display value="Técnico oftalmología"/>
    <definition value="Técnico oftalmología"/>
  </concept>
  <concept>
    <code value="127"/>
    <display value="Podólogo universitario"/>
    <definition value="Podólogo universitario"/>
  </concept>
  <concept>
    <code value="128"/>
    <display value="Podólogo"/>
    <definition value="Podólogo"/>
  </concept>
  <concept>
    <code value="129"/>
    <display value="Pedicuro"/>
    <definition value="Pedicuro"/>
  </concept>
  <concept>
    <code value="130"/>
    <display value="Técnico estadística"/>
    <definition value="Técnico estadística"/>
  </concept>
  <concept>
    <code value="131"/>
    <display value="Técnico bioestadística"/>
    <definition value="Técnico bioestadística"/>
  </concept>
  <concept>
    <code value="132"/>
    <display value="Técnico estadística en salud"/>
    <definition value="Técnico estadística en salud"/>
  </concept>
  <concept>
    <code value="133"/>
    <display value="Técnico alimentación"/>
    <definition value="Técnico alimentación"/>
  </concept>
  <concept>
    <code value="134"/>
    <display value="Técnico industria alimentos"/>
    <definition value="Técnico industria alimentos"/>
  </concept>
  <concept>
    <code value="135"/>
    <display value="Técnico superior industria alimentaria"/>
    <definition value="Técnico superior industria alimentaria"/>
  </concept>
  <concept>
    <code value="136"/>
    <display value="Técnico bromatología"/>
    <definition value="Técnico bromatología"/>
  </concept>
  <concept>
    <code value="137"/>
    <display value="Técnico superior en alimentos con orientación en bromatología"/>
    <definition value="Técnico superior en alimentos con orientación en bromatología"/>
  </concept>
  <concept>
    <code value="138"/>
    <display value="Técnico en lechería y tecnología alimentos"/>
    <definition value="Técnico en lechería y tecnología alimentos"/>
  </concept>
  <concept>
    <code value="139"/>
    <display value="Técnico farmacia"/>
    <definition value="Técnico farmacia"/>
  </concept>
  <concept>
    <code value="140"/>
    <display value="Técnico farmacia hospitalaria"/>
    <definition value="Técnico farmacia hospitalaria"/>
  </concept>
  <concept>
    <code value="141"/>
    <display value="Nutricionista"/>
    <definition value="Nutricionista"/>
  </concept>
  <concept>
    <code value="142"/>
    <display value="Terapista ocupacional"/>
    <definition value="Terapista ocupacional"/>
  </concept>
  <concept>
    <code value="143"/>
    <display value="Técnico estimulación temprana"/>
    <definition value="Técnico estimulación temprana"/>
  </concept>
  <concept>
    <code value="144"/>
    <display value="Técnico disc. intelectual y estimulación temprana"/>
    <definition value="Técnico disc. intelectual y estimulación temprana"/>
  </concept>
  <concept>
    <code value="145"/>
    <display value="Psicomotricista"/>
    <definition value="Psicomotricista"/>
  </concept>
  <concept>
    <code value="146"/>
    <display value="Técnico en psicomotricidad"/>
    <definition value="Técnico en psicomotricidad"/>
  </concept>
  <concept>
    <code value="147"/>
    <display value="Musicoterapeuta"/>
    <definition value="Musicoterapeuta"/>
  </concept>
  <concept>
    <code value="148"/>
    <display value="Técnico psicogerontología"/>
    <definition value="Técnico psicogerontología"/>
  </concept>
  <concept>
    <code value="149"/>
    <display value="Profesor en psicomotricidad"/>
    <definition value="Profesor en psicomotricidad"/>
  </concept>
  <concept>
    <code value="150"/>
    <display value="Prof. educación especial"/>
    <definition value="Prof. educación especial"/>
  </concept>
  <concept>
    <code value="151"/>
    <display value="Prof. deficientes mentales"/>
    <definition value="Prof. deficientes mentales"/>
  </concept>
  <concept>
    <code value="152"/>
    <display value="Prof. educador sordos"/>
    <definition value="Prof. educador sordos"/>
  </concept>
  <concept>
    <code value="153"/>
    <display value="Prof. deficientes del oído voz palabra"/>
    <definition value="Prof. deficientes del oído voz palabra"/>
  </concept>
  <concept>
    <code value="154"/>
    <display value="Prof. sordos y terapeuta lenguaje"/>
    <definition value="Prof. sordos y terapeuta lenguaje"/>
  </concept>
  <concept>
    <code value="155"/>
    <display value="Técnico kinesiólogo"/>
    <definition value="Técnico kinesiólogo"/>
  </concept>
  <concept>
    <code value="156"/>
    <display value="Psicopedagogo"/>
    <definition value="Psicopedagogo"/>
  </concept>
  <concept>
    <code value="159"/>
    <display value="Técnico obstetricia"/>
    <definition value="Técnico obstetricia"/>
  </concept>
  <concept>
    <code value="160"/>
    <display value="Obstétrico"/>
    <definition value="Obstétrico"/>
  </concept>
  <concept>
    <code value="161"/>
    <display value="Obstetra"/>
    <definition value="Obstetra"/>
  </concept>
  <concept>
    <code value="162"/>
    <display value="Trabajador social"/>
    <definition value="Trabajador social"/>
  </concept>
  <concept>
    <code value="163"/>
    <display value="Asistente social"/>
    <definition value="Asistente social"/>
  </concept>
  <concept>
    <code value="164"/>
    <display value="Educador sanitario"/>
    <definition value="Educador sanitario"/>
  </concept>
  <concept>
    <code value="165"/>
    <display value="Tecnico en salud rural"/>
    <definition value="Tecnico en salud rural"/>
  </concept>
  <concept>
    <code value="167"/>
    <display value="Agente sanitario"/>
    <definition value="Agente sanitario"/>
  </concept>
  <concept>
    <code value="170"/>
    <display value="Técnico administración social y de salud"/>
    <definition value="Técnico administración social y de salud"/>
  </concept>
  <concept>
    <code value="171"/>
    <display value="Técnico en administración y gestión"/>
    <definition value="Técnico en administración y gestión"/>
  </concept>
  <concept>
    <code value="173"/>
    <display value="Técnico univ. en administración"/>
    <definition value="Técnico univ. en administración"/>
  </concept>
  <concept>
    <code value="174"/>
    <display value="Técnico identificacion recien nacido"/>
    <definition value="Técnico identificacion recien nacido"/>
  </concept>
  <concept>
    <code value="175"/>
    <display value="Técnico emergencia médica"/>
    <definition value="Técnico emergencia médica"/>
  </concept>
  <concept>
    <code value="176"/>
    <display value="Técnico en saneamiento"/>
    <definition value="Técnico en saneamiento"/>
  </concept>
  <concept>
    <code value="177"/>
    <display value="Técnico saneamiento ambiental"/>
    <definition value="Técnico saneamiento ambiental"/>
  </concept>
  <concept>
    <code value="179"/>
    <display value="Agente propaganda médica"/>
    <definition value="Agente propaganda médica"/>
  </concept>
  <concept>
    <code value="180"/>
    <display value="Periodista"/>
    <definition value="Periodista"/>
  </concept>
  <concept>
    <code value="181"/>
    <display value="Tecnico veterinaria"/>
    <definition value="Tecnico veterinaria"/>
  </concept>
  <concept>
    <code value="182"/>
    <display value="Acompañante terapéutico"/>
    <definition value="Acompañante terapéutico"/>
  </concept>
  <concept>
    <code value="183"/>
    <display value="Auxiliar de enfermería"/>
    <definition value="Auxiliar de enfermería"/>
  </concept>
  <concept>
    <code value="184"/>
    <display value="Asistente de enfermería"/>
    <definition value="Asistente de enfermería"/>
  </concept>
  <concept>
    <code value="185"/>
    <display value="Auxiliar en geriatría"/>
    <definition value="Auxiliar en geriatría"/>
  </concept>
  <concept>
    <code value="188"/>
    <display value="Auxiliar de Familia Especializado en Cuidado de Personas con Discapacidad"/>
    <definition value="Auxiliar de Familia Especializado en Cuidado de Personas con Discapacidad"/>
  </concept>
  <concept>
    <code value="189"/>
    <display value="Auxiliar de laboratorio"/>
    <definition value="Auxiliar de laboratorio"/>
  </concept>
  <concept>
    <code value="190"/>
    <display value="Auxiliar de bioquímica"/>
    <definition value="Auxiliar de bioquímica"/>
  </concept>
  <concept>
    <code value="191"/>
    <display value="Auxiliar en patología"/>
    <definition value="Auxiliar en patología"/>
  </concept>
  <concept>
    <code value="193"/>
    <display value="Auxiliar de odontología"/>
    <definition value="Auxiliar de odontología"/>
  </concept>
  <concept>
    <code value="194"/>
    <display value="Asistente odontología"/>
    <definition value="Asistente odontología"/>
  </concept>
  <concept>
    <code value="195"/>
    <display value="Asistente dental"/>
    <definition value="Asistente dental"/>
  </concept>
  <concept>
    <code value="196"/>
    <display value="Auxiliar de anestesia"/>
    <definition value="Auxiliar de anestesia"/>
  </concept>
  <concept>
    <code value="197"/>
    <display value="Auxiliar técnico de anestesia"/>
    <definition value="Auxiliar técnico de anestesia"/>
  </concept>
  <concept>
    <code value="198"/>
    <display value="Auxiliar instrum. quirúrgica"/>
    <definition value="Auxiliar instrum. quirúrgica"/>
  </concept>
  <concept>
    <code value="199"/>
    <display value="Auxiliar de esterilización"/>
    <definition value="Auxiliar de esterilización"/>
  </concept>
  <concept>
    <code value="200"/>
    <display value="Auxiliar de hemoterapia"/>
    <definition value="Auxiliar de hemoterapia"/>
  </concept>
  <concept>
    <code value="202"/>
    <display value="Auxiliar de radiología"/>
    <definition value="Auxiliar de radiología"/>
  </concept>
  <concept>
    <code value="203"/>
    <display value="Auxiliar de farmacia"/>
    <definition value="Auxiliar de farmacia"/>
  </concept>
  <concept>
    <code value="204"/>
    <display value="Idóneos de farmacia"/>
    <definition value="Idóneos de farmacia"/>
  </concept>
  <concept>
    <code value="206"/>
    <display value="Agente sanitario"/>
    <definition value="Agente sanitario"/>
  </concept>
  <concept>
    <code value="207"/>
    <display value="Auxiliar de estadística de salud"/>
    <definition value="Auxiliar de estadística de salud"/>
  </concept>
  <concept>
    <code value="208"/>
    <display value="Auxiliar de estadística"/>
    <definition value="Auxiliar de estadística"/>
  </concept>
  <concept>
    <code value="210"/>
    <display value="Auxiliar de bromatología"/>
    <definition value="Auxiliar de bromatología"/>
  </concept>
  <concept>
    <code value="211"/>
    <display value="Inspector de bromatología"/>
    <definition value="Inspector de bromatología"/>
  </concept>
  <concept>
    <code value="212"/>
    <display value="Auxiliar dietista"/>
    <definition value="Auxiliar dietista"/>
  </concept>
  <concept>
    <code value="213"/>
    <display value="Cosmetólogo"/>
    <definition value="Cosmetólogo"/>
  </concept>
  <concept>
    <code value="215"/>
    <display value="Auxiliar en electroencefalografía"/>
    <definition value="Auxiliar en electroencefalografía"/>
  </concept>
  <concept>
    <code value="218"/>
    <display value="Auxiliar de educación sanitaria"/>
    <definition value="Auxiliar de educación sanitaria"/>
  </concept>
  <concept>
    <code value="219"/>
    <display value="Auxiliar de veterinaria"/>
    <definition value="Auxiliar de veterinaria"/>
  </concept>
  <concept>
    <code value="220"/>
    <display value="Agente de propaganda médica"/>
    <definition value="Agente de propaganda médica"/>
  </concept>
  <concept>
    <code value="221"/>
    <display value="Visitador médico"/>
    <definition value="Visitador médico"/>
  </concept>
  <concept>
    <code value="259"/>
    <display value="Sociólogo"/>
    <definition value="Sociólogo"/>
  </concept>
  <concept>
    <code value="261"/>
    <display value="Licenciado En Diagnóstico Por Imágenes"/>
    <definition value="Licenciado En Diagnóstico Por Imágenes"/>
  </concept>
  <concept>
    <code value="262"/>
    <display value="Lic. en gestión de agro alimentos"/>
    <definition value="Lic. en gestión de agro alimentos"/>
  </concept>
  <concept>
    <code value="263"/>
    <display value="Lic. en biotecnología"/>
    <definition value="Lic. en biotecnología"/>
  </concept>
  <concept>
    <code value="264"/>
    <display value="Ing. agrónomo"/>
    <definition value="Ing. agrónomo"/>
  </concept>
  <concept>
    <code value="265"/>
    <display value="Lic. en Ciencias químicas"/>
    <definition value="Lic. en Ciencias químicas"/>
  </concept>
  <concept>
    <code value="266"/>
    <display value="Ingeniero en alimentos"/>
    <definition value="Ingeniero en alimentos"/>
  </concept>
  <concept>
    <code value="267"/>
    <display value="Ingeniero biomédico"/>
    <definition value="Ingeniero biomédico"/>
  </concept>
  <concept>
    <code value="268"/>
    <display value="Auxiliar en Electrocardiografía"/>
    <definition value="Auxiliar en Electrocardiografía"/>
  </concept>
  <concept>
    <code value="269"/>
    <display value="Auxiliar de Familia Especializado en Cuidado de Personas"/>
    <definition value="Auxiliar de Familia Especializado en Cuidado de Personas"/>
  </concept>
  <concept>
    <code value="270"/>
    <display value="Operador Socio-Comunitario Especializado en Atención de las Adicciones"/>
    <definition value="Operador Socio-Comunitario Especializado en Atención de las Adicciones"/>
  </concept>
  <concept>
    <code value="271"/>
    <display value="Técnico en Prevención de la Drogadependencia"/>
    <definition value="Técnico en Prevención de la Drogadependencia"/>
  </concept>
  <concept>
    <code value="272"/>
    <display value="TECNICO SUPERIOR EN AGENTE SANITARIO"/>
    <definition value="TECNICO SUPERIOR EN AGENTE SANITARIO"/>
  </concept>
  <concept>
    <code value="275"/>
    <display value="Antropólogo"/>
    <definition value="Antropólogo"/>
  </concept>
  <concept>
    <code value="276"/>
    <display value="Licenciado en instrumentación quirúrgica"/>
    <definition value="Licenciado en instrumentación quirúrgica"/>
  </concept>
  <concept>
    <code value="277"/>
    <display value="Auxiliar de fonoaudiología"/>
    <definition value="Auxiliar de fonoaudiología"/>
  </concept>
  <concept>
    <code value="278"/>
    <display value="Técnico en fonoaudiología"/>
    <definition value="Técnico en fonoaudiología"/>
  </concept>
  <concept>
    <code value="279"/>
    <display value="Auxiliar Acompañante Terapéutico"/>
    <definition value="Auxiliar Acompañante Terapéutico"/>
  </concept>
  <concept>
    <code value="280"/>
    <display value="Licenciado en Administración"/>
    <definition value="Licenciado en Administración"/>
  </concept>
  <concept>
    <code value="281"/>
    <display value="Contador"/>
    <definition value="Contador"/>
  </concept>
  <concept>
    <code value="282"/>
    <display value="Licenciado en Economía"/>
    <definition value="Licenciado en Economía"/>
  </concept>
  <concept>
    <code value="283"/>
    <display value="BROMATOLOGO"/>
    <definition value="BROMATOLOGO"/>
  </concept>
  <concept>
    <code value="285"/>
    <display value="AUXILIAR DE DIALISIS"/>
    <definition value="AUXILIAR DE DIALISIS"/>
  </concept>
  <concept>
    <code value="286"/>
    <display value="TENICO DE LABORATORIO PARA ODONTOLOGOS"/>
    <definition value="TENICO DE LABORATORIO PARA ODONTOLOGOS"/>
  </concept>
  <concept>
    <code value="287"/>
    <display value="Tecnico Universitario en Emergencias Sanitarias y Desastres"/>
    <definition value="Tecnico Universitario en Emergencias Sanitarias y Desastres"/>
  </concept>
  <concept>
    <code value="288"/>
    <display value="LICENCIADO EN HEMOTERAPIA E INMUNOHEMATOLOGIA"/>
    <definition value="LICENCIADO EN HEMOTERAPIA E INMUNOHEMATOLOGIA"/>
  </concept>
  <concept>
    <code value="289"/>
    <display value="TÉCNICA EN OBSTETRICIA"/>
    <definition value="TÉCNICA EN OBSTETRICIA"/>
  </concept>
  <concept>
    <code value="290"/>
    <display value="Abogado"/>
    <definition value="Abogado"/>
  </concept>
  <concept>
    <code value="291"/>
    <display value="Arquitecto"/>
    <definition value="Arquitecto"/>
  </concept>
  <concept>
    <code value="292"/>
    <display value="Ingeniero"/>
    <definition value="Ingeniero"/>
  </concept>
  <concept>
    <code value="293"/>
    <display value="Licenciado en Ciencias de la Educación"/>
    <definition value="Licenciado en Ciencias de la Educación"/>
  </concept>
  <concept>
    <code value="294"/>
    <display value="Técnico en hemoterapia"/>
    <definition value="Técnico en hemoterapia"/>
  </concept>
</CodeSystem>