{
  "resourceType" : "CodeSystem",
  "id" : "profesiones-codesystem",
  "text" : {
    "status" : "generated",
    "div" : "<div xmlns=\"http://www.w3.org/1999/xhtml\"><p class=\"res-header-id\"><b>Generated Narrative: CodeSystem profesiones-codesystem</b></p><a name=\"profesiones-codesystem\"> </a><a name=\"hcprofesiones-codesystem\"> </a><p>This  code system <code>http://recuperocaba.gob.ar/CodeSystem/profesiones-codesystem</code> defines the following codes:</p><table class=\"codes\"><tr><td style=\"white-space:nowrap\"><b>Code</b></td><td><b>Display</b></td><td><b>Definition</b></td></tr><tr><td style=\"white-space:nowrap\">1<a name=\"profesiones-codesystem-1\"> </a></td><td>Médico</td><td>Médico</td></tr><tr><td style=\"white-space:nowrap\">2<a name=\"profesiones-codesystem-2\"> </a></td><td>Odontólogo</td><td>Odontólogo</td></tr><tr><td style=\"white-space:nowrap\">3<a name=\"profesiones-codesystem-3\"> </a></td><td>Licenciado enfermería</td><td>Licenciado enfermería</td></tr><tr><td style=\"white-space:nowrap\">4<a name=\"profesiones-codesystem-4\"> </a></td><td>Farmacéutico</td><td>Farmacéutico</td></tr><tr><td style=\"white-space:nowrap\">5<a name=\"profesiones-codesystem-5\"> </a></td><td>Psicólogo</td><td>Psicólogo</td></tr><tr><td style=\"white-space:nowrap\">6<a name=\"profesiones-codesystem-6\"> </a></td><td>Licenciado en psicología</td><td>Licenciado en psicología</td></tr><tr><td style=\"white-space:nowrap\">7<a name=\"profesiones-codesystem-7\"> </a></td><td>Psicopedagogo</td><td>Psicopedagogo</td></tr><tr><td style=\"white-space:nowrap\">8<a name=\"profesiones-codesystem-8\"> </a></td><td>Licenciado en psicopedagogía</td><td>Licenciado en psicopedagogía</td></tr><tr><td style=\"white-space:nowrap\">9<a name=\"profesiones-codesystem-9\"> </a></td><td>Kinesiólogo</td><td>Kinesiólogo</td></tr><tr><td style=\"white-space:nowrap\">10<a name=\"profesiones-codesystem-10\"> </a></td><td>Licenciado en kinesiología</td><td>Licenciado en kinesiología</td></tr><tr><td style=\"white-space:nowrap\">11<a name=\"profesiones-codesystem-11\"> </a></td><td>Licenciado terapia física</td><td>Licenciado terapia física</td></tr><tr><td style=\"white-space:nowrap\">12<a name=\"profesiones-codesystem-12\"> </a></td><td>Licenciado en prótesis y ortesis</td><td>Licenciado en prótesis y ortesis</td></tr><tr><td style=\"white-space:nowrap\">13<a name=\"profesiones-codesystem-13\"> </a></td><td>Terapista ocupacional</td><td>Terapista ocupacional</td></tr><tr><td style=\"white-space:nowrap\">14<a name=\"profesiones-codesystem-14\"> </a></td><td>Licenciado en terapia ocupacional</td><td>Licenciado en terapia ocupacional</td></tr><tr><td style=\"white-space:nowrap\">15<a name=\"profesiones-codesystem-15\"> </a></td><td>Musicoterapeuta</td><td>Musicoterapeuta</td></tr><tr><td style=\"white-space:nowrap\">16<a name=\"profesiones-codesystem-16\"> </a></td><td>Licenciado en musicoterápia</td><td>Licenciado en musicoterápia</td></tr><tr><td style=\"white-space:nowrap\">17<a name=\"profesiones-codesystem-17\"> </a></td><td>Licenciado en psicomotrocidad</td><td>Licenciado en psicomotrocidad</td></tr><tr><td style=\"white-space:nowrap\">18<a name=\"profesiones-codesystem-18\"> </a></td><td>Fonoaudiólogo</td><td>Fonoaudiólogo</td></tr><tr><td style=\"white-space:nowrap\">19<a name=\"profesiones-codesystem-19\"> </a></td><td>Licenciado en fonoaudiología</td><td>Licenciado en fonoaudiología</td></tr><tr><td style=\"white-space:nowrap\">20<a name=\"profesiones-codesystem-20\"> </a></td><td>Nutricionista</td><td>Nutricionista</td></tr><tr><td style=\"white-space:nowrap\">21<a name=\"profesiones-codesystem-21\"> </a></td><td>Licenciado en nutrición</td><td>Licenciado en nutrición</td></tr><tr><td style=\"white-space:nowrap\">22<a name=\"profesiones-codesystem-22\"> </a></td><td>Nutricionista dietista</td><td>Nutricionista dietista</td></tr><tr><td style=\"white-space:nowrap\">23<a name=\"profesiones-codesystem-23\"> </a></td><td>Obstétrico</td><td>Obstétrico</td></tr><tr><td style=\"white-space:nowrap\">24<a name=\"profesiones-codesystem-24\"> </a></td><td>Licenciado en obstetricia</td><td>Licenciado en obstetricia</td></tr><tr><td style=\"white-space:nowrap\">25<a name=\"profesiones-codesystem-25\"> </a></td><td>Licenciado en radiología</td><td>Licenciado en radiología</td></tr><tr><td style=\"white-space:nowrap\">26<a name=\"profesiones-codesystem-26\"> </a></td><td>Licenciado en producción bioimágenes</td><td>Licenciado en producción bioimágenes</td></tr><tr><td style=\"white-space:nowrap\">27<a name=\"profesiones-codesystem-27\"> </a></td><td>Bioquímico</td><td>Bioquímico</td></tr><tr><td style=\"white-space:nowrap\">28<a name=\"profesiones-codesystem-28\"> </a></td><td>Licenciado en bioquímica</td><td>Licenciado en bioquímica</td></tr><tr><td style=\"white-space:nowrap\">29<a name=\"profesiones-codesystem-29\"> </a></td><td>Profesiones de análisis clínicos</td><td>Profesiones de análisis clínicos</td></tr><tr><td style=\"white-space:nowrap\">30<a name=\"profesiones-codesystem-30\"> </a></td><td>Licenciado en química</td><td>Licenciado en química</td></tr><tr><td style=\"white-space:nowrap\">31<a name=\"profesiones-codesystem-31\"> </a></td><td>Químico</td><td>Químico</td></tr><tr><td style=\"white-space:nowrap\">32<a name=\"profesiones-codesystem-32\"> </a></td><td>Licenciado en física-química</td><td>Licenciado en física-química</td></tr><tr><td style=\"white-space:nowrap\">33<a name=\"profesiones-codesystem-33\"> </a></td><td>Licenciado en química industrial</td><td>Licenciado en química industrial</td></tr><tr><td style=\"white-space:nowrap\">34<a name=\"profesiones-codesystem-34\"> </a></td><td>Licenciado en análisis clínicos</td><td>Licenciado en análisis clínicos</td></tr><tr><td style=\"white-space:nowrap\">35<a name=\"profesiones-codesystem-35\"> </a></td><td>Ingeniero químico</td><td>Ingeniero químico</td></tr><tr><td style=\"white-space:nowrap\">36<a name=\"profesiones-codesystem-36\"> </a></td><td>Licenciado en trabajo social</td><td>Licenciado en trabajo social</td></tr><tr><td style=\"white-space:nowrap\">37<a name=\"profesiones-codesystem-37\"> </a></td><td>Trabajador social</td><td>Trabajador social</td></tr><tr><td style=\"white-space:nowrap\">38<a name=\"profesiones-codesystem-38\"> </a></td><td>Licenciado servicio social</td><td>Licenciado servicio social</td></tr><tr><td style=\"white-space:nowrap\">39<a name=\"profesiones-codesystem-39\"> </a></td><td>Asistente social</td><td>Asistente social</td></tr><tr><td style=\"white-space:nowrap\">40<a name=\"profesiones-codesystem-40\"> </a></td><td>Licenciado asistencia social</td><td>Licenciado asistencia social</td></tr><tr><td style=\"white-space:nowrap\">41<a name=\"profesiones-codesystem-41\"> </a></td><td>Licenciado biología</td><td>Licenciado biología</td></tr><tr><td style=\"white-space:nowrap\">42<a name=\"profesiones-codesystem-42\"> </a></td><td>Biólogo</td><td>Biólogo</td></tr><tr><td style=\"white-space:nowrap\">43<a name=\"profesiones-codesystem-43\"> </a></td><td>Licenciado biología molecular</td><td>Licenciado biología molecular</td></tr><tr><td style=\"white-space:nowrap\">44<a name=\"profesiones-codesystem-44\"> </a></td><td>Licenciado microbiología</td><td>Licenciado microbiología</td></tr><tr><td style=\"white-space:nowrap\">45<a name=\"profesiones-codesystem-45\"> </a></td><td>Microbiólogo</td><td>Microbiólogo</td></tr><tr><td style=\"white-space:nowrap\">46<a name=\"profesiones-codesystem-46\"> </a></td><td>Bacteriólogo</td><td>Bacteriólogo</td></tr><tr><td style=\"white-space:nowrap\">47<a name=\"profesiones-codesystem-47\"> </a></td><td>Bacteriólogo clínico industrial</td><td>Bacteriólogo clínico industrial</td></tr><tr><td style=\"white-space:nowrap\">48<a name=\"profesiones-codesystem-48\"> </a></td><td>Licenciado en genética</td><td>Licenciado en genética</td></tr><tr><td style=\"white-space:nowrap\">49<a name=\"profesiones-codesystem-49\"> </a></td><td>Bromatólogo</td><td>Bromatólogo</td></tr><tr><td style=\"white-space:nowrap\">50<a name=\"profesiones-codesystem-50\"> </a></td><td>Licenciado en bromatología</td><td>Licenciado en bromatología</td></tr><tr><td style=\"white-space:nowrap\">51<a name=\"profesiones-codesystem-51\"> </a></td><td>Licenciado en tecnología y alimentos</td><td>Licenciado en tecnología y alimentos</td></tr><tr><td style=\"white-space:nowrap\">52<a name=\"profesiones-codesystem-52\"> </a></td><td>Ingeniero industria alimentación</td><td>Ingeniero industria alimentación</td></tr><tr><td style=\"white-space:nowrap\">53<a name=\"profesiones-codesystem-53\"> </a></td><td>Fruticultor - enólogo</td><td>Fruticultor - enólogo</td></tr><tr><td style=\"white-space:nowrap\">54<a name=\"profesiones-codesystem-54\"> </a></td><td>Licenciado en estadística para la salud</td><td>Licenciado en estadística para la salud</td></tr><tr><td style=\"white-space:nowrap\">55<a name=\"profesiones-codesystem-55\"> </a></td><td>Licenciado en educación para la salud</td><td>Licenciado en educación para la salud</td></tr><tr><td style=\"white-space:nowrap\">56<a name=\"profesiones-codesystem-56\"> </a></td><td>Licenciado en comunicación social</td><td>Licenciado en comunicación social</td></tr><tr><td style=\"white-space:nowrap\">57<a name=\"profesiones-codesystem-57\"> </a></td><td>Licenciado en saneamiento y protección ambiental</td><td>Licenciado en saneamiento y protección ambiental</td></tr><tr><td style=\"white-space:nowrap\">58<a name=\"profesiones-codesystem-58\"> </a></td><td>Ambientólogo</td><td>Ambientólogo</td></tr><tr><td style=\"white-space:nowrap\">59<a name=\"profesiones-codesystem-59\"> </a></td><td>Ingeniero sanitario</td><td>Ingeniero sanitario</td></tr><tr><td style=\"white-space:nowrap\">60<a name=\"profesiones-codesystem-60\"> </a></td><td>Bioingeniería</td><td>Bioingeniería</td></tr><tr><td style=\"white-space:nowrap\">61<a name=\"profesiones-codesystem-61\"> </a></td><td>Médico veterinario</td><td>Médico veterinario</td></tr><tr><td style=\"white-space:nowrap\">62<a name=\"profesiones-codesystem-62\"> </a></td><td>Enfermero</td><td>Enfermero</td></tr><tr><td style=\"white-space:nowrap\">63<a name=\"profesiones-codesystem-63\"> </a></td><td>Enfermero superior no universitario</td><td>Enfermero superior no universitario</td></tr><tr><td style=\"white-space:nowrap\">64<a name=\"profesiones-codesystem-64\"> </a></td><td>Enfermero universitario</td><td>Enfermero universitario</td></tr><tr><td style=\"white-space:nowrap\">65<a name=\"profesiones-codesystem-65\"> </a></td><td>Enfermero profesional</td><td>Enfermero profesional</td></tr><tr><td style=\"white-space:nowrap\">66<a name=\"profesiones-codesystem-66\"> </a></td><td>Técnico superior esterilización</td><td>Técnico superior esterilización</td></tr><tr><td style=\"white-space:nowrap\">67<a name=\"profesiones-codesystem-67\"> </a></td><td>Técnico esterilización</td><td>Técnico esterilización</td></tr><tr><td style=\"white-space:nowrap\">68<a name=\"profesiones-codesystem-68\"> </a></td><td>Instrumentador quirúrgico</td><td>Instrumentador quirúrgico</td></tr><tr><td style=\"white-space:nowrap\">69<a name=\"profesiones-codesystem-69\"> </a></td><td>Instrumentista universitario</td><td>Instrumentista universitario</td></tr><tr><td style=\"white-space:nowrap\">70<a name=\"profesiones-codesystem-70\"> </a></td><td>Instrumentista no universitario</td><td>Instrumentista no universitario</td></tr><tr><td style=\"white-space:nowrap\">71<a name=\"profesiones-codesystem-71\"> </a></td><td>Técnico superior instrumentación quirúrgica</td><td>Técnico superior instrumentación quirúrgica</td></tr><tr><td style=\"white-space:nowrap\">72<a name=\"profesiones-codesystem-72\"> </a></td><td>Técnico en quirófano</td><td>Técnico en quirófano</td></tr><tr><td style=\"white-space:nowrap\">73<a name=\"profesiones-codesystem-73\"> </a></td><td>Técnico universitario en quirófano</td><td>Técnico universitario en quirófano</td></tr><tr><td style=\"white-space:nowrap\">74<a name=\"profesiones-codesystem-74\"> </a></td><td>Técnico hemoterapia</td><td>Técnico hemoterapia</td></tr><tr><td style=\"white-space:nowrap\">75<a name=\"profesiones-codesystem-75\"> </a></td><td>Técnico en hemoterapia e inmunohematología</td><td>Técnico en hemoterapia e inmunohematología</td></tr><tr><td style=\"white-space:nowrap\">76<a name=\"profesiones-codesystem-76\"> </a></td><td>Técnico hematólogo</td><td>Técnico hematólogo</td></tr><tr><td style=\"white-space:nowrap\">77<a name=\"profesiones-codesystem-77\"> </a></td><td>Técnico de transfusión</td><td>Técnico de transfusión</td></tr><tr><td style=\"white-space:nowrap\">78<a name=\"profesiones-codesystem-78\"> </a></td><td>Técnico en inmunohematología</td><td>Técnico en inmunohematología</td></tr><tr><td style=\"white-space:nowrap\">79<a name=\"profesiones-codesystem-79\"> </a></td><td>Técnico prácticas cardiológicas</td><td>Técnico prácticas cardiológicas</td></tr><tr><td style=\"white-space:nowrap\">80<a name=\"profesiones-codesystem-80\"> </a></td><td>Técnico cardiólogo</td><td>Técnico cardiólogo</td></tr><tr><td style=\"white-space:nowrap\">81<a name=\"profesiones-codesystem-81\"> </a></td><td>Técnico electrocardiografía</td><td>Técnico electrocardiografía</td></tr><tr><td style=\"white-space:nowrap\">82<a name=\"profesiones-codesystem-82\"> </a></td><td>Técnico electroencefalografía</td><td>Técnico electroencefalografía</td></tr><tr><td style=\"white-space:nowrap\">83<a name=\"profesiones-codesystem-83\"> </a></td><td>Técnico neurofisiología</td><td>Técnico neurofisiología</td></tr><tr><td style=\"white-space:nowrap\">84<a name=\"profesiones-codesystem-84\"> </a></td><td>Técnico laboratorio análisis clínicos</td><td>Técnico laboratorio análisis clínicos</td></tr><tr><td style=\"white-space:nowrap\">85<a name=\"profesiones-codesystem-85\"> </a></td><td>Técnico laboratorio</td><td>Técnico laboratorio</td></tr><tr><td style=\"white-space:nowrap\">86<a name=\"profesiones-codesystem-86\"> </a></td><td>Técnico superior laboratorio</td><td>Técnico superior laboratorio</td></tr><tr><td style=\"white-space:nowrap\">87<a name=\"profesiones-codesystem-87\"> </a></td><td>Técnico análisis clínicos</td><td>Técnico análisis clínicos</td></tr><tr><td style=\"white-space:nowrap\">88<a name=\"profesiones-codesystem-88\"> </a></td><td>Técnico químico</td><td>Técnico químico</td></tr><tr><td style=\"white-space:nowrap\">89<a name=\"profesiones-codesystem-89\"> </a></td><td>Técnico químico orientación laboratorista</td><td>Técnico químico orientación laboratorista</td></tr><tr><td style=\"white-space:nowrap\">90<a name=\"profesiones-codesystem-90\"> </a></td><td>Analista químico biológico</td><td>Analista químico biológico</td></tr><tr><td style=\"white-space:nowrap\">91<a name=\"profesiones-codesystem-91\"> </a></td><td>Perito químico</td><td>Perito químico</td></tr><tr><td style=\"white-space:nowrap\">92<a name=\"profesiones-codesystem-92\"> </a></td><td>Técnico bacteriólogo</td><td>Técnico bacteriólogo</td></tr><tr><td style=\"white-space:nowrap\">93<a name=\"profesiones-codesystem-93\"> </a></td><td>Técnico químico industrial</td><td>Técnico químico industrial</td></tr><tr><td style=\"white-space:nowrap\">94<a name=\"profesiones-codesystem-94\"> </a></td><td>Asistente químico industrial</td><td>Asistente químico industrial</td></tr><tr><td style=\"white-space:nowrap\">95<a name=\"profesiones-codesystem-95\"> </a></td><td>Técnico radiólogo</td><td>Técnico radiólogo</td></tr><tr><td style=\"white-space:nowrap\">96<a name=\"profesiones-codesystem-96\"> </a></td><td>Técnico superior radiología</td><td>Técnico superior radiología</td></tr><tr><td style=\"white-space:nowrap\">97<a name=\"profesiones-codesystem-97\"> </a></td><td>Técnico diagnóstico por imágenes</td><td>Técnico diagnóstico por imágenes</td></tr><tr><td style=\"white-space:nowrap\">98<a name=\"profesiones-codesystem-98\"> </a></td><td>Técnico en radiodiagnóstico</td><td>Técnico en radiodiagnóstico</td></tr><tr><td style=\"white-space:nowrap\">99<a name=\"profesiones-codesystem-99\"> </a></td><td>Técnico bioimágenes</td><td>Técnico bioimágenes</td></tr><tr><td style=\"white-space:nowrap\">100<a name=\"profesiones-codesystem-100\"> </a></td><td>Técnico en radiología y terapia radiante</td><td>Técnico en radiología y terapia radiante</td></tr><tr><td style=\"white-space:nowrap\">101<a name=\"profesiones-codesystem-101\"> </a></td><td>Técnico tomografía axial computada</td><td>Técnico tomografía axial computada</td></tr><tr><td style=\"white-space:nowrap\">102<a name=\"profesiones-codesystem-102\"> </a></td><td>Técnico radiante</td><td>Técnico radiante</td></tr><tr><td style=\"white-space:nowrap\">103<a name=\"profesiones-codesystem-103\"> </a></td><td>Técnico en medicina nuclear</td><td>Técnico en medicina nuclear</td></tr><tr><td style=\"white-space:nowrap\">104<a name=\"profesiones-codesystem-104\"> </a></td><td>Técnico en diálisis</td><td>Técnico en diálisis</td></tr><tr><td style=\"white-space:nowrap\">105<a name=\"profesiones-codesystem-105\"> </a></td><td>Técnico hemodiálisis</td><td>Técnico hemodiálisis</td></tr><tr><td style=\"white-space:nowrap\">106<a name=\"profesiones-codesystem-106\"> </a></td><td>Técnico anestesia</td><td>Técnico anestesia</td></tr><tr><td style=\"white-space:nowrap\">107<a name=\"profesiones-codesystem-107\"> </a></td><td>Técnico en histología</td><td>Técnico en histología</td></tr><tr><td style=\"white-space:nowrap\">108<a name=\"profesiones-codesystem-108\"> </a></td><td>Técnico laboratorio clínico e histopatol</td><td>Técnico laboratorio clínico e histopatol</td></tr><tr><td style=\"white-space:nowrap\">109<a name=\"profesiones-codesystem-109\"> </a></td><td>Citotécnico</td><td>Citotécnico</td></tr><tr><td style=\"white-space:nowrap\">110<a name=\"profesiones-codesystem-110\"> </a></td><td>Técnico en citología</td><td>Técnico en citología</td></tr><tr><td style=\"white-space:nowrap\">111<a name=\"profesiones-codesystem-111\"> </a></td><td>Técnico preparadores histología</td><td>Técnico preparadores histología</td></tr><tr><td style=\"white-space:nowrap\">112<a name=\"profesiones-codesystem-112\"> </a></td><td>Técnico anatomía patológica</td><td>Técnico anatomía patológica</td></tr><tr><td style=\"white-space:nowrap\">113<a name=\"profesiones-codesystem-113\"> </a></td><td>Técnico prótesis dental</td><td>Técnico prótesis dental</td></tr><tr><td style=\"white-space:nowrap\">114<a name=\"profesiones-codesystem-114\"> </a></td><td>Técnico protesista dental</td><td>Técnico protesista dental</td></tr><tr><td style=\"white-space:nowrap\">115<a name=\"profesiones-codesystem-115\"> </a></td><td>Protésico dental universitario</td><td>Protésico dental universitario</td></tr><tr><td style=\"white-space:nowrap\">116<a name=\"profesiones-codesystem-116\"> </a></td><td>Mecánico dental</td><td>Mecánico dental</td></tr><tr><td style=\"white-space:nowrap\">117<a name=\"profesiones-codesystem-117\"> </a></td><td>Técnico en odontología</td><td>Técnico en odontología</td></tr><tr><td style=\"white-space:nowrap\">118<a name=\"profesiones-codesystem-118\"> </a></td><td>Mecánico para odontólogos</td><td>Mecánico para odontólogos</td></tr><tr><td style=\"white-space:nowrap\">119<a name=\"profesiones-codesystem-119\"> </a></td><td>Técnico prótesis y órtesis</td><td>Técnico prótesis y órtesis</td></tr><tr><td style=\"white-space:nowrap\">120<a name=\"profesiones-codesystem-120\"> </a></td><td>Técnico ortopédico ortóptico</td><td>Técnico ortopédico ortóptico</td></tr><tr><td style=\"white-space:nowrap\">121<a name=\"profesiones-codesystem-121\"> </a></td><td>Técnico ortesista protesista</td><td>Técnico ortesista protesista</td></tr><tr><td style=\"white-space:nowrap\">122<a name=\"profesiones-codesystem-122\"> </a></td><td>Técnico óptico</td><td>Técnico óptico</td></tr><tr><td style=\"white-space:nowrap\">123<a name=\"profesiones-codesystem-123\"> </a></td><td>Técnico en optica (optico técnico)</td><td>Técnico en optica (optico técnico)</td></tr><tr><td style=\"white-space:nowrap\">124<a name=\"profesiones-codesystem-124\"> </a></td><td>Óptico técnico/contactólogo</td><td>Óptico técnico/contactólogo</td></tr><tr><td style=\"white-space:nowrap\">125<a name=\"profesiones-codesystem-125\"> </a></td><td>Técnico óptica (contac. e instrumental)</td><td>Técnico óptica (contac. e instrumental)</td></tr><tr><td style=\"white-space:nowrap\">126<a name=\"profesiones-codesystem-126\"> </a></td><td>Técnico oftalmología</td><td>Técnico oftalmología</td></tr><tr><td style=\"white-space:nowrap\">127<a name=\"profesiones-codesystem-127\"> </a></td><td>Podólogo universitario</td><td>Podólogo universitario</td></tr><tr><td style=\"white-space:nowrap\">128<a name=\"profesiones-codesystem-128\"> </a></td><td>Podólogo</td><td>Podólogo</td></tr><tr><td style=\"white-space:nowrap\">129<a name=\"profesiones-codesystem-129\"> </a></td><td>Pedicuro</td><td>Pedicuro</td></tr><tr><td style=\"white-space:nowrap\">130<a name=\"profesiones-codesystem-130\"> </a></td><td>Técnico estadística</td><td>Técnico estadística</td></tr><tr><td style=\"white-space:nowrap\">131<a name=\"profesiones-codesystem-131\"> </a></td><td>Técnico bioestadística</td><td>Técnico bioestadística</td></tr><tr><td style=\"white-space:nowrap\">132<a name=\"profesiones-codesystem-132\"> </a></td><td>Técnico estadística en salud</td><td>Técnico estadística en salud</td></tr><tr><td style=\"white-space:nowrap\">133<a name=\"profesiones-codesystem-133\"> </a></td><td>Técnico alimentación</td><td>Técnico alimentación</td></tr><tr><td style=\"white-space:nowrap\">134<a name=\"profesiones-codesystem-134\"> </a></td><td>Técnico industria alimentos</td><td>Técnico industria alimentos</td></tr><tr><td style=\"white-space:nowrap\">135<a name=\"profesiones-codesystem-135\"> </a></td><td>Técnico superior industria alimentaria</td><td>Técnico superior industria alimentaria</td></tr><tr><td style=\"white-space:nowrap\">136<a name=\"profesiones-codesystem-136\"> </a></td><td>Técnico bromatología</td><td>Técnico bromatología</td></tr><tr><td style=\"white-space:nowrap\">137<a name=\"profesiones-codesystem-137\"> </a></td><td>Técnico superior en alimentos con orientación en bromatología</td><td>Técnico superior en alimentos con orientación en bromatología</td></tr><tr><td style=\"white-space:nowrap\">138<a name=\"profesiones-codesystem-138\"> </a></td><td>Técnico en lechería y tecnología alimentos</td><td>Técnico en lechería y tecnología alimentos</td></tr><tr><td style=\"white-space:nowrap\">139<a name=\"profesiones-codesystem-139\"> </a></td><td>Técnico farmacia</td><td>Técnico farmacia</td></tr><tr><td style=\"white-space:nowrap\">140<a name=\"profesiones-codesystem-140\"> </a></td><td>Técnico farmacia hospitalaria</td><td>Técnico farmacia hospitalaria</td></tr><tr><td style=\"white-space:nowrap\">141<a name=\"profesiones-codesystem-141\"> </a></td><td>Nutricionista</td><td>Nutricionista</td></tr><tr><td style=\"white-space:nowrap\">142<a name=\"profesiones-codesystem-142\"> </a></td><td>Terapista ocupacional</td><td>Terapista ocupacional</td></tr><tr><td style=\"white-space:nowrap\">143<a name=\"profesiones-codesystem-143\"> </a></td><td>Técnico estimulación temprana</td><td>Técnico estimulación temprana</td></tr><tr><td style=\"white-space:nowrap\">144<a name=\"profesiones-codesystem-144\"> </a></td><td>Técnico disc. intelectual y estimulación temprana</td><td>Técnico disc. intelectual y estimulación temprana</td></tr><tr><td style=\"white-space:nowrap\">145<a name=\"profesiones-codesystem-145\"> </a></td><td>Psicomotricista</td><td>Psicomotricista</td></tr><tr><td style=\"white-space:nowrap\">146<a name=\"profesiones-codesystem-146\"> </a></td><td>Técnico en psicomotricidad</td><td>Técnico en psicomotricidad</td></tr><tr><td style=\"white-space:nowrap\">147<a name=\"profesiones-codesystem-147\"> </a></td><td>Musicoterapeuta</td><td>Musicoterapeuta</td></tr><tr><td style=\"white-space:nowrap\">148<a name=\"profesiones-codesystem-148\"> </a></td><td>Técnico psicogerontología</td><td>Técnico psicogerontología</td></tr><tr><td style=\"white-space:nowrap\">149<a name=\"profesiones-codesystem-149\"> </a></td><td>Profesor en psicomotricidad</td><td>Profesor en psicomotricidad</td></tr><tr><td style=\"white-space:nowrap\">150<a name=\"profesiones-codesystem-150\"> </a></td><td>Prof. educación especial</td><td>Prof. educación especial</td></tr><tr><td style=\"white-space:nowrap\">151<a name=\"profesiones-codesystem-151\"> </a></td><td>Prof. deficientes mentales</td><td>Prof. deficientes mentales</td></tr><tr><td style=\"white-space:nowrap\">152<a name=\"profesiones-codesystem-152\"> </a></td><td>Prof. educador sordos</td><td>Prof. educador sordos</td></tr><tr><td style=\"white-space:nowrap\">153<a name=\"profesiones-codesystem-153\"> </a></td><td>Prof. deficientes del oído voz palabra</td><td>Prof. deficientes del oído voz palabra</td></tr><tr><td style=\"white-space:nowrap\">154<a name=\"profesiones-codesystem-154\"> </a></td><td>Prof. sordos y terapeuta lenguaje</td><td>Prof. sordos y terapeuta lenguaje</td></tr><tr><td style=\"white-space:nowrap\">155<a name=\"profesiones-codesystem-155\"> </a></td><td>Técnico kinesiólogo</td><td>Técnico kinesiólogo</td></tr><tr><td style=\"white-space:nowrap\">156<a name=\"profesiones-codesystem-156\"> </a></td><td>Psicopedagogo</td><td>Psicopedagogo</td></tr><tr><td style=\"white-space:nowrap\">159<a name=\"profesiones-codesystem-159\"> </a></td><td>Técnico obstetricia</td><td>Técnico obstetricia</td></tr><tr><td style=\"white-space:nowrap\">160<a name=\"profesiones-codesystem-160\"> </a></td><td>Obstétrico</td><td>Obstétrico</td></tr><tr><td style=\"white-space:nowrap\">161<a name=\"profesiones-codesystem-161\"> </a></td><td>Obstetra</td><td>Obstetra</td></tr><tr><td style=\"white-space:nowrap\">162<a name=\"profesiones-codesystem-162\"> </a></td><td>Trabajador social</td><td>Trabajador social</td></tr><tr><td style=\"white-space:nowrap\">163<a name=\"profesiones-codesystem-163\"> </a></td><td>Asistente social</td><td>Asistente social</td></tr><tr><td style=\"white-space:nowrap\">164<a name=\"profesiones-codesystem-164\"> </a></td><td>Educador sanitario</td><td>Educador sanitario</td></tr><tr><td style=\"white-space:nowrap\">165<a name=\"profesiones-codesystem-165\"> </a></td><td>Tecnico en salud rural</td><td>Tecnico en salud rural</td></tr><tr><td style=\"white-space:nowrap\">167<a name=\"profesiones-codesystem-167\"> </a></td><td>Agente sanitario</td><td>Agente sanitario</td></tr><tr><td style=\"white-space:nowrap\">170<a name=\"profesiones-codesystem-170\"> </a></td><td>Técnico administración social y de salud</td><td>Técnico administración social y de salud</td></tr><tr><td style=\"white-space:nowrap\">171<a name=\"profesiones-codesystem-171\"> </a></td><td>Técnico en administración y gestión</td><td>Técnico en administración y gestión</td></tr><tr><td style=\"white-space:nowrap\">173<a name=\"profesiones-codesystem-173\"> </a></td><td>Técnico univ. en administración</td><td>Técnico univ. en administración</td></tr><tr><td style=\"white-space:nowrap\">174<a name=\"profesiones-codesystem-174\"> </a></td><td>Técnico identificacion recien nacido</td><td>Técnico identificacion recien nacido</td></tr><tr><td style=\"white-space:nowrap\">175<a name=\"profesiones-codesystem-175\"> </a></td><td>Técnico emergencia médica</td><td>Técnico emergencia médica</td></tr><tr><td style=\"white-space:nowrap\">176<a name=\"profesiones-codesystem-176\"> </a></td><td>Técnico en saneamiento</td><td>Técnico en saneamiento</td></tr><tr><td style=\"white-space:nowrap\">177<a name=\"profesiones-codesystem-177\"> </a></td><td>Técnico saneamiento ambiental</td><td>Técnico saneamiento ambiental</td></tr><tr><td style=\"white-space:nowrap\">179<a name=\"profesiones-codesystem-179\"> </a></td><td>Agente propaganda médica</td><td>Agente propaganda médica</td></tr><tr><td style=\"white-space:nowrap\">180<a name=\"profesiones-codesystem-180\"> </a></td><td>Periodista</td><td>Periodista</td></tr><tr><td style=\"white-space:nowrap\">181<a name=\"profesiones-codesystem-181\"> </a></td><td>Tecnico veterinaria</td><td>Tecnico veterinaria</td></tr><tr><td style=\"white-space:nowrap\">182<a name=\"profesiones-codesystem-182\"> </a></td><td>Acompañante terapéutico</td><td>Acompañante terapéutico</td></tr><tr><td style=\"white-space:nowrap\">183<a name=\"profesiones-codesystem-183\"> </a></td><td>Auxiliar de enfermería</td><td>Auxiliar de enfermería</td></tr><tr><td style=\"white-space:nowrap\">184<a name=\"profesiones-codesystem-184\"> </a></td><td>Asistente de enfermería</td><td>Asistente de enfermería</td></tr><tr><td style=\"white-space:nowrap\">185<a name=\"profesiones-codesystem-185\"> </a></td><td>Auxiliar en geriatría</td><td>Auxiliar en geriatría</td></tr><tr><td style=\"white-space:nowrap\">188<a name=\"profesiones-codesystem-188\"> </a></td><td>Auxiliar de Familia Especializado en Cuidado de Personas con Discapacidad</td><td>Auxiliar de Familia Especializado en Cuidado de Personas con Discapacidad</td></tr><tr><td style=\"white-space:nowrap\">189<a name=\"profesiones-codesystem-189\"> </a></td><td>Auxiliar de laboratorio</td><td>Auxiliar de laboratorio</td></tr><tr><td style=\"white-space:nowrap\">190<a name=\"profesiones-codesystem-190\"> </a></td><td>Auxiliar de bioquímica</td><td>Auxiliar de bioquímica</td></tr><tr><td style=\"white-space:nowrap\">191<a name=\"profesiones-codesystem-191\"> </a></td><td>Auxiliar en patología</td><td>Auxiliar en patología</td></tr><tr><td style=\"white-space:nowrap\">193<a name=\"profesiones-codesystem-193\"> </a></td><td>Auxiliar de odontología</td><td>Auxiliar de odontología</td></tr><tr><td style=\"white-space:nowrap\">194<a name=\"profesiones-codesystem-194\"> </a></td><td>Asistente odontología</td><td>Asistente odontología</td></tr><tr><td style=\"white-space:nowrap\">195<a name=\"profesiones-codesystem-195\"> </a></td><td>Asistente dental</td><td>Asistente dental</td></tr><tr><td style=\"white-space:nowrap\">196<a name=\"profesiones-codesystem-196\"> </a></td><td>Auxiliar de anestesia</td><td>Auxiliar de anestesia</td></tr><tr><td style=\"white-space:nowrap\">197<a name=\"profesiones-codesystem-197\"> </a></td><td>Auxiliar técnico de anestesia</td><td>Auxiliar técnico de anestesia</td></tr><tr><td style=\"white-space:nowrap\">198<a name=\"profesiones-codesystem-198\"> </a></td><td>Auxiliar instrum. quirúrgica</td><td>Auxiliar instrum. quirúrgica</td></tr><tr><td style=\"white-space:nowrap\">199<a name=\"profesiones-codesystem-199\"> </a></td><td>Auxiliar de esterilización</td><td>Auxiliar de esterilización</td></tr><tr><td style=\"white-space:nowrap\">200<a name=\"profesiones-codesystem-200\"> </a></td><td>Auxiliar de hemoterapia</td><td>Auxiliar de hemoterapia</td></tr><tr><td style=\"white-space:nowrap\">202<a name=\"profesiones-codesystem-202\"> </a></td><td>Auxiliar de radiología</td><td>Auxiliar de radiología</td></tr><tr><td style=\"white-space:nowrap\">203<a name=\"profesiones-codesystem-203\"> </a></td><td>Auxiliar de farmacia</td><td>Auxiliar de farmacia</td></tr><tr><td style=\"white-space:nowrap\">204<a name=\"profesiones-codesystem-204\"> </a></td><td>Idóneos de farmacia</td><td>Idóneos de farmacia</td></tr><tr><td style=\"white-space:nowrap\">206<a name=\"profesiones-codesystem-206\"> </a></td><td>Agente sanitario</td><td>Agente sanitario</td></tr><tr><td style=\"white-space:nowrap\">207<a name=\"profesiones-codesystem-207\"> </a></td><td>Auxiliar de estadística de salud</td><td>Auxiliar de estadística de salud</td></tr><tr><td style=\"white-space:nowrap\">208<a name=\"profesiones-codesystem-208\"> </a></td><td>Auxiliar de estadística</td><td>Auxiliar de estadística</td></tr><tr><td style=\"white-space:nowrap\">210<a name=\"profesiones-codesystem-210\"> </a></td><td>Auxiliar de bromatología</td><td>Auxiliar de bromatología</td></tr><tr><td style=\"white-space:nowrap\">211<a name=\"profesiones-codesystem-211\"> </a></td><td>Inspector de bromatología</td><td>Inspector de bromatología</td></tr><tr><td style=\"white-space:nowrap\">212<a name=\"profesiones-codesystem-212\"> </a></td><td>Auxiliar dietista</td><td>Auxiliar dietista</td></tr><tr><td style=\"white-space:nowrap\">213<a name=\"profesiones-codesystem-213\"> </a></td><td>Cosmetólogo</td><td>Cosmetólogo</td></tr><tr><td style=\"white-space:nowrap\">215<a name=\"profesiones-codesystem-215\"> </a></td><td>Auxiliar en electroencefalografía</td><td>Auxiliar en electroencefalografía</td></tr><tr><td style=\"white-space:nowrap\">218<a name=\"profesiones-codesystem-218\"> </a></td><td>Auxiliar de educación sanitaria</td><td>Auxiliar de educación sanitaria</td></tr><tr><td style=\"white-space:nowrap\">219<a name=\"profesiones-codesystem-219\"> </a></td><td>Auxiliar de veterinaria</td><td>Auxiliar de veterinaria</td></tr><tr><td style=\"white-space:nowrap\">220<a name=\"profesiones-codesystem-220\"> </a></td><td>Agente de propaganda médica</td><td>Agente de propaganda médica</td></tr><tr><td style=\"white-space:nowrap\">221<a name=\"profesiones-codesystem-221\"> </a></td><td>Visitador médico</td><td>Visitador médico</td></tr><tr><td style=\"white-space:nowrap\">259<a name=\"profesiones-codesystem-259\"> </a></td><td>Sociólogo</td><td>Sociólogo</td></tr><tr><td style=\"white-space:nowrap\">261<a name=\"profesiones-codesystem-261\"> </a></td><td>Licenciado En Diagnóstico Por Imágenes</td><td>Licenciado En Diagnóstico Por Imágenes</td></tr><tr><td style=\"white-space:nowrap\">262<a name=\"profesiones-codesystem-262\"> </a></td><td>Lic. en gestión de agro alimentos</td><td>Lic. en gestión de agro alimentos</td></tr><tr><td style=\"white-space:nowrap\">263<a name=\"profesiones-codesystem-263\"> </a></td><td>Lic. en biotecnología</td><td>Lic. en biotecnología</td></tr><tr><td style=\"white-space:nowrap\">264<a name=\"profesiones-codesystem-264\"> </a></td><td>Ing. agrónomo</td><td>Ing. agrónomo</td></tr><tr><td style=\"white-space:nowrap\">265<a name=\"profesiones-codesystem-265\"> </a></td><td>Lic. en Ciencias químicas</td><td>Lic. en Ciencias químicas</td></tr><tr><td style=\"white-space:nowrap\">266<a name=\"profesiones-codesystem-266\"> </a></td><td>Ingeniero en alimentos</td><td>Ingeniero en alimentos</td></tr><tr><td style=\"white-space:nowrap\">267<a name=\"profesiones-codesystem-267\"> </a></td><td>Ingeniero biomédico</td><td>Ingeniero biomédico</td></tr><tr><td style=\"white-space:nowrap\">268<a name=\"profesiones-codesystem-268\"> </a></td><td>Auxiliar en Electrocardiografía</td><td>Auxiliar en Electrocardiografía</td></tr><tr><td style=\"white-space:nowrap\">269<a name=\"profesiones-codesystem-269\"> </a></td><td>Auxiliar de Familia Especializado en Cuidado de Personas</td><td>Auxiliar de Familia Especializado en Cuidado de Personas</td></tr><tr><td style=\"white-space:nowrap\">270<a name=\"profesiones-codesystem-270\"> </a></td><td>Operador Socio-Comunitario Especializado en Atención de las Adicciones</td><td>Operador Socio-Comunitario Especializado en Atención de las Adicciones</td></tr><tr><td style=\"white-space:nowrap\">271<a name=\"profesiones-codesystem-271\"> </a></td><td>Técnico en Prevención de la Drogadependencia</td><td>Técnico en Prevención de la Drogadependencia</td></tr><tr><td style=\"white-space:nowrap\">272<a name=\"profesiones-codesystem-272\"> </a></td><td>TECNICO SUPERIOR EN AGENTE SANITARIO</td><td>TECNICO SUPERIOR EN AGENTE SANITARIO</td></tr><tr><td style=\"white-space:nowrap\">275<a name=\"profesiones-codesystem-275\"> </a></td><td>Antropólogo</td><td>Antropólogo</td></tr><tr><td style=\"white-space:nowrap\">276<a name=\"profesiones-codesystem-276\"> </a></td><td>Licenciado en instrumentación quirúrgica</td><td>Licenciado en instrumentación quirúrgica</td></tr><tr><td style=\"white-space:nowrap\">277<a name=\"profesiones-codesystem-277\"> </a></td><td>Auxiliar de fonoaudiología</td><td>Auxiliar de fonoaudiología</td></tr><tr><td style=\"white-space:nowrap\">278<a name=\"profesiones-codesystem-278\"> </a></td><td>Técnico en fonoaudiología</td><td>Técnico en fonoaudiología</td></tr><tr><td style=\"white-space:nowrap\">279<a name=\"profesiones-codesystem-279\"> </a></td><td>Auxiliar Acompañante Terapéutico</td><td>Auxiliar Acompañante Terapéutico</td></tr><tr><td style=\"white-space:nowrap\">280<a name=\"profesiones-codesystem-280\"> </a></td><td>Licenciado en Administración</td><td>Licenciado en Administración</td></tr><tr><td style=\"white-space:nowrap\">281<a name=\"profesiones-codesystem-281\"> </a></td><td>Contador</td><td>Contador</td></tr><tr><td style=\"white-space:nowrap\">282<a name=\"profesiones-codesystem-282\"> </a></td><td>Licenciado en Economía</td><td>Licenciado en Economía</td></tr><tr><td style=\"white-space:nowrap\">283<a name=\"profesiones-codesystem-283\"> </a></td><td>BROMATOLOGO</td><td>BROMATOLOGO</td></tr><tr><td style=\"white-space:nowrap\">285<a name=\"profesiones-codesystem-285\"> </a></td><td>AUXILIAR DE DIALISIS</td><td>AUXILIAR DE DIALISIS</td></tr><tr><td style=\"white-space:nowrap\">286<a name=\"profesiones-codesystem-286\"> </a></td><td>TENICO DE LABORATORIO PARA ODONTOLOGOS</td><td>TENICO DE LABORATORIO PARA ODONTOLOGOS</td></tr><tr><td style=\"white-space:nowrap\">287<a name=\"profesiones-codesystem-287\"> </a></td><td>Tecnico Universitario en Emergencias Sanitarias y Desastres</td><td>Tecnico Universitario en Emergencias Sanitarias y Desastres</td></tr><tr><td style=\"white-space:nowrap\">288<a name=\"profesiones-codesystem-288\"> </a></td><td>LICENCIADO EN HEMOTERAPIA E INMUNOHEMATOLOGIA</td><td>LICENCIADO EN HEMOTERAPIA E INMUNOHEMATOLOGIA</td></tr><tr><td style=\"white-space:nowrap\">289<a name=\"profesiones-codesystem-289\"> </a></td><td>TÉCNICA EN OBSTETRICIA</td><td>TÉCNICA EN OBSTETRICIA</td></tr><tr><td style=\"white-space:nowrap\">290<a name=\"profesiones-codesystem-290\"> </a></td><td>Abogado</td><td>Abogado</td></tr><tr><td style=\"white-space:nowrap\">291<a name=\"profesiones-codesystem-291\"> </a></td><td>Arquitecto</td><td>Arquitecto</td></tr><tr><td style=\"white-space:nowrap\">292<a name=\"profesiones-codesystem-292\"> </a></td><td>Ingeniero</td><td>Ingeniero</td></tr><tr><td style=\"white-space:nowrap\">293<a name=\"profesiones-codesystem-293\"> </a></td><td>Licenciado en Ciencias de la Educación</td><td>Licenciado en Ciencias de la Educación</td></tr><tr><td style=\"white-space:nowrap\">294<a name=\"profesiones-codesystem-294\"> </a></td><td>Técnico en hemoterapia</td><td>Técnico en hemoterapia</td></tr></table></div>"
  },
  "url" : "http://recuperocaba.gob.ar/CodeSystem/profesiones-codesystem",
  "version" : "0.1.0",
  "name" : "RecuperoProfesionesCS",
  "title" : "Profesiones para Recupero",
  "status" : "draft",
  "date" : "2025-07-12T16:20:05-03:00",
  "publisher" : "HL7 Argentina",
  "contact" : [{
    "name" : "HL7 Argentina",
    "telecom" : [{
      "system" : "url",
      "value" : "http://hl7.org.ar"
    },
    {
      "system" : "email",
      "value" : "info@hl7.org.ar"
    }]
  }],
  "description" : "Listado de profesiones",
  "content" : "complete",
  "count" : 237,
  "concept" : [{
    "code" : "1",
    "display" : "Médico",
    "definition" : "Médico"
  },
  {
    "code" : "2",
    "display" : "Odontólogo",
    "definition" : "Odontólogo"
  },
  {
    "code" : "3",
    "display" : "Licenciado enfermería",
    "definition" : "Licenciado enfermería"
  },
  {
    "code" : "4",
    "display" : "Farmacéutico",
    "definition" : "Farmacéutico"
  },
  {
    "code" : "5",
    "display" : "Psicólogo",
    "definition" : "Psicólogo"
  },
  {
    "code" : "6",
    "display" : "Licenciado en psicología",
    "definition" : "Licenciado en psicología"
  },
  {
    "code" : "7",
    "display" : "Psicopedagogo",
    "definition" : "Psicopedagogo"
  },
  {
    "code" : "8",
    "display" : "Licenciado en psicopedagogía",
    "definition" : "Licenciado en psicopedagogía"
  },
  {
    "code" : "9",
    "display" : "Kinesiólogo",
    "definition" : "Kinesiólogo"
  },
  {
    "code" : "10",
    "display" : "Licenciado en kinesiología",
    "definition" : "Licenciado en kinesiología"
  },
  {
    "code" : "11",
    "display" : "Licenciado terapia física",
    "definition" : "Licenciado terapia física"
  },
  {
    "code" : "12",
    "display" : "Licenciado en prótesis y ortesis",
    "definition" : "Licenciado en prótesis y ortesis"
  },
  {
    "code" : "13",
    "display" : "Terapista ocupacional",
    "definition" : "Terapista ocupacional"
  },
  {
    "code" : "14",
    "display" : "Licenciado en terapia ocupacional",
    "definition" : "Licenciado en terapia ocupacional"
  },
  {
    "code" : "15",
    "display" : "Musicoterapeuta",
    "definition" : "Musicoterapeuta"
  },
  {
    "code" : "16",
    "display" : "Licenciado en musicoterápia",
    "definition" : "Licenciado en musicoterápia"
  },
  {
    "code" : "17",
    "display" : "Licenciado en psicomotrocidad",
    "definition" : "Licenciado en psicomotrocidad"
  },
  {
    "code" : "18",
    "display" : "Fonoaudiólogo",
    "definition" : "Fonoaudiólogo"
  },
  {
    "code" : "19",
    "display" : "Licenciado en fonoaudiología",
    "definition" : "Licenciado en fonoaudiología"
  },
  {
    "code" : "20",
    "display" : "Nutricionista",
    "definition" : "Nutricionista"
  },
  {
    "code" : "21",
    "display" : "Licenciado en nutrición",
    "definition" : "Licenciado en nutrición"
  },
  {
    "code" : "22",
    "display" : "Nutricionista dietista",
    "definition" : "Nutricionista dietista"
  },
  {
    "code" : "23",
    "display" : "Obstétrico",
    "definition" : "Obstétrico"
  },
  {
    "code" : "24",
    "display" : "Licenciado en obstetricia",
    "definition" : "Licenciado en obstetricia"
  },
  {
    "code" : "25",
    "display" : "Licenciado en radiología",
    "definition" : "Licenciado en radiología"
  },
  {
    "code" : "26",
    "display" : "Licenciado en producción bioimágenes",
    "definition" : "Licenciado en producción bioimágenes"
  },
  {
    "code" : "27",
    "display" : "Bioquímico",
    "definition" : "Bioquímico"
  },
  {
    "code" : "28",
    "display" : "Licenciado en bioquímica",
    "definition" : "Licenciado en bioquímica"
  },
  {
    "code" : "29",
    "display" : "Profesiones de análisis clínicos",
    "definition" : "Profesiones de análisis clínicos"
  },
  {
    "code" : "30",
    "display" : "Licenciado en química",
    "definition" : "Licenciado en química"
  },
  {
    "code" : "31",
    "display" : "Químico",
    "definition" : "Químico"
  },
  {
    "code" : "32",
    "display" : "Licenciado en física-química",
    "definition" : "Licenciado en física-química"
  },
  {
    "code" : "33",
    "display" : "Licenciado en química industrial",
    "definition" : "Licenciado en química industrial"
  },
  {
    "code" : "34",
    "display" : "Licenciado en análisis clínicos",
    "definition" : "Licenciado en análisis clínicos"
  },
  {
    "code" : "35",
    "display" : "Ingeniero químico",
    "definition" : "Ingeniero químico"
  },
  {
    "code" : "36",
    "display" : "Licenciado en trabajo social",
    "definition" : "Licenciado en trabajo social"
  },
  {
    "code" : "37",
    "display" : "Trabajador social",
    "definition" : "Trabajador social"
  },
  {
    "code" : "38",
    "display" : "Licenciado servicio social",
    "definition" : "Licenciado servicio social"
  },
  {
    "code" : "39",
    "display" : "Asistente social",
    "definition" : "Asistente social"
  },
  {
    "code" : "40",
    "display" : "Licenciado asistencia social",
    "definition" : "Licenciado asistencia social"
  },
  {
    "code" : "41",
    "display" : "Licenciado biología",
    "definition" : "Licenciado biología"
  },
  {
    "code" : "42",
    "display" : "Biólogo",
    "definition" : "Biólogo"
  },
  {
    "code" : "43",
    "display" : "Licenciado biología molecular",
    "definition" : "Licenciado biología molecular"
  },
  {
    "code" : "44",
    "display" : "Licenciado microbiología",
    "definition" : "Licenciado microbiología"
  },
  {
    "code" : "45",
    "display" : "Microbiólogo",
    "definition" : "Microbiólogo"
  },
  {
    "code" : "46",
    "display" : "Bacteriólogo",
    "definition" : "Bacteriólogo"
  },
  {
    "code" : "47",
    "display" : "Bacteriólogo clínico industrial",
    "definition" : "Bacteriólogo clínico industrial"
  },
  {
    "code" : "48",
    "display" : "Licenciado en genética",
    "definition" : "Licenciado en genética"
  },
  {
    "code" : "49",
    "display" : "Bromatólogo",
    "definition" : "Bromatólogo"
  },
  {
    "code" : "50",
    "display" : "Licenciado en bromatología",
    "definition" : "Licenciado en bromatología"
  },
  {
    "code" : "51",
    "display" : "Licenciado en tecnología y alimentos",
    "definition" : "Licenciado en tecnología y alimentos"
  },
  {
    "code" : "52",
    "display" : "Ingeniero industria alimentación",
    "definition" : "Ingeniero industria alimentación"
  },
  {
    "code" : "53",
    "display" : "Fruticultor - enólogo",
    "definition" : "Fruticultor - enólogo"
  },
  {
    "code" : "54",
    "display" : "Licenciado en estadística para la salud",
    "definition" : "Licenciado en estadística para la salud"
  },
  {
    "code" : "55",
    "display" : "Licenciado en educación para la salud",
    "definition" : "Licenciado en educación para la salud"
  },
  {
    "code" : "56",
    "display" : "Licenciado en comunicación social",
    "definition" : "Licenciado en comunicación social"
  },
  {
    "code" : "57",
    "display" : "Licenciado en saneamiento y protección ambiental",
    "definition" : "Licenciado en saneamiento y protección ambiental"
  },
  {
    "code" : "58",
    "display" : "Ambientólogo",
    "definition" : "Ambientólogo"
  },
  {
    "code" : "59",
    "display" : "Ingeniero sanitario",
    "definition" : "Ingeniero sanitario"
  },
  {
    "code" : "60",
    "display" : "Bioingeniería",
    "definition" : "Bioingeniería"
  },
  {
    "code" : "61",
    "display" : "Médico veterinario",
    "definition" : "Médico veterinario"
  },
  {
    "code" : "62",
    "display" : "Enfermero",
    "definition" : "Enfermero"
  },
  {
    "code" : "63",
    "display" : "Enfermero superior no universitario",
    "definition" : "Enfermero superior no universitario"
  },
  {
    "code" : "64",
    "display" : "Enfermero universitario",
    "definition" : "Enfermero universitario"
  },
  {
    "code" : "65",
    "display" : "Enfermero profesional",
    "definition" : "Enfermero profesional"
  },
  {
    "code" : "66",
    "display" : "Técnico superior esterilización",
    "definition" : "Técnico superior esterilización"
  },
  {
    "code" : "67",
    "display" : "Técnico esterilización",
    "definition" : "Técnico esterilización"
  },
  {
    "code" : "68",
    "display" : "Instrumentador quirúrgico",
    "definition" : "Instrumentador quirúrgico"
  },
  {
    "code" : "69",
    "display" : "Instrumentista universitario",
    "definition" : "Instrumentista universitario"
  },
  {
    "code" : "70",
    "display" : "Instrumentista no universitario",
    "definition" : "Instrumentista no universitario"
  },
  {
    "code" : "71",
    "display" : "Técnico superior instrumentación quirúrgica",
    "definition" : "Técnico superior instrumentación quirúrgica"
  },
  {
    "code" : "72",
    "display" : "Técnico en quirófano",
    "definition" : "Técnico en quirófano"
  },
  {
    "code" : "73",
    "display" : "Técnico universitario en quirófano",
    "definition" : "Técnico universitario en quirófano"
  },
  {
    "code" : "74",
    "display" : "Técnico hemoterapia",
    "definition" : "Técnico hemoterapia"
  },
  {
    "code" : "75",
    "display" : "Técnico en hemoterapia e inmunohematología",
    "definition" : "Técnico en hemoterapia e inmunohematología"
  },
  {
    "code" : "76",
    "display" : "Técnico hematólogo",
    "definition" : "Técnico hematólogo"
  },
  {
    "code" : "77",
    "display" : "Técnico de transfusión",
    "definition" : "Técnico de transfusión"
  },
  {
    "code" : "78",
    "display" : "Técnico en inmunohematología",
    "definition" : "Técnico en inmunohematología"
  },
  {
    "code" : "79",
    "display" : "Técnico prácticas cardiológicas",
    "definition" : "Técnico prácticas cardiológicas"
  },
  {
    "code" : "80",
    "display" : "Técnico cardiólogo",
    "definition" : "Técnico cardiólogo"
  },
  {
    "code" : "81",
    "display" : "Técnico electrocardiografía",
    "definition" : "Técnico electrocardiografía"
  },
  {
    "code" : "82",
    "display" : "Técnico electroencefalografía",
    "definition" : "Técnico electroencefalografía"
  },
  {
    "code" : "83",
    "display" : "Técnico neurofisiología",
    "definition" : "Técnico neurofisiología"
  },
  {
    "code" : "84",
    "display" : "Técnico laboratorio análisis clínicos",
    "definition" : "Técnico laboratorio análisis clínicos"
  },
  {
    "code" : "85",
    "display" : "Técnico laboratorio",
    "definition" : "Técnico laboratorio"
  },
  {
    "code" : "86",
    "display" : "Técnico superior laboratorio",
    "definition" : "Técnico superior laboratorio"
  },
  {
    "code" : "87",
    "display" : "Técnico análisis clínicos",
    "definition" : "Técnico análisis clínicos"
  },
  {
    "code" : "88",
    "display" : "Técnico químico",
    "definition" : "Técnico químico"
  },
  {
    "code" : "89",
    "display" : "Técnico químico orientación laboratorista",
    "definition" : "Técnico químico orientación laboratorista"
  },
  {
    "code" : "90",
    "display" : "Analista químico biológico",
    "definition" : "Analista químico biológico"
  },
  {
    "code" : "91",
    "display" : "Perito químico",
    "definition" : "Perito químico"
  },
  {
    "code" : "92",
    "display" : "Técnico bacteriólogo",
    "definition" : "Técnico bacteriólogo"
  },
  {
    "code" : "93",
    "display" : "Técnico químico industrial",
    "definition" : "Técnico químico industrial"
  },
  {
    "code" : "94",
    "display" : "Asistente químico industrial",
    "definition" : "Asistente químico industrial"
  },
  {
    "code" : "95",
    "display" : "Técnico radiólogo",
    "definition" : "Técnico radiólogo"
  },
  {
    "code" : "96",
    "display" : "Técnico superior radiología",
    "definition" : "Técnico superior radiología"
  },
  {
    "code" : "97",
    "display" : "Técnico diagnóstico por imágenes",
    "definition" : "Técnico diagnóstico por imágenes"
  },
  {
    "code" : "98",
    "display" : "Técnico en radiodiagnóstico",
    "definition" : "Técnico en radiodiagnóstico"
  },
  {
    "code" : "99",
    "display" : "Técnico bioimágenes",
    "definition" : "Técnico bioimágenes"
  },
  {
    "code" : "100",
    "display" : "Técnico en radiología y terapia radiante",
    "definition" : "Técnico en radiología y terapia radiante"
  },
  {
    "code" : "101",
    "display" : "Técnico tomografía axial computada",
    "definition" : "Técnico tomografía axial computada"
  },
  {
    "code" : "102",
    "display" : "Técnico radiante",
    "definition" : "Técnico radiante"
  },
  {
    "code" : "103",
    "display" : "Técnico en medicina nuclear",
    "definition" : "Técnico en medicina nuclear"
  },
  {
    "code" : "104",
    "display" : "Técnico en diálisis",
    "definition" : "Técnico en diálisis"
  },
  {
    "code" : "105",
    "display" : "Técnico hemodiálisis",
    "definition" : "Técnico hemodiálisis"
  },
  {
    "code" : "106",
    "display" : "Técnico anestesia",
    "definition" : "Técnico anestesia"
  },
  {
    "code" : "107",
    "display" : "Técnico en histología",
    "definition" : "Técnico en histología"
  },
  {
    "code" : "108",
    "display" : "Técnico laboratorio clínico e histopatol",
    "definition" : "Técnico laboratorio clínico e histopatol"
  },
  {
    "code" : "109",
    "display" : "Citotécnico",
    "definition" : "Citotécnico"
  },
  {
    "code" : "110",
    "display" : "Técnico en citología",
    "definition" : "Técnico en citología"
  },
  {
    "code" : "111",
    "display" : "Técnico preparadores histología",
    "definition" : "Técnico preparadores histología"
  },
  {
    "code" : "112",
    "display" : "Técnico anatomía patológica",
    "definition" : "Técnico anatomía patológica"
  },
  {
    "code" : "113",
    "display" : "Técnico prótesis dental",
    "definition" : "Técnico prótesis dental"
  },
  {
    "code" : "114",
    "display" : "Técnico protesista dental",
    "definition" : "Técnico protesista dental"
  },
  {
    "code" : "115",
    "display" : "Protésico dental universitario",
    "definition" : "Protésico dental universitario"
  },
  {
    "code" : "116",
    "display" : "Mecánico dental",
    "definition" : "Mecánico dental"
  },
  {
    "code" : "117",
    "display" : "Técnico en odontología",
    "definition" : "Técnico en odontología"
  },
  {
    "code" : "118",
    "display" : "Mecánico para odontólogos",
    "definition" : "Mecánico para odontólogos"
  },
  {
    "code" : "119",
    "display" : "Técnico prótesis y órtesis",
    "definition" : "Técnico prótesis y órtesis"
  },
  {
    "code" : "120",
    "display" : "Técnico ortopédico ortóptico",
    "definition" : "Técnico ortopédico ortóptico"
  },
  {
    "code" : "121",
    "display" : "Técnico ortesista protesista",
    "definition" : "Técnico ortesista protesista"
  },
  {
    "code" : "122",
    "display" : "Técnico óptico",
    "definition" : "Técnico óptico"
  },
  {
    "code" : "123",
    "display" : "Técnico en optica (optico técnico)",
    "definition" : "Técnico en optica (optico técnico)"
  },
  {
    "code" : "124",
    "display" : "Óptico técnico/contactólogo",
    "definition" : "Óptico técnico/contactólogo"
  },
  {
    "code" : "125",
    "display" : "Técnico óptica (contac. e instrumental)",
    "definition" : "Técnico óptica (contac. e instrumental)"
  },
  {
    "code" : "126",
    "display" : "Técnico oftalmología",
    "definition" : "Técnico oftalmología"
  },
  {
    "code" : "127",
    "display" : "Podólogo universitario",
    "definition" : "Podólogo universitario"
  },
  {
    "code" : "128",
    "display" : "Podólogo",
    "definition" : "Podólogo"
  },
  {
    "code" : "129",
    "display" : "Pedicuro",
    "definition" : "Pedicuro"
  },
  {
    "code" : "130",
    "display" : "Técnico estadística",
    "definition" : "Técnico estadística"
  },
  {
    "code" : "131",
    "display" : "Técnico bioestadística",
    "definition" : "Técnico bioestadística"
  },
  {
    "code" : "132",
    "display" : "Técnico estadística en salud",
    "definition" : "Técnico estadística en salud"
  },
  {
    "code" : "133",
    "display" : "Técnico alimentación",
    "definition" : "Técnico alimentación"
  },
  {
    "code" : "134",
    "display" : "Técnico industria alimentos",
    "definition" : "Técnico industria alimentos"
  },
  {
    "code" : "135",
    "display" : "Técnico superior industria alimentaria",
    "definition" : "Técnico superior industria alimentaria"
  },
  {
    "code" : "136",
    "display" : "Técnico bromatología",
    "definition" : "Técnico bromatología"
  },
  {
    "code" : "137",
    "display" : "Técnico superior en alimentos con orientación en bromatología",
    "definition" : "Técnico superior en alimentos con orientación en bromatología"
  },
  {
    "code" : "138",
    "display" : "Técnico en lechería y tecnología alimentos",
    "definition" : "Técnico en lechería y tecnología alimentos"
  },
  {
    "code" : "139",
    "display" : "Técnico farmacia",
    "definition" : "Técnico farmacia"
  },
  {
    "code" : "140",
    "display" : "Técnico farmacia hospitalaria",
    "definition" : "Técnico farmacia hospitalaria"
  },
  {
    "code" : "141",
    "display" : "Nutricionista",
    "definition" : "Nutricionista"
  },
  {
    "code" : "142",
    "display" : "Terapista ocupacional",
    "definition" : "Terapista ocupacional"
  },
  {
    "code" : "143",
    "display" : "Técnico estimulación temprana",
    "definition" : "Técnico estimulación temprana"
  },
  {
    "code" : "144",
    "display" : "Técnico disc. intelectual y estimulación temprana",
    "definition" : "Técnico disc. intelectual y estimulación temprana"
  },
  {
    "code" : "145",
    "display" : "Psicomotricista",
    "definition" : "Psicomotricista"
  },
  {
    "code" : "146",
    "display" : "Técnico en psicomotricidad",
    "definition" : "Técnico en psicomotricidad"
  },
  {
    "code" : "147",
    "display" : "Musicoterapeuta",
    "definition" : "Musicoterapeuta"
  },
  {
    "code" : "148",
    "display" : "Técnico psicogerontología",
    "definition" : "Técnico psicogerontología"
  },
  {
    "code" : "149",
    "display" : "Profesor en psicomotricidad",
    "definition" : "Profesor en psicomotricidad"
  },
  {
    "code" : "150",
    "display" : "Prof. educación especial",
    "definition" : "Prof. educación especial"
  },
  {
    "code" : "151",
    "display" : "Prof. deficientes mentales",
    "definition" : "Prof. deficientes mentales"
  },
  {
    "code" : "152",
    "display" : "Prof. educador sordos",
    "definition" : "Prof. educador sordos"
  },
  {
    "code" : "153",
    "display" : "Prof. deficientes del oído voz palabra",
    "definition" : "Prof. deficientes del oído voz palabra"
  },
  {
    "code" : "154",
    "display" : "Prof. sordos y terapeuta lenguaje",
    "definition" : "Prof. sordos y terapeuta lenguaje"
  },
  {
    "code" : "155",
    "display" : "Técnico kinesiólogo",
    "definition" : "Técnico kinesiólogo"
  },
  {
    "code" : "156",
    "display" : "Psicopedagogo",
    "definition" : "Psicopedagogo"
  },
  {
    "code" : "159",
    "display" : "Técnico obstetricia",
    "definition" : "Técnico obstetricia"
  },
  {
    "code" : "160",
    "display" : "Obstétrico",
    "definition" : "Obstétrico"
  },
  {
    "code" : "161",
    "display" : "Obstetra",
    "definition" : "Obstetra"
  },
  {
    "code" : "162",
    "display" : "Trabajador social",
    "definition" : "Trabajador social"
  },
  {
    "code" : "163",
    "display" : "Asistente social",
    "definition" : "Asistente social"
  },
  {
    "code" : "164",
    "display" : "Educador sanitario",
    "definition" : "Educador sanitario"
  },
  {
    "code" : "165",
    "display" : "Tecnico en salud rural",
    "definition" : "Tecnico en salud rural"
  },
  {
    "code" : "167",
    "display" : "Agente sanitario",
    "definition" : "Agente sanitario"
  },
  {
    "code" : "170",
    "display" : "Técnico administración social y de salud",
    "definition" : "Técnico administración social y de salud"
  },
  {
    "code" : "171",
    "display" : "Técnico en administración y gestión",
    "definition" : "Técnico en administración y gestión"
  },
  {
    "code" : "173",
    "display" : "Técnico univ. en administración",
    "definition" : "Técnico univ. en administración"
  },
  {
    "code" : "174",
    "display" : "Técnico identificacion recien nacido",
    "definition" : "Técnico identificacion recien nacido"
  },
  {
    "code" : "175",
    "display" : "Técnico emergencia médica",
    "definition" : "Técnico emergencia médica"
  },
  {
    "code" : "176",
    "display" : "Técnico en saneamiento",
    "definition" : "Técnico en saneamiento"
  },
  {
    "code" : "177",
    "display" : "Técnico saneamiento ambiental",
    "definition" : "Técnico saneamiento ambiental"
  },
  {
    "code" : "179",
    "display" : "Agente propaganda médica",
    "definition" : "Agente propaganda médica"
  },
  {
    "code" : "180",
    "display" : "Periodista",
    "definition" : "Periodista"
  },
  {
    "code" : "181",
    "display" : "Tecnico veterinaria",
    "definition" : "Tecnico veterinaria"
  },
  {
    "code" : "182",
    "display" : "Acompañante terapéutico",
    "definition" : "Acompañante terapéutico"
  },
  {
    "code" : "183",
    "display" : "Auxiliar de enfermería",
    "definition" : "Auxiliar de enfermería"
  },
  {
    "code" : "184",
    "display" : "Asistente de enfermería",
    "definition" : "Asistente de enfermería"
  },
  {
    "code" : "185",
    "display" : "Auxiliar en geriatría",
    "definition" : "Auxiliar en geriatría"
  },
  {
    "code" : "188",
    "display" : "Auxiliar de Familia Especializado en Cuidado de Personas con Discapacidad",
    "definition" : "Auxiliar de Familia Especializado en Cuidado de Personas con Discapacidad"
  },
  {
    "code" : "189",
    "display" : "Auxiliar de laboratorio",
    "definition" : "Auxiliar de laboratorio"
  },
  {
    "code" : "190",
    "display" : "Auxiliar de bioquímica",
    "definition" : "Auxiliar de bioquímica"
  },
  {
    "code" : "191",
    "display" : "Auxiliar en patología",
    "definition" : "Auxiliar en patología"
  },
  {
    "code" : "193",
    "display" : "Auxiliar de odontología",
    "definition" : "Auxiliar de odontología"
  },
  {
    "code" : "194",
    "display" : "Asistente odontología",
    "definition" : "Asistente odontología"
  },
  {
    "code" : "195",
    "display" : "Asistente dental",
    "definition" : "Asistente dental"
  },
  {
    "code" : "196",
    "display" : "Auxiliar de anestesia",
    "definition" : "Auxiliar de anestesia"
  },
  {
    "code" : "197",
    "display" : "Auxiliar técnico de anestesia",
    "definition" : "Auxiliar técnico de anestesia"
  },
  {
    "code" : "198",
    "display" : "Auxiliar instrum. quirúrgica",
    "definition" : "Auxiliar instrum. quirúrgica"
  },
  {
    "code" : "199",
    "display" : "Auxiliar de esterilización",
    "definition" : "Auxiliar de esterilización"
  },
  {
    "code" : "200",
    "display" : "Auxiliar de hemoterapia",
    "definition" : "Auxiliar de hemoterapia"
  },
  {
    "code" : "202",
    "display" : "Auxiliar de radiología",
    "definition" : "Auxiliar de radiología"
  },
  {
    "code" : "203",
    "display" : "Auxiliar de farmacia",
    "definition" : "Auxiliar de farmacia"
  },
  {
    "code" : "204",
    "display" : "Idóneos de farmacia",
    "definition" : "Idóneos de farmacia"
  },
  {
    "code" : "206",
    "display" : "Agente sanitario",
    "definition" : "Agente sanitario"
  },
  {
    "code" : "207",
    "display" : "Auxiliar de estadística de salud",
    "definition" : "Auxiliar de estadística de salud"
  },
  {
    "code" : "208",
    "display" : "Auxiliar de estadística",
    "definition" : "Auxiliar de estadística"
  },
  {
    "code" : "210",
    "display" : "Auxiliar de bromatología",
    "definition" : "Auxiliar de bromatología"
  },
  {
    "code" : "211",
    "display" : "Inspector de bromatología",
    "definition" : "Inspector de bromatología"
  },
  {
    "code" : "212",
    "display" : "Auxiliar dietista",
    "definition" : "Auxiliar dietista"
  },
  {
    "code" : "213",
    "display" : "Cosmetólogo",
    "definition" : "Cosmetólogo"
  },
  {
    "code" : "215",
    "display" : "Auxiliar en electroencefalografía",
    "definition" : "Auxiliar en electroencefalografía"
  },
  {
    "code" : "218",
    "display" : "Auxiliar de educación sanitaria",
    "definition" : "Auxiliar de educación sanitaria"
  },
  {
    "code" : "219",
    "display" : "Auxiliar de veterinaria",
    "definition" : "Auxiliar de veterinaria"
  },
  {
    "code" : "220",
    "display" : "Agente de propaganda médica",
    "definition" : "Agente de propaganda médica"
  },
  {
    "code" : "221",
    "display" : "Visitador médico",
    "definition" : "Visitador médico"
  },
  {
    "code" : "259",
    "display" : "Sociólogo",
    "definition" : "Sociólogo"
  },
  {
    "code" : "261",
    "display" : "Licenciado En Diagnóstico Por Imágenes",
    "definition" : "Licenciado En Diagnóstico Por Imágenes"
  },
  {
    "code" : "262",
    "display" : "Lic. en gestión de agro alimentos",
    "definition" : "Lic. en gestión de agro alimentos"
  },
  {
    "code" : "263",
    "display" : "Lic. en biotecnología",
    "definition" : "Lic. en biotecnología"
  },
  {
    "code" : "264",
    "display" : "Ing. agrónomo",
    "definition" : "Ing. agrónomo"
  },
  {
    "code" : "265",
    "display" : "Lic. en Ciencias químicas",
    "definition" : "Lic. en Ciencias químicas"
  },
  {
    "code" : "266",
    "display" : "Ingeniero en alimentos",
    "definition" : "Ingeniero en alimentos"
  },
  {
    "code" : "267",
    "display" : "Ingeniero biomédico",
    "definition" : "Ingeniero biomédico"
  },
  {
    "code" : "268",
    "display" : "Auxiliar en Electrocardiografía",
    "definition" : "Auxiliar en Electrocardiografía"
  },
  {
    "code" : "269",
    "display" : "Auxiliar de Familia Especializado en Cuidado de Personas",
    "definition" : "Auxiliar de Familia Especializado en Cuidado de Personas"
  },
  {
    "code" : "270",
    "display" : "Operador Socio-Comunitario Especializado en Atención de las Adicciones",
    "definition" : "Operador Socio-Comunitario Especializado en Atención de las Adicciones"
  },
  {
    "code" : "271",
    "display" : "Técnico en Prevención de la Drogadependencia",
    "definition" : "Técnico en Prevención de la Drogadependencia"
  },
  {
    "code" : "272",
    "display" : "TECNICO SUPERIOR EN AGENTE SANITARIO",
    "definition" : "TECNICO SUPERIOR EN AGENTE SANITARIO"
  },
  {
    "code" : "275",
    "display" : "Antropólogo",
    "definition" : "Antropólogo"
  },
  {
    "code" : "276",
    "display" : "Licenciado en instrumentación quirúrgica",
    "definition" : "Licenciado en instrumentación quirúrgica"
  },
  {
    "code" : "277",
    "display" : "Auxiliar de fonoaudiología",
    "definition" : "Auxiliar de fonoaudiología"
  },
  {
    "code" : "278",
    "display" : "Técnico en fonoaudiología",
    "definition" : "Técnico en fonoaudiología"
  },
  {
    "code" : "279",
    "display" : "Auxiliar Acompañante Terapéutico",
    "definition" : "Auxiliar Acompañante Terapéutico"
  },
  {
    "code" : "280",
    "display" : "Licenciado en Administración",
    "definition" : "Licenciado en Administración"
  },
  {
    "code" : "281",
    "display" : "Contador",
    "definition" : "Contador"
  },
  {
    "code" : "282",
    "display" : "Licenciado en Economía",
    "definition" : "Licenciado en Economía"
  },
  {
    "code" : "283",
    "display" : "BROMATOLOGO",
    "definition" : "BROMATOLOGO"
  },
  {
    "code" : "285",
    "display" : "AUXILIAR DE DIALISIS",
    "definition" : "AUXILIAR DE DIALISIS"
  },
  {
    "code" : "286",
    "display" : "TENICO DE LABORATORIO PARA ODONTOLOGOS",
    "definition" : "TENICO DE LABORATORIO PARA ODONTOLOGOS"
  },
  {
    "code" : "287",
    "display" : "Tecnico Universitario en Emergencias Sanitarias y Desastres",
    "definition" : "Tecnico Universitario en Emergencias Sanitarias y Desastres"
  },
  {
    "code" : "288",
    "display" : "LICENCIADO EN HEMOTERAPIA E INMUNOHEMATOLOGIA",
    "definition" : "LICENCIADO EN HEMOTERAPIA E INMUNOHEMATOLOGIA"
  },
  {
    "code" : "289",
    "display" : "TÉCNICA EN OBSTETRICIA",
    "definition" : "TÉCNICA EN OBSTETRICIA"
  },
  {
    "code" : "290",
    "display" : "Abogado",
    "definition" : "Abogado"
  },
  {
    "code" : "291",
    "display" : "Arquitecto",
    "definition" : "Arquitecto"
  },
  {
    "code" : "292",
    "display" : "Ingeniero",
    "definition" : "Ingeniero"
  },
  {
    "code" : "293",
    "display" : "Licenciado en Ciencias de la Educación",
    "definition" : "Licenciado en Ciencias de la Educación"
  },
  {
    "code" : "294",
    "display" : "Técnico en hemoterapia",
    "definition" : "Técnico en hemoterapia"
  }]
}