{
  "resourceType" : "CodeSystem",
  "id" : "procedimientos-codesystem",
  "text" : {
    "status" : "generated",
    "div" : "<div xmlns=\"http://www.w3.org/1999/xhtml\"><p class=\"res-header-id\"><b>Generated Narrative: CodeSystem procedimientos-codesystem</b></p><a name=\"procedimientos-codesystem\"> </a><a name=\"hcprocedimientos-codesystem\"> </a><p>This case-sensitive code system <code>http://recuperocaba.gob.ar/CodeSystem/procedimientos-codesystem</code> defines the following codes:</p><table class=\"codes\"><tr><td style=\"white-space:nowrap\"><b>Code</b></td><td><b>Display</b></td></tr><tr><td style=\"white-space:nowrap\">133<a name=\"procedimientos-codesystem-133\"> </a></td><td>CALCEMIA TOTAL (CA)</td></tr><tr><td style=\"white-space:nowrap\">136<a name=\"procedimientos-codesystem-136\"> </a></td><td>CALCIO - URINARIO</td></tr><tr><td style=\"white-space:nowrap\">144<a name=\"procedimientos-codesystem-144\"> </a></td><td>CEA - ANTIGENO CARCINOEMBRIOGENICO</td></tr><tr><td style=\"white-space:nowrap\">171<a name=\"procedimientos-codesystem-171\"> </a></td><td>COAGULOGRAMA</td></tr><tr><td style=\"white-space:nowrap\">174<a name=\"procedimientos-codesystem-174\"> </a></td><td>COLESTEROL TOTAL</td></tr><tr><td style=\"white-space:nowrap\">189<a name=\"procedimientos-codesystem-189\"> </a></td><td>CORTISOL</td></tr><tr><td style=\"white-space:nowrap\">190<a name=\"procedimientos-codesystem-190\"> </a></td><td>CPK</td></tr><tr><td style=\"white-space:nowrap\">192<a name=\"procedimientos-codesystem-192\"> </a></td><td>CREATININA</td></tr><tr><td style=\"white-space:nowrap\">193<a name=\"procedimientos-codesystem-193\"> </a></td><td>CREATININA, CLEARENCE DE DEPURACION</td></tr><tr><td style=\"white-space:nowrap\">2004<a name=\"procedimientos-codesystem-2004\"> </a></td><td>APOLIPOPROTEINA A (APO A)</td></tr><tr><td style=\"white-space:nowrap\">2005<a name=\"procedimientos-codesystem-2005\"> </a></td><td>APOLIPOPROTEINA B (APO B)</td></tr><tr><td style=\"white-space:nowrap\">2006<a name=\"procedimientos-codesystem-2006\"> </a></td><td>FOLICO, ACIDO</td></tr><tr><td style=\"white-space:nowrap\">2007<a name=\"procedimientos-codesystem-2007\"> </a></td><td>ASCORBICO, ACIDO</td></tr><tr><td style=\"white-space:nowrap\">2014<a name=\"procedimientos-codesystem-2014\"> </a></td><td>COLESTEROL HDL. (HDL-C)</td></tr><tr><td style=\"white-space:nowrap\">2015<a name=\"procedimientos-codesystem-2015\"> </a></td><td>LDL COLESTEROL</td></tr><tr><td style=\"white-space:nowrap\">2020<a name=\"procedimientos-codesystem-2020\"> </a></td><td>VITAMINA D 25 (OH)</td></tr><tr><td style=\"white-space:nowrap\">2024<a name=\"procedimientos-codesystem-2024\"> </a></td><td>DEHIDROEPIANDROSTERONA, SULFATO - DHEA-S</td></tr><tr><td style=\"white-space:nowrap\">2026<a name=\"procedimientos-codesystem-2026\"> </a></td><td>ANDROSTENEDIONA, DELTA 4 - (DELTA4)</td></tr><tr><td style=\"white-space:nowrap\">2040<a name=\"procedimientos-codesystem-2040\"> </a></td><td>FERRITINA</td></tr><tr><td style=\"white-space:nowrap\">2043<a name=\"procedimientos-codesystem-2043\"> </a></td><td>SUBUNIDAD BETA DE GONADOTROFINA CORIÓNICA (CUANTIT</td></tr><tr><td style=\"white-space:nowrap\">2045C<a name=\"procedimientos-codesystem-2045C\"> </a></td><td>HEMOGLOBINA GLICOSILADA (HB A1C)</td></tr><tr><td style=\"white-space:nowrap\">2052<a name=\"procedimientos-codesystem-2052\"> </a></td><td>MARCADOR TUMORAL DE COLON (CA. 19. 9)</td></tr><tr><td style=\"white-space:nowrap\">2053<a name=\"procedimientos-codesystem-2053\"> </a></td><td>MARCADOR TUMORAL DE OVARIO (CA 125)</td></tr><tr><td style=\"white-space:nowrap\">2063<a name=\"procedimientos-codesystem-2063\"> </a></td><td>OSTEOCALCINA</td></tr><tr><td style=\"white-space:nowrap\">2064<a name=\"procedimientos-codesystem-2064\"> </a></td><td>PEPTIDO C</td></tr><tr><td style=\"white-space:nowrap\">2078<a name=\"procedimientos-codesystem-2078\"> </a></td><td>TESTOSTERONA LIBRE, TO-L</td></tr><tr><td style=\"white-space:nowrap\">2084<a name=\"procedimientos-codesystem-2084\"> </a></td><td>VITAMINA B12</td></tr><tr><td style=\"white-space:nowrap\">2095<a name=\"procedimientos-codesystem-2095\"> </a></td><td>TESTOSTERONA BIODISPONIBLE</td></tr><tr><td style=\"white-space:nowrap\">2096<a name=\"procedimientos-codesystem-2096\"> </a></td><td>ZINC (ZN) - SERICO</td></tr><tr><td style=\"white-space:nowrap\">2111<a name=\"procedimientos-codesystem-2111\"> </a></td><td>GLOBULINA LIGADORA DE ANDROGENOS Y ESTROGENOS (GLA</td></tr><tr><td style=\"white-space:nowrap\">2146<a name=\"procedimientos-codesystem-2146\"> </a></td><td>ANTICOAGULANTE LUPICO, SIN INHIBICIÒN</td></tr><tr><td style=\"white-space:nowrap\">21471<a name=\"procedimientos-codesystem-21471\"> </a></td><td>CARDIOLIPINAS, AC. IGG ANTI-</td></tr><tr><td style=\"white-space:nowrap\">21472<a name=\"procedimientos-codesystem-21472\"> </a></td><td>CARDIOLIPINAS, AC. IGM ANTI-</td></tr><tr><td style=\"white-space:nowrap\">2155<a name=\"procedimientos-codesystem-2155\"> </a></td><td>VITAMINA B6 (PIRIDOXINA)</td></tr><tr><td style=\"white-space:nowrap\">2181<a name=\"procedimientos-codesystem-2181\"> </a></td><td>PEROXIDASA TIROIDEO, AC. ANTI- (ATPO / TPO)</td></tr><tr><td style=\"white-space:nowrap\">2182<a name=\"procedimientos-codesystem-2182\"> </a></td><td>TIROGLOBULINA, AC. ULTRASENSIBLE</td></tr><tr><td style=\"white-space:nowrap\">2227<a name=\"procedimientos-codesystem-2227\"> </a></td><td>PROGESTERONA (Monitoreo de ovulación)</td></tr><tr><td style=\"white-space:nowrap\">2250<a name=\"procedimientos-codesystem-2250\"> </a></td><td>SELENIO</td></tr><tr><td style=\"white-space:nowrap\">2263<a name=\"procedimientos-codesystem-2263\"> </a></td><td>LIPOPROTEINA A - LP(A)</td></tr><tr><td style=\"white-space:nowrap\">2302U<a name=\"procedimientos-codesystem-2302U\"> </a></td><td>PROTEINA C REACTIVA - ULTRASENSIBLE (PCRUS)</td></tr><tr><td style=\"white-space:nowrap\">2373<a name=\"procedimientos-codesystem-2373\"> </a></td><td>PROTEINA C FUNCIONAL - CROMOGENICO</td></tr><tr><td style=\"white-space:nowrap\">2374<a name=\"procedimientos-codesystem-2374\"> </a></td><td>PROTEINA S LIBRE = INMUNOTURBIDIMETRIO</td></tr><tr><td style=\"white-space:nowrap\">241<a name=\"procedimientos-codesystem-241\"> </a></td><td>CHAGAS (AD)</td></tr><tr><td style=\"white-space:nowrap\">2494<a name=\"procedimientos-codesystem-2494\"> </a></td><td>HOMOCISTEINA</td></tr><tr><td style=\"white-space:nowrap\">2529<a name=\"procedimientos-codesystem-2529\"> </a></td><td>FOSFOLIPIDOS, AC TOTALES ANTI- (IGA, IGG, IGM)</td></tr><tr><td style=\"white-space:nowrap\">2562<a name=\"procedimientos-codesystem-2562\"> </a></td><td>BETA CROSS LAPS - CTX - C- TELOPEPTIDO DE COLAGENO</td></tr><tr><td style=\"white-space:nowrap\">2676<a name=\"procedimientos-codesystem-2676\"> </a></td><td>ANTIGENO PROSTATICO ESPECIFICO LIBRE + TOTAL (PSA-</td></tr><tr><td style=\"white-space:nowrap\">2798<a name=\"procedimientos-codesystem-2798\"> </a></td><td>MICROALBUMINURIA / ALBUMINA URINARIA</td></tr><tr><td style=\"white-space:nowrap\">2872<a name=\"procedimientos-codesystem-2872\"> </a></td><td>TRIIODOTIRONINA LIBRE (T3L)</td></tr><tr><td style=\"white-space:nowrap\">297<a name=\"procedimientos-codesystem-297\"> </a></td><td>ERITROSEDIMENTACION DE 1? HO</td></tr><tr><td style=\"white-space:nowrap\">300<a name=\"procedimientos-codesystem-300\"> </a></td><td>ESTRADIOL</td></tr><tr><td style=\"white-space:nowrap\">3006<a name=\"procedimientos-codesystem-3006\"> </a></td><td>CITOMEGALOVIRUS, AC. IGG ANTI- (CMV-IGG)</td></tr><tr><td style=\"white-space:nowrap\">3014<a name=\"procedimientos-codesystem-3014\"> </a></td><td>HEPATITIS A AC. ANTI- IGG (HVA IGG) Ò AC. TOTALES</td></tr><tr><td style=\"white-space:nowrap\">3016<a name=\"procedimientos-codesystem-3016\"> </a></td><td>HEPATITIS B AC. DE SUPERFICIE ANTI- (HBSAC)</td></tr><tr><td style=\"white-space:nowrap\">3018<a name=\"procedimientos-codesystem-3018\"> </a></td><td>HEPATITIS B ANTÍGENO DE SUPERFICIE (AG. HBS)</td></tr><tr><td style=\"white-space:nowrap\">3019<a name=\"procedimientos-codesystem-3019\"> </a></td><td>Anticuerpos totales anti-CORE de HEPATITIS B HBCG</td></tr><tr><td style=\"white-space:nowrap\">3023<a name=\"procedimientos-codesystem-3023\"> </a></td><td>HEPATITIS C AC. IGG ANTI- (HCV AC. IGG)</td></tr><tr><td style=\"white-space:nowrap\">3037<a name=\"procedimientos-codesystem-3037\"> </a></td><td>RUBEOLA, AC. IGG ANTI-</td></tr><tr><td style=\"white-space:nowrap\">3038<a name=\"procedimientos-codesystem-3038\"> </a></td><td>RUBEOLA, AC. IGM ANTI-</td></tr><tr><td style=\"white-space:nowrap\">3042<a name=\"procedimientos-codesystem-3042\"> </a></td><td>TOXOPLASMOSIS, AC. IGM ANTI (ELISA)</td></tr><tr><td style=\"white-space:nowrap\">3052<a name=\"procedimientos-codesystem-3052\"> </a></td><td>SARAMPION, AC. IGM ANTI-</td></tr><tr><td style=\"white-space:nowrap\">3053<a name=\"procedimientos-codesystem-3053\"> </a></td><td>SARAMPION, AC. IGG ANTI-</td></tr><tr><td style=\"white-space:nowrap\">3091<a name=\"procedimientos-codesystem-3091\"> </a></td><td>TOXOPLASMOSIS, AC. IGG ANTI- (ELISA)</td></tr><tr><td style=\"white-space:nowrap\">3108<a name=\"procedimientos-codesystem-3108\"> </a></td><td>VARICELA ZOSTER AC. IGM ANTI-</td></tr><tr><td style=\"white-space:nowrap\">3117<a name=\"procedimientos-codesystem-3117\"> </a></td><td>CHAGAS, AC. IGM ANTI- (IFI)</td></tr><tr><td style=\"white-space:nowrap\">3130<a name=\"procedimientos-codesystem-3130\"> </a></td><td>VARICELA-ZOSTER, AC. IGG ANTI-</td></tr><tr><td style=\"white-space:nowrap\">3144<a name=\"procedimientos-codesystem-3144\"> </a></td><td>CITOMEGALOVIRUS. AC. IGM ANTI- (CMV-IGM)</td></tr><tr><td style=\"white-space:nowrap\">343<a name=\"procedimientos-codesystem-343\"> </a></td><td>FERREMIA</td></tr><tr><td style=\"white-space:nowrap\">357<a name=\"procedimientos-codesystem-357\"> </a></td><td>FOSFATASA ALCALINA (FAL)</td></tr><tr><td style=\"white-space:nowrap\">35F<a name=\"procedimientos-codesystem-35F\"> </a></td><td>ANTIBIOGRAMA FLUJO (solo facturacion)</td></tr><tr><td style=\"white-space:nowrap\">35M<a name=\"procedimientos-codesystem-35M\"> </a></td><td>ANTIBIOGRAMA DE MOCO (solo facturacion)</td></tr><tr><td style=\"white-space:nowrap\">361<a name=\"procedimientos-codesystem-361\"> </a></td><td>FOSFATASA ALCALINA - ISOENZIMAS</td></tr><tr><td style=\"white-space:nowrap\">362<a name=\"procedimientos-codesystem-362\"> </a></td><td>FOSFATEMIA (P)</td></tr><tr><td style=\"white-space:nowrap\">363<a name=\"procedimientos-codesystem-363\"> </a></td><td>FOSFATURIA (P)</td></tr><tr><td style=\"white-space:nowrap\">370<a name=\"procedimientos-codesystem-370\"> </a></td><td>FSH - HORMONA FOLICULO ESTIMULANTE</td></tr><tr><td style=\"white-space:nowrap\">412<a name=\"procedimientos-codesystem-412\"> </a></td><td>GLUCEMIA</td></tr><tr><td style=\"white-space:nowrap\">4120<a name=\"procedimientos-codesystem-4120\"> </a></td><td>INDICE DE INSULINO RESISTENCIA</td></tr><tr><td style=\"white-space:nowrap\">420<a name=\"procedimientos-codesystem-420\"> </a></td><td>GLUTAMIL TRANSPEPTIDASA</td></tr><tr><td style=\"white-space:nowrap\">430<a name=\"procedimientos-codesystem-430\"> </a></td><td>GRAHAM, TEST DE</td></tr><tr><td style=\"white-space:nowrap\">433<a name=\"procedimientos-codesystem-433\"> </a></td><td>GRUPO SANGUINEO Y FACTOR RH</td></tr><tr><td style=\"white-space:nowrap\">46<a name=\"procedimientos-codesystem-46\"> </a></td><td>ANTICUERPOS ANTITIROGLOBULINA (ATG)</td></tr><tr><td style=\"white-space:nowrap\">475<a name=\"procedimientos-codesystem-475\"> </a></td><td>HEMOGRAMA COMPLETO</td></tr><tr><td style=\"white-space:nowrap\">481<a name=\"procedimientos-codesystem-481\"> </a></td><td>HEPATOGRAMA COMPLETO</td></tr><tr><td style=\"white-space:nowrap\">5074<a name=\"procedimientos-codesystem-5074\"> </a></td><td>PSA - ANTIGENO PROSTATICO ES</td></tr><tr><td style=\"white-space:nowrap\">5131<a name=\"procedimientos-codesystem-5131\"> </a></td><td>HDL COLESTEROL</td></tr><tr><td style=\"white-space:nowrap\">5174<a name=\"procedimientos-codesystem-5174\"> </a></td><td>FERRITINA</td></tr><tr><td style=\"white-space:nowrap\">5180<a name=\"procedimientos-codesystem-5180\"> </a></td><td>HEMOGLOBINA GLICOSILADA</td></tr><tr><td style=\"white-space:nowrap\">543<a name=\"procedimientos-codesystem-543\"> </a></td><td>INSULINA</td></tr><tr><td style=\"white-space:nowrap\">546<a name=\"procedimientos-codesystem-546\"> </a></td><td>IONOGRAMA PLASMATICO</td></tr><tr><td style=\"white-space:nowrap\">58<a name=\"procedimientos-codesystem-58\"> </a></td><td>ANTITROMBINA III - CON CALIBRACION DE TRES (3) PUN</td></tr><tr><td style=\"white-space:nowrap\">6118<a name=\"procedimientos-codesystem-6118\"> </a></td><td>BETA 2 GLICOPROTEINA, AC. IGG ANTI-</td></tr><tr><td style=\"white-space:nowrap\">6119<a name=\"procedimientos-codesystem-6119\"> </a></td><td>BETA 2 GLICOPROTEINA, AC. IGM ANTI-</td></tr><tr><td style=\"white-space:nowrap\">612<a name=\"procedimientos-codesystem-612\"> </a></td><td>LH - HORMONA LUTEINIZANTE</td></tr><tr><td style=\"white-space:nowrap\">6132<a name=\"procedimientos-codesystem-6132\"> </a></td><td>CHLAMYDIA TRACHOMATIS, AG PCR</td></tr><tr><td style=\"white-space:nowrap\">614<a name=\"procedimientos-codesystem-614\"> </a></td><td>LIPIDOS TOTALES</td></tr><tr><td style=\"white-space:nowrap\">63<a name=\"procedimientos-codesystem-63\"> </a></td><td>ANTICUERPOS ANTI HIV - (ELISA)</td></tr><tr><td style=\"white-space:nowrap\">653<a name=\"procedimientos-codesystem-653\"> </a></td><td>MAGNESIO</td></tr><tr><td style=\"white-space:nowrap\">677<a name=\"procedimientos-codesystem-677\"> </a></td><td>MATERIAL DESCARTABLE</td></tr><tr><td style=\"white-space:nowrap\">680<a name=\"procedimientos-codesystem-680\"> </a></td><td>ACTO PROFESIONAL BIOQUIMICO</td></tr><tr><td style=\"white-space:nowrap\">7057<a name=\"procedimientos-codesystem-7057\"> </a></td><td>MYCOPLASMA Y UREAPLASMA CULTIVO</td></tr><tr><td style=\"white-space:nowrap\">7100<a name=\"procedimientos-codesystem-7100\"> </a></td><td>MYCOPLASMA HOMINIS, CULTIVO - AISLAMIENTO</td></tr><tr><td style=\"white-space:nowrap\">711<a name=\"procedimientos-codesystem-711\"> </a></td><td>EXAMEN DE ORINA</td></tr><tr><td style=\"white-space:nowrap\">736<a name=\"procedimientos-codesystem-736\"> </a></td><td>PARASITOLOGICO SERIADO</td></tr><tr><td style=\"white-space:nowrap\">739<a name=\"procedimientos-codesystem-739\"> </a></td><td>PARATHORMONA - PTH</td></tr><tr><td style=\"white-space:nowrap\">746<a name=\"procedimientos-codesystem-746\"> </a></td><td>PLAQUETAS, RECUENTO DE</td></tr><tr><td style=\"white-space:nowrap\">759<a name=\"procedimientos-codesystem-759\"> </a></td><td>PROLACTINA (PRL)</td></tr><tr><td style=\"white-space:nowrap\">761<a name=\"procedimientos-codesystem-761\"> </a></td><td>PCR CUANTITATIVA</td></tr><tr><td style=\"white-space:nowrap\">762<a name=\"procedimientos-codesystem-762\"> </a></td><td>ALBUMINA (SERICA O URINARIA - C/U)</td></tr><tr><td style=\"white-space:nowrap\">763<a name=\"procedimientos-codesystem-763\"> </a></td><td>PROTEINA TOTALES</td></tr><tr><td style=\"white-space:nowrap\">813<a name=\"procedimientos-codesystem-813\"> </a></td><td>FACTOR RH</td></tr><tr><td style=\"white-space:nowrap\">8526<a name=\"procedimientos-codesystem-8526\"> </a></td><td>CREATININA, SERICA O URINARIA ESPONTÁNEA</td></tr><tr><td style=\"white-space:nowrap\">863<a name=\"procedimientos-codesystem-863\"> </a></td><td>TESTOSTERONA - TO</td></tr><tr><td style=\"white-space:nowrap\">865<a name=\"procedimientos-codesystem-865\"> </a></td><td>TSH - TIROTROFINA sSica</td></tr><tr><td style=\"white-space:nowrap\">866<a name=\"procedimientos-codesystem-866\"> </a></td><td>TIROXINA TOTAL - T4</td></tr><tr><td style=\"white-space:nowrap\">867<a name=\"procedimientos-codesystem-867\"> </a></td><td>T4L-TIROXINA LIBRE</td></tr><tr><td style=\"white-space:nowrap\">873<a name=\"procedimientos-codesystem-873\"> </a></td><td>TRANSAMINASA, GLUTAMICO OXALACETICA. (GOT/AST)</td></tr><tr><td style=\"white-space:nowrap\">874<a name=\"procedimientos-codesystem-874\"> </a></td><td>TRANSAMINASA, GLUTAMICO PIRUVICA (GPT / AGT)</td></tr><tr><td style=\"white-space:nowrap\">875<a name=\"procedimientos-codesystem-875\"> </a></td><td>TRANSFERRINA (IDR / TURBIDIMETRIA)</td></tr><tr><td style=\"white-space:nowrap\">876<a name=\"procedimientos-codesystem-876\"> </a></td><td>TRIGLICERIDEMIA</td></tr><tr><td style=\"white-space:nowrap\">877<a name=\"procedimientos-codesystem-877\"> </a></td><td>TRIIODOTIRONINA TOTAL - T3</td></tr><tr><td style=\"white-space:nowrap\">902<a name=\"procedimientos-codesystem-902\"> </a></td><td>UREMIA</td></tr><tr><td style=\"white-space:nowrap\">904<a name=\"procedimientos-codesystem-904\"> </a></td><td>URICEMIA</td></tr><tr><td style=\"white-space:nowrap\">931<a name=\"procedimientos-codesystem-931\"> </a></td><td>VAGINAL EXUDADO O FLUJO (DIRECTO Y CULTIVO)</td></tr><tr><td style=\"white-space:nowrap\">931M<a name=\"procedimientos-codesystem-931M\"> </a></td><td>CULTIVO DE MOCO CERVICAL (Endocervix)</td></tr><tr><td style=\"white-space:nowrap\">933<a name=\"procedimientos-codesystem-933\"> </a></td><td>VDRL / USR - CUALITATIVA</td></tr><tr><td style=\"white-space:nowrap\">998<a name=\"procedimientos-codesystem-998\"> </a></td><td>TOMA DE MUESTRA</td></tr><tr><td style=\"white-space:nowrap\">GL0<a name=\"procedimientos-codesystem-GL0\"> </a></td><td>GLUCEMIA O GLUCOSURIA (C/U)</td></tr><tr><td style=\"white-space:nowrap\">GL120<a name=\"procedimientos-codesystem-GL120\"> </a></td><td>GLUCEMIA O GLUCOSURIA (C/U)</td></tr></table></div>"
  },
  "url" : "http://recuperocaba.gob.ar/CodeSystem/procedimientos-codesystem",
  "version" : "0.1.0",
  "name" : "RecuperoProcedimientosCS",
  "title" : "Procedimientos para Recupero",
  "status" : "active",
  "experimental" : false,
  "date" : "2025-07-14T12:58:17-03:00",
  "publisher" : "HL7 Argentina",
  "contact" : [{
    "name" : "HL7 Argentina",
    "telecom" : [{
      "system" : "url",
      "value" : "http://hl7.org.ar"
    },
    {
      "system" : "email",
      "value" : "info@hl7.org.ar"
    }]
  }],
  "description" : "Listado de Procedimientos",
  "caseSensitive" : true,
  "content" : "complete",
  "count" : 128,
  "concept" : [{
    "code" : "133",
    "display" : "CALCEMIA TOTAL (CA)"
  },
  {
    "code" : "136",
    "display" : "CALCIO - URINARIO"
  },
  {
    "code" : "144",
    "display" : "CEA - ANTIGENO CARCINOEMBRIOGENICO"
  },
  {
    "code" : "171",
    "display" : "COAGULOGRAMA"
  },
  {
    "code" : "174",
    "display" : "COLESTEROL TOTAL"
  },
  {
    "code" : "189",
    "display" : "CORTISOL"
  },
  {
    "code" : "190",
    "display" : "CPK"
  },
  {
    "code" : "192",
    "display" : "CREATININA"
  },
  {
    "code" : "193",
    "display" : "CREATININA, CLEARENCE DE DEPURACION"
  },
  {
    "code" : "2004",
    "display" : "APOLIPOPROTEINA A (APO A)"
  },
  {
    "code" : "2005",
    "display" : "APOLIPOPROTEINA B (APO B)"
  },
  {
    "code" : "2006",
    "display" : "FOLICO, ACIDO"
  },
  {
    "code" : "2007",
    "display" : "ASCORBICO, ACIDO"
  },
  {
    "code" : "2014",
    "display" : "COLESTEROL HDL. (HDL-C)"
  },
  {
    "code" : "2015",
    "display" : "LDL COLESTEROL"
  },
  {
    "code" : "2020",
    "display" : "VITAMINA D 25 (OH)"
  },
  {
    "code" : "2024",
    "display" : "DEHIDROEPIANDROSTERONA, SULFATO - DHEA-S"
  },
  {
    "code" : "2026",
    "display" : "ANDROSTENEDIONA, DELTA 4 - (DELTA4)"
  },
  {
    "code" : "2040",
    "display" : "FERRITINA"
  },
  {
    "code" : "2043",
    "display" : "SUBUNIDAD BETA DE GONADOTROFINA CORIÓNICA (CUANTIT"
  },
  {
    "code" : "2045C",
    "display" : "HEMOGLOBINA GLICOSILADA (HB A1C)"
  },
  {
    "code" : "2052",
    "display" : "MARCADOR TUMORAL DE COLON (CA. 19. 9)"
  },
  {
    "code" : "2053",
    "display" : "MARCADOR TUMORAL DE OVARIO (CA 125)"
  },
  {
    "code" : "2063",
    "display" : "OSTEOCALCINA"
  },
  {
    "code" : "2064",
    "display" : "PEPTIDO C"
  },
  {
    "code" : "2078",
    "display" : "TESTOSTERONA LIBRE, TO-L"
  },
  {
    "code" : "2084",
    "display" : "VITAMINA B12"
  },
  {
    "code" : "2095",
    "display" : "TESTOSTERONA BIODISPONIBLE"
  },
  {
    "code" : "2096",
    "display" : "ZINC (ZN) - SERICO"
  },
  {
    "code" : "2111",
    "display" : "GLOBULINA LIGADORA DE ANDROGENOS Y ESTROGENOS (GLA"
  },
  {
    "code" : "2146",
    "display" : "ANTICOAGULANTE LUPICO, SIN INHIBICIÒN"
  },
  {
    "code" : "21471",
    "display" : "CARDIOLIPINAS, AC. IGG ANTI-"
  },
  {
    "code" : "21472",
    "display" : "CARDIOLIPINAS, AC. IGM ANTI-"
  },
  {
    "code" : "2155",
    "display" : "VITAMINA B6 (PIRIDOXINA)"
  },
  {
    "code" : "2181",
    "display" : "PEROXIDASA TIROIDEO, AC. ANTI- (ATPO / TPO)"
  },
  {
    "code" : "2182",
    "display" : "TIROGLOBULINA, AC. ULTRASENSIBLE"
  },
  {
    "code" : "2227",
    "display" : "PROGESTERONA (Monitoreo de ovulación)"
  },
  {
    "code" : "2250",
    "display" : "SELENIO"
  },
  {
    "code" : "2263",
    "display" : "LIPOPROTEINA A - LP(A)"
  },
  {
    "code" : "2302U",
    "display" : "PROTEINA C REACTIVA - ULTRASENSIBLE (PCRUS)"
  },
  {
    "code" : "2373",
    "display" : "PROTEINA C FUNCIONAL - CROMOGENICO"
  },
  {
    "code" : "2374",
    "display" : "PROTEINA S LIBRE = INMUNOTURBIDIMETRIO"
  },
  {
    "code" : "241",
    "display" : "CHAGAS (AD)"
  },
  {
    "code" : "2494",
    "display" : "HOMOCISTEINA"
  },
  {
    "code" : "2529",
    "display" : "FOSFOLIPIDOS, AC TOTALES ANTI- (IGA, IGG, IGM)"
  },
  {
    "code" : "2562",
    "display" : "BETA CROSS LAPS - CTX - C- TELOPEPTIDO DE COLAGENO"
  },
  {
    "code" : "2676",
    "display" : "ANTIGENO PROSTATICO ESPECIFICO LIBRE + TOTAL (PSA-"
  },
  {
    "code" : "2798",
    "display" : "MICROALBUMINURIA / ALBUMINA URINARIA"
  },
  {
    "code" : "2872",
    "display" : "TRIIODOTIRONINA LIBRE (T3L)"
  },
  {
    "code" : "297",
    "display" : "ERITROSEDIMENTACION DE 1? HO"
  },
  {
    "code" : "300",
    "display" : "ESTRADIOL"
  },
  {
    "code" : "3006",
    "display" : "CITOMEGALOVIRUS, AC. IGG ANTI- (CMV-IGG)"
  },
  {
    "code" : "3014",
    "display" : "HEPATITIS A AC. ANTI- IGG (HVA IGG) Ò AC. TOTALES"
  },
  {
    "code" : "3016",
    "display" : "HEPATITIS B AC. DE SUPERFICIE ANTI- (HBSAC)"
  },
  {
    "code" : "3018",
    "display" : "HEPATITIS B ANTÍGENO DE SUPERFICIE (AG. HBS)"
  },
  {
    "code" : "3019",
    "display" : "Anticuerpos totales anti-CORE de HEPATITIS B HBCG"
  },
  {
    "code" : "3023",
    "display" : "HEPATITIS C AC. IGG ANTI- (HCV AC. IGG)"
  },
  {
    "code" : "3037",
    "display" : "RUBEOLA, AC. IGG ANTI-"
  },
  {
    "code" : "3038",
    "display" : "RUBEOLA, AC. IGM ANTI-"
  },
  {
    "code" : "3042",
    "display" : "TOXOPLASMOSIS, AC. IGM ANTI (ELISA)"
  },
  {
    "code" : "3052",
    "display" : "SARAMPION, AC. IGM ANTI-"
  },
  {
    "code" : "3053",
    "display" : "SARAMPION, AC. IGG ANTI-"
  },
  {
    "code" : "3091",
    "display" : "TOXOPLASMOSIS, AC. IGG ANTI- (ELISA)"
  },
  {
    "code" : "3108",
    "display" : "VARICELA ZOSTER AC. IGM ANTI-"
  },
  {
    "code" : "3117",
    "display" : "CHAGAS, AC. IGM ANTI- (IFI)"
  },
  {
    "code" : "3130",
    "display" : "VARICELA-ZOSTER, AC. IGG ANTI-"
  },
  {
    "code" : "3144",
    "display" : "CITOMEGALOVIRUS. AC. IGM ANTI- (CMV-IGM)"
  },
  {
    "code" : "343",
    "display" : "FERREMIA"
  },
  {
    "code" : "357",
    "display" : "FOSFATASA ALCALINA (FAL)"
  },
  {
    "code" : "35F",
    "display" : "ANTIBIOGRAMA FLUJO (solo facturacion)"
  },
  {
    "code" : "35M",
    "display" : "ANTIBIOGRAMA DE MOCO (solo facturacion)"
  },
  {
    "code" : "361",
    "display" : "FOSFATASA ALCALINA - ISOENZIMAS"
  },
  {
    "code" : "362",
    "display" : "FOSFATEMIA (P)"
  },
  {
    "code" : "363",
    "display" : "FOSFATURIA (P)"
  },
  {
    "code" : "370",
    "display" : "FSH - HORMONA FOLICULO ESTIMULANTE"
  },
  {
    "code" : "412",
    "display" : "GLUCEMIA"
  },
  {
    "code" : "4120",
    "display" : "INDICE DE INSULINO RESISTENCIA"
  },
  {
    "code" : "420",
    "display" : "GLUTAMIL TRANSPEPTIDASA"
  },
  {
    "code" : "430",
    "display" : "GRAHAM, TEST DE"
  },
  {
    "code" : "433",
    "display" : "GRUPO SANGUINEO Y FACTOR RH"
  },
  {
    "code" : "46",
    "display" : "ANTICUERPOS ANTITIROGLOBULINA (ATG)"
  },
  {
    "code" : "475",
    "display" : "HEMOGRAMA COMPLETO"
  },
  {
    "code" : "481",
    "display" : "HEPATOGRAMA COMPLETO"
  },
  {
    "code" : "5074",
    "display" : "PSA - ANTIGENO PROSTATICO ES"
  },
  {
    "code" : "5131",
    "display" : "HDL COLESTEROL"
  },
  {
    "code" : "5174",
    "display" : "FERRITINA"
  },
  {
    "code" : "5180",
    "display" : "HEMOGLOBINA GLICOSILADA"
  },
  {
    "code" : "543",
    "display" : "INSULINA"
  },
  {
    "code" : "546",
    "display" : "IONOGRAMA PLASMATICO"
  },
  {
    "code" : "58",
    "display" : "ANTITROMBINA III - CON CALIBRACION DE TRES (3) PUN"
  },
  {
    "code" : "6118",
    "display" : "BETA 2 GLICOPROTEINA, AC. IGG ANTI-"
  },
  {
    "code" : "6119",
    "display" : "BETA 2 GLICOPROTEINA, AC. IGM ANTI-"
  },
  {
    "code" : "612",
    "display" : "LH - HORMONA LUTEINIZANTE"
  },
  {
    "code" : "6132",
    "display" : "CHLAMYDIA TRACHOMATIS, AG PCR"
  },
  {
    "code" : "614",
    "display" : "LIPIDOS TOTALES"
  },
  {
    "code" : "63",
    "display" : "ANTICUERPOS ANTI HIV - (ELISA)"
  },
  {
    "code" : "653",
    "display" : "MAGNESIO"
  },
  {
    "code" : "677",
    "display" : "MATERIAL DESCARTABLE"
  },
  {
    "code" : "680",
    "display" : "ACTO PROFESIONAL BIOQUIMICO"
  },
  {
    "code" : "7057",
    "display" : "MYCOPLASMA Y UREAPLASMA CULTIVO"
  },
  {
    "code" : "7100",
    "display" : "MYCOPLASMA HOMINIS, CULTIVO - AISLAMIENTO"
  },
  {
    "code" : "711",
    "display" : "EXAMEN DE ORINA"
  },
  {
    "code" : "736",
    "display" : "PARASITOLOGICO SERIADO"
  },
  {
    "code" : "739",
    "display" : "PARATHORMONA - PTH"
  },
  {
    "code" : "746",
    "display" : "PLAQUETAS, RECUENTO DE"
  },
  {
    "code" : "759",
    "display" : "PROLACTINA (PRL)"
  },
  {
    "code" : "761",
    "display" : "PCR CUANTITATIVA"
  },
  {
    "code" : "762",
    "display" : "ALBUMINA (SERICA O URINARIA - C/U)"
  },
  {
    "code" : "763",
    "display" : "PROTEINA TOTALES"
  },
  {
    "code" : "813",
    "display" : "FACTOR RH"
  },
  {
    "code" : "8526",
    "display" : "CREATININA, SERICA O URINARIA ESPONTÁNEA"
  },
  {
    "code" : "863",
    "display" : "TESTOSTERONA - TO"
  },
  {
    "code" : "865",
    "display" : "TSH - TIROTROFINA sSica"
  },
  {
    "code" : "866",
    "display" : "TIROXINA TOTAL - T4"
  },
  {
    "code" : "867",
    "display" : "T4L-TIROXINA LIBRE"
  },
  {
    "code" : "873",
    "display" : "TRANSAMINASA, GLUTAMICO OXALACETICA. (GOT/AST)"
  },
  {
    "code" : "874",
    "display" : "TRANSAMINASA, GLUTAMICO PIRUVICA (GPT / AGT)"
  },
  {
    "code" : "875",
    "display" : "TRANSFERRINA (IDR / TURBIDIMETRIA)"
  },
  {
    "code" : "876",
    "display" : "TRIGLICERIDEMIA"
  },
  {
    "code" : "877",
    "display" : "TRIIODOTIRONINA TOTAL - T3"
  },
  {
    "code" : "902",
    "display" : "UREMIA"
  },
  {
    "code" : "904",
    "display" : "URICEMIA"
  },
  {
    "code" : "931",
    "display" : "VAGINAL EXUDADO O FLUJO (DIRECTO Y CULTIVO)"
  },
  {
    "code" : "931M",
    "display" : "CULTIVO DE MOCO CERVICAL (Endocervix)"
  },
  {
    "code" : "933",
    "display" : "VDRL / USR - CUALITATIVA"
  },
  {
    "code" : "998",
    "display" : "TOMA DE MUESTRA"
  },
  {
    "code" : "GL0",
    "display" : "GLUCEMIA O GLUCOSURIA (C/U)"
  },
  {
    "code" : "GL120",
    "display" : "GLUCEMIA O GLUCOSURIA (C/U)"
  }]
}