{
  "resourceType" : "CodeSystem",
  "id" : "tipos-matricula-codesystem",
  "text" : {
    "status" : "generated",
    "div" : "<div xmlns=\"http://www.w3.org/1999/xhtml\"><p class=\"res-header-id\"><b>Generated Narrative: CodeSystem tipos-matricula-codesystem</b></p><a name=\"tipos-matricula-codesystem\"> </a><a name=\"hctipos-matricula-codesystem\"> </a><p>This  code system <code>http://recuperocaba.gob.ar/CodeSystem/tipos-matricula-codesystem</code> defines the following codes:</p><table class=\"codes\"><tr><td style=\"white-space:nowrap\"><b>Code</b></td><td><b>Display</b></td></tr><tr><td style=\"white-space:nowrap\">10006441714000<a name=\"tipos-matricula-codesystem-10006441714000\"> </a></td><td>MINISTERIO DE SALUD DE BUENOS AIRES</td></tr><tr><td style=\"white-space:nowrap\">10002001710001<a name=\"tipos-matricula-codesystem-10002001710001\"> </a></td><td>MINISTERIO DE SALUD DE LA CIUDAD DE BUENOS AIRES</td></tr><tr><td style=\"white-space:nowrap\">10010049720000<a name=\"tipos-matricula-codesystem-10010049720000\"> </a></td><td>MINISTERIO DE SALUD DE CATAMARCA</td></tr><tr><td style=\"white-space:nowrap\">10022140723000<a name=\"tipos-matricula-codesystem-10022140723000\"> </a></td><td>MINISTERIO DE SALUD DE CHACO</td></tr><tr><td style=\"white-space:nowrap\">10026077727000<a name=\"tipos-matricula-codesystem-10026077727000\"> </a></td><td>MINISTERIO DE SALUD DE CHUBUT</td></tr><tr><td style=\"white-space:nowrap\">10014014730000<a name=\"tipos-matricula-codesystem-10014014730000\"> </a></td><td>MINISTERIO DE SALUD DE CORDOBA</td></tr><tr><td style=\"white-space:nowrap\">10018021734000<a name=\"tipos-matricula-codesystem-10018021734000\"> </a></td><td>MINISTERIO DE SALUD DE CORRIENTES</td></tr><tr><td style=\"white-space:nowrap\">10030084738000<a name=\"tipos-matricula-codesystem-10030084738000\"> </a></td><td>MINISTERIO DE SALUD DE ENTRE RIOS</td></tr><tr><td style=\"white-space:nowrap\">10034014742000<a name=\"tipos-matricula-codesystem-10034014742000\"> </a></td><td>MINISTERIO DE SALUD DE FORMOSA</td></tr><tr><td style=\"white-space:nowrap\">10038021750536<a name=\"tipos-matricula-codesystem-10038021750536\"> </a></td><td>MINISTERIO DE SALUD DE JUJUY</td></tr><tr><td style=\"white-space:nowrap\">10042021748000<a name=\"tipos-matricula-codesystem-10042021748000\"> </a></td><td>MINISTERIO DE SALUD DE LA PAMPA</td></tr><tr><td style=\"white-space:nowrap\">10046014751000<a name=\"tipos-matricula-codesystem-10046014751000\"> </a></td><td>MINISTERIO DE SALUD DE LA RIOJA</td></tr><tr><td style=\"white-space:nowrap\">10050007757000<a name=\"tipos-matricula-codesystem-10050007757000\"> </a></td><td>MINISTERIO DE SALUD DE MENDOZA</td></tr><tr><td style=\"white-space:nowrap\">10054028757000<a name=\"tipos-matricula-codesystem-10054028757000\"> </a></td><td>MINISTERIO DE SALUD DE MISIONES</td></tr><tr><td style=\"white-space:nowrap\">10002001110000<a name=\"tipos-matricula-codesystem-10002001110000\"> </a></td><td>MINISTERIO DE SALUD DE LA NACION</td></tr><tr><td style=\"white-space:nowrap\">10058035765691<a name=\"tipos-matricula-codesystem-10058035765691\"> </a></td><td>MINISTERIO DE SALUD DE NEUQUEN</td></tr><tr><td style=\"white-space:nowrap\">10062007764000<a name=\"tipos-matricula-codesystem-10062007764000\"> </a></td><td>MINISTERIO DE SALUD DE RIO NEGRO</td></tr><tr><td style=\"white-space:nowrap\">10066028767000<a name=\"tipos-matricula-codesystem-10066028767000\"> </a></td><td>MINISTERIO DE SALUD DE SALTA</td></tr><tr><td style=\"white-space:nowrap\">10070028777551<a name=\"tipos-matricula-codesystem-10070028777551\"> </a></td><td>MINISTERIO DE SALUD DE SAN JUAN</td></tr><tr><td style=\"white-space:nowrap\">10074056774000<a name=\"tipos-matricula-codesystem-10074056774000\"> </a></td><td>MINISTERIO DE SALUD DE SAN LUIS</td></tr><tr><td style=\"white-space:nowrap\">10078021777000<a name=\"tipos-matricula-codesystem-10078021777000\"> </a></td><td>MINISTERIO DE SALUD DE SANTA CRUZ</td></tr><tr><td style=\"white-space:nowrap\">10082063780000<a name=\"tipos-matricula-codesystem-10082063780000\"> </a></td><td>MINISTERIO DE SALUD DE SANTA FE</td></tr><tr><td style=\"white-space:nowrap\">10086049784000<a name=\"tipos-matricula-codesystem-10086049784000\"> </a></td><td>MINISTERIO DE SALUD DE SANTIAGO DEL ESTERO</td></tr><tr><td style=\"white-space:nowrap\">10094014795156<a name=\"tipos-matricula-codesystem-10094014795156\"> </a></td><td>MINISTERIO DE SALUD DE TIERRA DEL FUEGO</td></tr><tr><td style=\"white-space:nowrap\">10090084791000<a name=\"tipos-matricula-codesystem-10090084791000\"> </a></td><td>MINISTERIO DE SALUD DE TUCUMAN</td></tr><tr><td style=\"white-space:nowrap\">75060562116524<a name=\"tipos-matricula-codesystem-75060562116524\"> </a></td><td>Colegio de BIOQUIMICOS ZONA I, de BAHÍA BLANCA</td></tr><tr><td style=\"white-space:nowrap\">75066092116525<a name=\"tipos-matricula-codesystem-75066092116525\"> </a></td><td>Colegio de BIOQUIMICOS ZONA II, de PEHUAJÓ</td></tr><tr><td style=\"white-space:nowrap\">75064132116526<a name=\"tipos-matricula-codesystem-75064132116526\"> </a></td><td>Colegio de BIOQUIMICOS ZONA III, de JUNÍN</td></tr><tr><td style=\"white-space:nowrap\">75066232116527<a name=\"tipos-matricula-codesystem-75066232116527\"> </a></td><td>Colegio de BIOQUIMICOS ZONA IV, de PERGAMINO</td></tr><tr><td style=\"white-space:nowrap\">75061052116563<a name=\"tipos-matricula-codesystem-75061052116563\"> </a></td><td>Colegio de BIOQUIMICOS ZONA IX, de BOLÍVAR</td></tr><tr><td style=\"white-space:nowrap\">75067562116528<a name=\"tipos-matricula-codesystem-75067562116528\"> </a></td><td>Colegio de BIOQUIMICOS ZONA V, de SAN ISIDRO</td></tr><tr><td style=\"white-space:nowrap\">75064902116529<a name=\"tipos-matricula-codesystem-75064902116529\"> </a></td><td>Colegio de BIOQUIMICOS ZONA VI, de LOMAS DE ZAMORA</td></tr><tr><td style=\"white-space:nowrap\">75062382116561<a name=\"tipos-matricula-codesystem-75062382116561\"> </a></td><td>Colegio de BIOQUIMICOS ZONA VII, de DOLORES</td></tr><tr><td style=\"white-space:nowrap\">75063572116562<a name=\"tipos-matricula-codesystem-75063572116562\"> </a></td><td>Colegio de BIOQUIMICOS ZONA VIII, de GENERAL PUEYRREDÓN</td></tr><tr><td style=\"white-space:nowrap\">75062242116564<a name=\"tipos-matricula-codesystem-75062242116564\"> </a></td><td>Colegio de BIOQUIMICOS ZONA X, de CHIVILCOY</td></tr><tr><td style=\"white-space:nowrap\">75060842116566<a name=\"tipos-matricula-codesystem-75060842116566\"> </a></td><td>Colegio de BIOQUIMICOS ZONA XI, de BENITO JUÁREZ</td></tr><tr><td style=\"white-space:nowrap\">75064412116567<a name=\"tipos-matricula-codesystem-75064412116567\"> </a></td><td>Colegio de BIOQUIMICOS ZONA XII, de LA PLATA</td></tr><tr><td style=\"white-space:nowrap\">75064413015002<a name=\"tipos-matricula-codesystem-75064413015002\"> </a></td><td>COLEGIO DE FARMACEUTICOS, de LA PLATA</td></tr><tr><td style=\"white-space:nowrap\">75060562116504<a name=\"tipos-matricula-codesystem-75060562116504\"> </a></td><td>Colegio de FONOAUDIOLOGOS - BAHIA BLANCA, de BAHÍA BLANCA</td></tr><tr><td style=\"white-space:nowrap\">75064412116505<a name=\"tipos-matricula-codesystem-75064412116505\"> </a></td><td>Colegio de FONOAUDIOLOGOS - LA PLATA, de LA PLATA</td></tr><tr><td style=\"white-space:nowrap\">75063572116506<a name=\"tipos-matricula-codesystem-75063572116506\"> </a></td><td>Colegio de FONOAUDIOLOGOS - MAR DEL PLATA, de GENERAL PUEYRREDÓN</td></tr><tr><td style=\"white-space:nowrap\">75066232116507<a name=\"tipos-matricula-codesystem-75066232116507\"> </a></td><td>Colegio de FONOAUDIOLOGOS - PERGAMINO, de PERGAMINO</td></tr><tr><td style=\"white-space:nowrap\">75067562116508<a name=\"tipos-matricula-codesystem-75067562116508\"> </a></td><td>Colegio de FONOAUDIOLOGOS - SAN ISIDRO, de SAN ISIDRO</td></tr><tr><td style=\"white-space:nowrap\">75064412116494<a name=\"tipos-matricula-codesystem-75064412116494\"> </a></td><td>Colegio de KINESIOLOGOS REGIONAL I, de LA PLATA</td></tr><tr><td style=\"white-space:nowrap\">75064902116495<a name=\"tipos-matricula-codesystem-75064902116495\"> </a></td><td>Colegio de KINESIOLOGOS REGIONAL II, de LOMAS DE ZAMORA</td></tr><tr><td style=\"white-space:nowrap\">75065682116496<a name=\"tipos-matricula-codesystem-75065682116496\"> </a></td><td>Colegio de KINESIOLOGOS REGIONAL III, de MORÓN</td></tr><tr><td style=\"white-space:nowrap\">75068612116497<a name=\"tipos-matricula-codesystem-75068612116497\"> </a></td><td>Colegio de KINESIOLOGOS REGIONAL IV, de VICENTE LÓPEZ</td></tr><tr><td style=\"white-space:nowrap\">75063572116502<a name=\"tipos-matricula-codesystem-75063572116502\"> </a></td><td>Colegio de KINESIOLOGOS REGIONAL IX, de GENERAL PUEYRREDÓN</td></tr><tr><td style=\"white-space:nowrap\">75064972116498<a name=\"tipos-matricula-codesystem-75064972116498\"> </a></td><td>Colegio de KINESIOLOGOS REGIONAL V, de LUJÁN</td></tr><tr><td style=\"white-space:nowrap\">75066232116499<a name=\"tipos-matricula-codesystem-75066232116499\"> </a></td><td>Colegio de KINESIOLOGOS REGIONAL VI, de PERGAMINO</td></tr><tr><td style=\"white-space:nowrap\">75066092116500<a name=\"tipos-matricula-codesystem-75066092116500\"> </a></td><td>Colegio de KINESIOLOGOS REGIONAL VII, de PEHUAJÓ</td></tr><tr><td style=\"white-space:nowrap\">75067912116501<a name=\"tipos-matricula-codesystem-75067912116501\"> </a></td><td>Colegio de KINESIOLOGOS REGIONAL VIII, de TANDIL</td></tr><tr><td style=\"white-space:nowrap\">75060562116503<a name=\"tipos-matricula-codesystem-75060562116503\"> </a></td><td>Colegio de KINESIOLOGOS REGIONAL X, de BAHÍA BLANCA</td></tr><tr><td style=\"white-space:nowrap\">75064412115003<a name=\"tipos-matricula-codesystem-75064412115003\"> </a></td><td>Colegio de MEDICOS DISTRITO I, de LA PLATA</td></tr><tr><td style=\"white-space:nowrap\">75060352115003<a name=\"tipos-matricula-codesystem-75060352115003\"> </a></td><td>Colegio de MEDICOS DISTRITO II, de AVELLANEDA</td></tr><tr><td style=\"white-space:nowrap\">75065682115003<a name=\"tipos-matricula-codesystem-75065682115003\"> </a></td><td>Colegio de MEDICOS DISTRITO III, de MORÓN</td></tr><tr><td style=\"white-space:nowrap\">75063712115003<a name=\"tipos-matricula-codesystem-75063712115003\"> </a></td><td>Colegio de MEDICOS DISTRITO IV, de GENERAL SAN MARTÍN</td></tr><tr><td style=\"white-space:nowrap\">75063572115004<a name=\"tipos-matricula-codesystem-75063572115004\"> </a></td><td>Colegio de MEDICOS DISTRITO IX, de GENERAL PUEYRREDÓN</td></tr><tr><td style=\"white-space:nowrap\">75064342115003<a name=\"tipos-matricula-codesystem-75064342115003\"> </a></td><td>Colegio de MEDICOS DISTRITO V, de LANÚS</td></tr><tr><td style=\"white-space:nowrap\">75064132115003<a name=\"tipos-matricula-codesystem-75064132115003\"> </a></td><td>Colegio de MEDICOS DISTRITO VI, de JUNÍN</td></tr><tr><td style=\"white-space:nowrap\">75066092115003<a name=\"tipos-matricula-codesystem-75066092115003\"> </a></td><td>Colegio de MEDICOS DISTRITO VII, de PEHUAJÓ</td></tr><tr><td style=\"white-space:nowrap\">75060492115004<a name=\"tipos-matricula-codesystem-75060492115004\"> </a></td><td>Colegio de MEDICOS DISTRITO VIII, de AZUL</td></tr><tr><td style=\"white-space:nowrap\">75060562115004<a name=\"tipos-matricula-codesystem-75060562115004\"> </a></td><td>Colegio de MEDICOS DISTRITO X, de BAHÍA BLANCA</td></tr><tr><td style=\"white-space:nowrap\">75064412116600<a name=\"tipos-matricula-codesystem-75064412116600\"> </a></td><td>Colegio de NUTRICIONISTAS, de LA PLATA</td></tr><tr><td style=\"white-space:nowrap\">75064412116603<a name=\"tipos-matricula-codesystem-75064412116603\"> </a></td><td>Colegio de OBSTETRICAS DISTRITO I, de LA PLATA</td></tr><tr><td style=\"white-space:nowrap\">75063572116604<a name=\"tipos-matricula-codesystem-75063572116604\"> </a></td><td>Colegio de OBSTETRICAS DISTRITO II, de GENERAL PUEYRREDÓN</td></tr><tr><td style=\"white-space:nowrap\">75066232116605<a name=\"tipos-matricula-codesystem-75066232116605\"> </a></td><td>Colegio de OBSTETRICAS DISTRITO III, de PERGAMINO</td></tr><tr><td style=\"white-space:nowrap\">75060562116606<a name=\"tipos-matricula-codesystem-75060562116606\"> </a></td><td>Colegio de OBSTETRICAS DISTRITO IV, de BAHÍA BLANCA</td></tr><tr><td style=\"white-space:nowrap\">75067562116607<a name=\"tipos-matricula-codesystem-75067562116607\"> </a></td><td>Colegio de OBSTETRICAS DISTRITO V, de SAN ISIDRO</td></tr><tr><td style=\"white-space:nowrap\">75060582116608<a name=\"tipos-matricula-codesystem-75060582116608\"> </a></td><td>Colegio de OBSTETRICAS DISTRITO VI, de QUILMES</td></tr><tr><td style=\"white-space:nowrap\">75064412116510<a name=\"tipos-matricula-codesystem-75064412116510\"> </a></td><td>Colegio de ODONTOLOGOS DISTRITO I, de LA PLATA</td></tr><tr><td style=\"white-space:nowrap\">75060352116512<a name=\"tipos-matricula-codesystem-75060352116512\"> </a></td><td>Colegio de ODONTOLOGOS DISTRITO II, de AVELLANEDA</td></tr><tr><td style=\"white-space:nowrap\">75064272116513<a name=\"tipos-matricula-codesystem-75064272116513\"> </a></td><td>Colegio de ODONTOLOGOS DISTRITO III, de LA MATANZA</td></tr><tr><td style=\"white-space:nowrap\">75067562116514<a name=\"tipos-matricula-codesystem-75067562116514\"> </a></td><td>Colegio de ODONTOLOGOS DISTRITO IV, de SAN ISIDRO</td></tr><tr><td style=\"white-space:nowrap\">75063572116519<a name=\"tipos-matricula-codesystem-75063572116519\"> </a></td><td>Colegio de ODONTOLOGOS DISTRITO IX, de GENERAL PUEYRREDÓN</td></tr><tr><td style=\"white-space:nowrap\">75064972116515<a name=\"tipos-matricula-codesystem-75064972116515\"> </a></td><td>Colegio de ODONTOLOGOS DISTRITO V, de LUJÁN</td></tr><tr><td style=\"white-space:nowrap\">75066232116516<a name=\"tipos-matricula-codesystem-75066232116516\"> </a></td><td>Colegio de ODONTOLOGOS DISTRITO VI, de PERGAMINO</td></tr><tr><td style=\"white-space:nowrap\">75065882116517<a name=\"tipos-matricula-codesystem-75065882116517\"> </a></td><td>Colegio de ODONTOLOGOS DISTRITO VII, de 9 DE JULIO</td></tr><tr><td style=\"white-space:nowrap\">75060562116520<a name=\"tipos-matricula-codesystem-75060562116520\"> </a></td><td>Colegio de ODONTOLOGOS DISTRITO X, de BAHÍA BLANCA</td></tr><tr><td style=\"white-space:nowrap\">75060492116518<a name=\"tipos-matricula-codesystem-75060492116518\"> </a></td><td>Colegio de ODONTOLOGOS-DISTRITO VIII, de AZUL</td></tr><tr><td style=\"white-space:nowrap\">75064412116601<a name=\"tipos-matricula-codesystem-75064412116601\"> </a></td><td>Colegio de OPTICOS DE BUENOS AIRES, de LA PLATA</td></tr><tr><td style=\"white-space:nowrap\">75060562116478<a name=\"tipos-matricula-codesystem-75060562116478\"> </a></td><td>Colegio de PSICOLOGOS DISTRITO I, de BAHÍA BLANCA</td></tr><tr><td style=\"white-space:nowrap\">75068262116479<a name=\"tipos-matricula-codesystem-75068262116479\"> </a></td><td>Colegio de PSICOLOGOS DISTRITO II, de TRENQUE LAUQUEN</td></tr><tr><td style=\"white-space:nowrap\">75064132116480<a name=\"tipos-matricula-codesystem-75064132116480\"> </a></td><td>Colegio de PSICOLOGOS DISTRITO III, de JUNÍN</td></tr><tr><td style=\"white-space:nowrap\">75066232116481<a name=\"tipos-matricula-codesystem-75066232116481\"> </a></td><td>Colegio de PSICOLOGOS DISTRITO IV, de PERGAMINO</td></tr><tr><td style=\"white-space:nowrap\">75065812116486<a name=\"tipos-matricula-codesystem-75065812116486\"> </a></td><td>Colegio de PSICOLOGOS DISTRITO IX, de NECOCHEA</td></tr><tr><td style=\"white-space:nowrap\">75068822116482<a name=\"tipos-matricula-codesystem-75068822116482\"> </a></td><td>Colegio de PSICOLOGOS DISTRITO V, de ZÁRATE </td></tr><tr><td style=\"white-space:nowrap\">75064972116483<a name=\"tipos-matricula-codesystem-75064972116483\"> </a></td><td>Colegio de PSICOLOGOS DISTRITO VI, de LUJÁN</td></tr><tr><td style=\"white-space:nowrap\">75062242116484<a name=\"tipos-matricula-codesystem-75062242116484\"> </a></td><td>Colegio de PSICOLOGOS DISTRITO VII, de CHIVILCOY</td></tr><tr><td style=\"white-space:nowrap\">75060492116485<a name=\"tipos-matricula-codesystem-75060492116485\"> </a></td><td>Colegio de PSICOLOGOS DISTRITO VIII, de AZUL</td></tr><tr><td style=\"white-space:nowrap\">75063572116487<a name=\"tipos-matricula-codesystem-75063572116487\"> </a></td><td>Colegio de PSICOLOGOS DISTRITO X, de GENERAL PUEYRREDÓN</td></tr><tr><td style=\"white-space:nowrap\">75064412116488<a name=\"tipos-matricula-codesystem-75064412116488\"> </a></td><td>Colegio de PSICOLOGOS DISTRITO XI, de LA PLATA</td></tr><tr><td style=\"white-space:nowrap\">75060582116489<a name=\"tipos-matricula-codesystem-75060582116489\"> </a></td><td>Colegio de PSICOLOGOS DISTRITO XII, de QUILMES</td></tr><tr><td style=\"white-space:nowrap\">75064902116491<a name=\"tipos-matricula-codesystem-75064902116491\"> </a></td><td>Colegio de PSICOLOGOS DISTRITO XIII, de LOMAS DE ZAMORA</td></tr><tr><td style=\"white-space:nowrap\">75065682316492<a name=\"tipos-matricula-codesystem-75065682316492\"> </a></td><td>Colegio de PSICOLOGOS DISTRITO XIV, de MORÓN</td></tr><tr><td style=\"white-space:nowrap\">75067562116493<a name=\"tipos-matricula-codesystem-75067562116493\"> </a></td><td>Colegio de PSICOLOGOS DISTRITO XV, de SAN ISIDRO</td></tr><tr><td style=\"white-space:nowrap\">75060492116592<a name=\"tipos-matricula-codesystem-75060492116592\"> </a></td><td>Consejo profesional de QUIMICA - DISTRITO AZUL, de AZUL</td></tr><tr><td style=\"white-space:nowrap\">75060562116588<a name=\"tipos-matricula-codesystem-75060562116588\"> </a></td><td>Consejo profesional de QUIMICA - DISTRITO BAHIA BLANCA, de BAHÍA BLANCA</td></tr><tr><td style=\"white-space:nowrap\">75062382116590<a name=\"tipos-matricula-codesystem-75062382116590\"> </a></td><td>Consejo profesional de QUIMICA - DISTRITO DOLORES, de DOLORES</td></tr><tr><td style=\"white-space:nowrap\">75063572116587<a name=\"tipos-matricula-codesystem-75063572116587\"> </a></td><td>Consejo profesional de QUIMICA - DISTRITO MAR DEL PLATA, de GENERAL PUEYRREDÓN</td></tr><tr><td style=\"white-space:nowrap\">75065322116589<a name=\"tipos-matricula-codesystem-75065322116589\"> </a></td><td>Consejo profesional de QUIMICA - DISTRITO MERCEDES, de MERCEDES</td></tr><tr><td style=\"white-space:nowrap\">75065882116591<a name=\"tipos-matricula-codesystem-75065882116591\"> </a></td><td>Consejo profesional de QUIMICA - DISTRITO NUEVE DE JULIO, de 9 DE JULIO</td></tr><tr><td style=\"white-space:nowrap\">75068402116586<a name=\"tipos-matricula-codesystem-75068402116586\"> </a></td><td>Consejo profesional de QUIMICA - DISTRITO SAN ISIDRO, de TRES DE FEBRERO</td></tr><tr><td style=\"white-space:nowrap\">75060562116569<a name=\"tipos-matricula-codesystem-75060562116569\"> </a></td><td>Colegio de TRABAJADORES SOCIALES - BAHIA BLANCA, de BAHÍA BLANCA</td></tr><tr><td style=\"white-space:nowrap\">75060492116568<a name=\"tipos-matricula-codesystem-75060492116568\"> </a></td><td>Colegio de TRABAJADORES SOCIALES - DISTRITO AZUL, de AZUL</td></tr><tr><td style=\"white-space:nowrap\">75062382116570<a name=\"tipos-matricula-codesystem-75062382116570\"> </a></td><td>Colegio de TRABAJADORES SOCIALES - DOLORES, de DOLORES</td></tr><tr><td style=\"white-space:nowrap\">75064132116571<a name=\"tipos-matricula-codesystem-75064132116571\"> </a></td><td>Colegio de TRABAJADORES SOCIALES - JUNIN, de JUNÍN</td></tr><tr><td style=\"white-space:nowrap\">75064412116572<a name=\"tipos-matricula-codesystem-75064412116572\"> </a></td><td>Colegio de TRABAJADORES SOCIALES - LA PLATA, de LA PLATA</td></tr><tr><td style=\"white-space:nowrap\">75064902116573<a name=\"tipos-matricula-codesystem-75064902116573\"> </a></td><td>Colegio de TRABAJADORES SOCIALES - LOMAS DE ZAMORA, de LOMAS DE ZAMORA</td></tr><tr><td style=\"white-space:nowrap\">75063572116574<a name=\"tipos-matricula-codesystem-75063572116574\"> </a></td><td>Colegio de TRABAJADORES SOCIALES - MAR DEL PLATA, de GENERAL PUEYRREDÓN</td></tr><tr><td style=\"white-space:nowrap\">75065322116575<a name=\"tipos-matricula-codesystem-75065322116575\"> </a></td><td>Colegio de TRABAJADORES SOCIALES - MERCEDES, de MERCEDES</td></tr><tr><td style=\"white-space:nowrap\">75063642116576<a name=\"tipos-matricula-codesystem-75063642116576\"> </a></td><td>Colegio de TRABAJADORES SOCIALES - MORENO - GRAL. RODRIGUEZ, de GENERAL RODRÍGUEZ</td></tr><tr><td style=\"white-space:nowrap\">75065682116577<a name=\"tipos-matricula-codesystem-75065682116577\"> </a></td><td>Colegio de TRABAJADORES SOCIALES - MORON, de MORÓN</td></tr><tr><td style=\"white-space:nowrap\">75065812116578<a name=\"tipos-matricula-codesystem-75065812116578\"> </a></td><td>Colegio de TRABAJADORES SOCIALES - NECOCHEA, de NECOCHEA</td></tr><tr><td style=\"white-space:nowrap\">75066232116579<a name=\"tipos-matricula-codesystem-75066232116579\"> </a></td><td>Colegio de TRABAJADORES SOCIALES - PERGAMINO, de PERGAMINO</td></tr><tr><td style=\"white-space:nowrap\">75060582116580<a name=\"tipos-matricula-codesystem-75060582116580\"> </a></td><td>Colegio de TRABAJADORES SOCIALES - QUILMES, de QUILMES</td></tr><tr><td style=\"white-space:nowrap\">75067562116581<a name=\"tipos-matricula-codesystem-75067562116581\"> </a></td><td>Colegio de TRABAJADORES SOCIALES - SAN ISIDRO, de SAN ISIDRO</td></tr><tr><td style=\"white-space:nowrap\">75063712116582<a name=\"tipos-matricula-codesystem-75063712116582\"> </a></td><td>Colegio de TRABAJADORES SOCIALES - SAN MARTIN, de GENERAL SAN MARTÍN</td></tr><tr><td style=\"white-space:nowrap\">75067632116583<a name=\"tipos-matricula-codesystem-75067632116583\"> </a></td><td>Colegio de TRABAJADORES SOCIALES - SAN NICOLAS, de SAN NICOLÁS</td></tr><tr><td style=\"white-space:nowrap\">75068262116584<a name=\"tipos-matricula-codesystem-75068262116584\"> </a></td><td>Colegio de TRABAJADORES SOCIALES - TRENQUE LAUQUEN, de TRENQUE LAUQUEN</td></tr><tr><td style=\"white-space:nowrap\">75068822116585<a name=\"tipos-matricula-codesystem-75068822116585\"> </a></td><td>Colegio de TRABAJADORES SOCIALES - ZARATE - CAMPANA, de ZÁRATE </td></tr><tr><td style=\"white-space:nowrap\">75100002124679<a name=\"tipos-matricula-codesystem-75100002124679\"> </a></td><td>Colegio de ASISTENTES SOCIALES, de Catamarca</td></tr><tr><td style=\"white-space:nowrap\">75100492124617<a name=\"tipos-matricula-codesystem-75100492124617\"> </a></td><td>Colegio de BIOQUIMICOS, de Catamarca</td></tr><tr><td style=\"white-space:nowrap\">75100002124684<a name=\"tipos-matricula-codesystem-75100002124684\"> </a></td><td>COLEGIO MATRICULACION de LICENCIADO ENFERMERÍA de la Provincia de Catamarca</td></tr><tr><td style=\"white-space:nowrap\">75100492124606<a name=\"tipos-matricula-codesystem-75100492124606\"> </a></td><td>Colegio de DIETISTAS Y NUTRICIONISTAS, de Catamarca</td></tr><tr><td style=\"white-space:nowrap\">75100492124612<a name=\"tipos-matricula-codesystem-75100492124612\"> </a></td><td>COLEGIO DE ENFERMERIA, de Catamarca</td></tr><tr><td style=\"white-space:nowrap\">75100492124607<a name=\"tipos-matricula-codesystem-75100492124607\"> </a></td><td>Colegio de FARMACEUTICOS, de Catamarca</td></tr><tr><td style=\"white-space:nowrap\">75100492124608<a name=\"tipos-matricula-codesystem-75100492124608\"> </a></td><td>Colegio de FONOUDIOLOGO, de Catamarca</td></tr><tr><td style=\"white-space:nowrap\">75100492124605<a name=\"tipos-matricula-codesystem-75100492124605\"> </a></td><td>Colegio de KINESIOLOGOS Y FISIOTERAPEUTAS, de Catamarca</td></tr><tr><td style=\"white-space:nowrap\">75100492124610<a name=\"tipos-matricula-codesystem-75100492124610\"> </a></td><td>Colegio de MEDICOS, de Catamarca</td></tr><tr><td style=\"white-space:nowrap\">75100492124611<a name=\"tipos-matricula-codesystem-75100492124611\"> </a></td><td>Colegio de ODONTOLOGOS, de Catamarca</td></tr><tr><td style=\"white-space:nowrap\">75100492124609<a name=\"tipos-matricula-codesystem-75100492124609\"> </a></td><td>Colegio de PSICOLOGOS, de Catamarca</td></tr><tr><td style=\"white-space:nowrap\">75221402126940<a name=\"tipos-matricula-codesystem-75221402126940\"> </a></td><td>Colegio de BIOQUIMICOS, de Chaco</td></tr><tr><td style=\"white-space:nowrap\">75221402126939<a name=\"tipos-matricula-codesystem-75221402126939\"> </a></td><td>Colegio de KINESIOLOGOS, de Chaco</td></tr><tr><td style=\"white-space:nowrap\">75221402126937<a name=\"tipos-matricula-codesystem-75221402126937\"> </a></td><td>Colegio de ODONTOLOGOS, de Chaco</td></tr><tr><td style=\"white-space:nowrap\">75221402126938<a name=\"tipos-matricula-codesystem-75221402126938\"> </a></td><td>Colegio de PSICOLOGOS, de Chaco</td></tr><tr><td style=\"white-space:nowrap\">75260772129591<a name=\"tipos-matricula-codesystem-75260772129591\"> </a></td><td>Colegio de PSICOLOGOS, de Chubut</td></tr><tr><td style=\"white-space:nowrap\">75260772129592<a name=\"tipos-matricula-codesystem-75260772129592\"> </a></td><td>Colegio de PSICOPEDAGOGOS, de Chubut</td></tr><tr><td style=\"white-space:nowrap\">75260772129593<a name=\"tipos-matricula-codesystem-75260772129593\"> </a></td><td>Colegio de TRABAJADORES SOCIALES, de Chubut</td></tr><tr><td style=\"white-space:nowrap\">75140142134173<a name=\"tipos-matricula-codesystem-75140142134173\"> </a></td><td>Colegio de BIOLOGOS, de Córdoba</td></tr><tr><td style=\"white-space:nowrap\">75140142134171<a name=\"tipos-matricula-codesystem-75140142134171\"> </a></td><td>Colegio de BIOQUIMICOS, de Córdoba</td></tr><tr><td style=\"white-space:nowrap\">75140142134164<a name=\"tipos-matricula-codesystem-75140142134164\"> </a></td><td>Colegio de FARMACEUTICOS, de Córdoba</td></tr><tr><td style=\"white-space:nowrap\">75140142134168<a name=\"tipos-matricula-codesystem-75140142134168\"> </a></td><td>Colegio de FONOAUDIOLOGOS, de Córdoba</td></tr><tr><td style=\"white-space:nowrap\">75140142134167<a name=\"tipos-matricula-codesystem-75140142134167\"> </a></td><td>Colegio de KINESIOLOGOS, de Córdoba</td></tr><tr><td style=\"white-space:nowrap\">75140142134170<a name=\"tipos-matricula-codesystem-75140142134170\"> </a></td><td>Colegio de LICENCIADOS EN PRODUCCION DE BIOIMAGENES, de Córdoba</td></tr><tr><td style=\"white-space:nowrap\">75140142134162<a name=\"tipos-matricula-codesystem-75140142134162\"> </a></td><td>Consejo de MEDICOS, de Córdoba</td></tr><tr><td style=\"white-space:nowrap\">75140142134169<a name=\"tipos-matricula-codesystem-75140142134169\"> </a></td><td>Colegio de NUTRICIONISTAS, de Córdoba</td></tr><tr><td style=\"white-space:nowrap\">75140142134163<a name=\"tipos-matricula-codesystem-75140142134163\"> </a></td><td>Colegio de ODONTOLOGOS, de Córdoba</td></tr><tr><td style=\"white-space:nowrap\">75140142134165<a name=\"tipos-matricula-codesystem-75140142134165\"> </a></td><td>Colegio de PSICOLOGOS, de Córdoba</td></tr><tr><td style=\"white-space:nowrap\">75140142134166<a name=\"tipos-matricula-codesystem-75140142134166\"> </a></td><td>Colegio de PSICOPEDAGOGOS, de Córdoba</td></tr><tr><td style=\"white-space:nowrap\">75140142134174<a name=\"tipos-matricula-codesystem-75140142134174\"> </a></td><td>Colegio de TECNICOS OPTICOS, de Córdoba</td></tr><tr><td style=\"white-space:nowrap\">75140142134172<a name=\"tipos-matricula-codesystem-75140142134172\"> </a></td><td>Colegio de TRABAJADORES SOCIALES, de Córdoba</td></tr><tr><td style=\"white-space:nowrap\">75300842142723<a name=\"tipos-matricula-codesystem-75300842142723\"> </a></td><td>Colegio de BIOQUIMICOS, de PARANÁ</td></tr><tr><td style=\"white-space:nowrap\">75300002143375<a name=\"tipos-matricula-codesystem-75300002143375\"> </a></td><td>COLEGIO MATRICULACION de LICENCIADO EN OBSTETRICIA de la Provincia de Entre Ríos</td></tr><tr><td style=\"white-space:nowrap\">75300002143361<a name=\"tipos-matricula-codesystem-75300002143361\"> </a></td><td>Colegio de FARMACÉUTICOS, de Entre Ríos</td></tr><tr><td style=\"white-space:nowrap\">75300842142721<a name=\"tipos-matricula-codesystem-75300842142721\"> </a></td><td>Colegio de FONOAUDIOLOGOS, de PARANÁ</td></tr><tr><td style=\"white-space:nowrap\">75300842142719<a name=\"tipos-matricula-codesystem-75300842142719\"> </a></td><td>COLEGIO DE KINESIOLOGOS, de PARANÁ</td></tr><tr><td style=\"white-space:nowrap\">75300002143363<a name=\"tipos-matricula-codesystem-75300002143363\"> </a></td><td>Colegio de LICENCIADOS EN TERAPIA FÍSICA, de Entre Ríos</td></tr><tr><td style=\"white-space:nowrap\">75300842142716<a name=\"tipos-matricula-codesystem-75300842142716\"> </a></td><td>Colegio de ODONTOLOGOS, de PARANÁ</td></tr><tr><td style=\"white-space:nowrap\">75300002143373<a name=\"tipos-matricula-codesystem-75300002143373\"> </a></td><td>Colegio de PODÓLOGOS, de Entre Ríos</td></tr><tr><td style=\"white-space:nowrap\">75300842142717<a name=\"tipos-matricula-codesystem-75300842142717\"> </a></td><td>Colegio de PSICOLOGOS, de PARANÁ</td></tr><tr><td style=\"white-space:nowrap\">75300842142718<a name=\"tipos-matricula-codesystem-75300842142718\"> </a></td><td>Colegio de PSICOPEDAGOGOS, de PARANÁ</td></tr><tr><td style=\"white-space:nowrap\">75300842142725<a name=\"tipos-matricula-codesystem-75300842142725\"> </a></td><td>Colegio de TECNICOS EN PROTESIS DENTALES, de PARANÁ</td></tr><tr><td style=\"white-space:nowrap\">75300842142720<a name=\"tipos-matricula-codesystem-75300842142720\"> </a></td><td>Colegio de TERAPISTAS OCUPACIONALES, de PARANÁ</td></tr><tr><td style=\"white-space:nowrap\">75300842142724<a name=\"tipos-matricula-codesystem-75300842142724\"> </a></td><td>Colegio de TRABAJADORES SOCIALES, de PARANÁ</td></tr><tr><td style=\"white-space:nowrap\">75340002147826<a name=\"tipos-matricula-codesystem-75340002147826\"> </a></td><td>Colegio de LICENCIADOS EN ASISTENCIA SOCIAL, de Formosa</td></tr><tr><td style=\"white-space:nowrap\">75380212150790<a name=\"tipos-matricula-codesystem-75380212150790\"> </a></td><td>Colegio de BIOQUIMICOS, de Jujuy</td></tr><tr><td style=\"white-space:nowrap\">75380212351059<a name=\"tipos-matricula-codesystem-75380212351059\"> </a></td><td>COLEGIO DE ENFERMEROS de Jujuy</td></tr><tr><td style=\"white-space:nowrap\">75380212351062<a name=\"tipos-matricula-codesystem-75380212351062\"> </a></td><td>COLEGIO DE PROF. Y TEC. SUP. EN PRODUCCION DE BIOIMAGENES de Jujuy</td></tr><tr><td style=\"white-space:nowrap\">75380212350538<a name=\"tipos-matricula-codesystem-75380212350538\"> </a></td><td>CONSEJO DE MEDICOS de Jujuy</td></tr><tr><td style=\"white-space:nowrap\">75380212150785<a name=\"tipos-matricula-codesystem-75380212150785\"> </a></td><td>Consejo de FARMACEUTICOS, de Jujuy</td></tr><tr><td style=\"white-space:nowrap\">75380212150788<a name=\"tipos-matricula-codesystem-75380212150788\"> </a></td><td>Consejo de FONOAUDIOLOGOS, de Jujuy</td></tr><tr><td style=\"white-space:nowrap\">75380212150787<a name=\"tipos-matricula-codesystem-75380212150787\"> </a></td><td>Colegio de KINESIOLOGOS, de Jujuy</td></tr><tr><td style=\"white-space:nowrap\">75380212150789<a name=\"tipos-matricula-codesystem-75380212150789\"> </a></td><td>Colegio de NUTRICIONISTAS, de Jujuy</td></tr><tr><td style=\"white-space:nowrap\">75380212150784<a name=\"tipos-matricula-codesystem-75380212150784\"> </a></td><td>Colegio de ODONTOLOGOS, de Jujuy</td></tr><tr><td style=\"white-space:nowrap\">75380212150786<a name=\"tipos-matricula-codesystem-75380212150786\"> </a></td><td>Colegio de PSICOLOGOS, de Jujuy</td></tr><tr><td style=\"white-space:nowrap\">75380212150791<a name=\"tipos-matricula-codesystem-75380212150791\"> </a></td><td>COLEGIO DE PROFESIONALES DEL SERVICIO SOCIAL, de Jujuy</td></tr><tr><td style=\"white-space:nowrap\">75420002154038<a name=\"tipos-matricula-codesystem-75420002154038\"> </a></td><td>Colegio de FARMACÉUTICOS, de La Pampa</td></tr><tr><td style=\"white-space:nowrap\">75420002154039<a name=\"tipos-matricula-codesystem-75420002154039\"> </a></td><td>Colegio de FONOAUDIÓLOGOS, de La Pampa</td></tr><tr><td style=\"white-space:nowrap\">75420002154044<a name=\"tipos-matricula-codesystem-75420002154044\"> </a></td><td>Colegio de KINESIÓLOGOS, de La Pampa</td></tr><tr><td style=\"white-space:nowrap\">75420002154042<a name=\"tipos-matricula-codesystem-75420002154042\"> </a></td><td>Colegio de LICENCIADOS EN ASISTENCIA SOCIAL, de La Pampa</td></tr><tr><td style=\"white-space:nowrap\">75420002154037<a name=\"tipos-matricula-codesystem-75420002154037\"> </a></td><td>Colegio de LICENCIADOS EN NUTRICIÓN, de La Pampa</td></tr><tr><td style=\"white-space:nowrap\">75420002154041<a name=\"tipos-matricula-codesystem-75420002154041\"> </a></td><td>Colegio de LICENCIADOS EN PSICOLOGÍA, de La Pampa</td></tr><tr><td style=\"white-space:nowrap\">75420002154043<a name=\"tipos-matricula-codesystem-75420002154043\"> </a></td><td>Colegio de LICENCIADOS EN PSICOPEDAGOGÍA, de La Pampa</td></tr><tr><td style=\"white-space:nowrap\">75420002154040<a name=\"tipos-matricula-codesystem-75420002154040\"> </a></td><td>Colegio de MÉDICOS, de La Pampa</td></tr><tr><td style=\"white-space:nowrap\">75420002154036<a name=\"tipos-matricula-codesystem-75420002154036\"> </a></td><td>Colegio de NUTRICIONISTAS, de La Pampa</td></tr><tr><td style=\"white-space:nowrap\">75460002155489<a name=\"tipos-matricula-codesystem-75460002155489\"> </a></td><td>Colegio de ASISTENTES SOCIALES, de La Rioja</td></tr><tr><td style=\"white-space:nowrap\">75460142355627<a name=\"tipos-matricula-codesystem-75460142355627\"> </a></td><td> COLEGIO PROFESIONAL DE ENFERMERIA, de La Rioja</td></tr><tr><td style=\"white-space:nowrap\">75460002155493<a name=\"tipos-matricula-codesystem-75460002155493\"> </a></td><td>Colegio de FARMACÉUTICOS, de La Rioja</td></tr><tr><td style=\"white-space:nowrap\">75460002155490<a name=\"tipos-matricula-codesystem-75460002155490\"> </a></td><td>Colegio de KINESIÓLOGOS, de La Rioja</td></tr><tr><td style=\"white-space:nowrap\">75460002155487<a name=\"tipos-matricula-codesystem-75460002155487\"> </a></td><td>Colegio de LICENCIADOS EN DIAGNÓSTICO POR IMÁGENES, de La Rioja</td></tr><tr><td style=\"white-space:nowrap\">75460002155491<a name=\"tipos-matricula-codesystem-75460002155491\"> </a></td><td>Colegio de LICENCIADOS EN NUTRICIÓN, de La Rioja</td></tr><tr><td style=\"white-space:nowrap\">75460002155492<a name=\"tipos-matricula-codesystem-75460002155492\"> </a></td><td>Colegio de MÉDICOS, de La Rioja</td></tr><tr><td style=\"white-space:nowrap\">75460002155496<a name=\"tipos-matricula-codesystem-75460002155496\"> </a></td><td>Colegio de ODONTÓLOGOS, de La Rioja</td></tr><tr><td style=\"white-space:nowrap\">75460002155488<a name=\"tipos-matricula-codesystem-75460002155488\"> </a></td><td>Colegio de PSICOPEDAGOGOS, de La Rioja</td></tr><tr><td style=\"white-space:nowrap\">75460002155495<a name=\"tipos-matricula-codesystem-75460002155495\"> </a></td><td>Colegio de PSICÓLOGOS, de La Rioja</td></tr><tr><td style=\"white-space:nowrap\">75460002155494<a name=\"tipos-matricula-codesystem-75460002155494\"> </a></td><td>Colegio de TERAPISTAS OCUPACIONALES, de La Rioja</td></tr><tr><td style=\"white-space:nowrap\">75500002160187<a name=\"tipos-matricula-codesystem-75500002160187\"> </a></td><td>Colegio de KINESIÓLOGOS, de Mendoza</td></tr><tr><td style=\"white-space:nowrap\">75500002160188<a name=\"tipos-matricula-codesystem-75500002160188\"> </a></td><td>Colegio de MÉDICOS VETERINARIOS, de Mendoza</td></tr><tr><td style=\"white-space:nowrap\">75500072160937<a name=\"tipos-matricula-codesystem-75500072160937\"> </a></td><td>COLEGIO DE PSICOLOGOS, de Mendoza</td></tr><tr><td style=\"white-space:nowrap\">75500002160189<a name=\"tipos-matricula-codesystem-75500002160189\"> </a></td><td>Colegio de TRABAJADORES SOCIALES, de Mendoza</td></tr><tr><td style=\"white-space:nowrap\">75540002165819<a name=\"tipos-matricula-codesystem-75540002165819\"> </a></td><td>Colegio de AUXILIARES DE ENFERMERÍA, de Misiones</td></tr><tr><td style=\"white-space:nowrap\">75540002165813<a name=\"tipos-matricula-codesystem-75540002165813\"> </a></td><td>Colegio de BIOQUÍMICOS, de Misiones</td></tr><tr><td style=\"white-space:nowrap\">75540002165814<a name=\"tipos-matricula-codesystem-75540002165814\"> </a></td><td>COLEGIO MATRICULACION de ENFERMERO de la Provincia de Misiones</td></tr><tr><td style=\"white-space:nowrap\">75540002165807<a name=\"tipos-matricula-codesystem-75540002165807\"> </a></td><td>COLEGIO MATRICULACION de LICENCIADO ENFERMERÍA de la Provincia de Misiones</td></tr><tr><td style=\"white-space:nowrap\">75540002165809<a name=\"tipos-matricula-codesystem-75540002165809\"> </a></td><td>Colegio de FARMACÉUTICOS, de Misiones</td></tr><tr><td style=\"white-space:nowrap\">75540002165821<a name=\"tipos-matricula-codesystem-75540002165821\"> </a></td><td>Colegio de INSTRUMENTADORES QUIRÚRGICOS, de Misiones</td></tr><tr><td style=\"white-space:nowrap\">75540002165812<a name=\"tipos-matricula-codesystem-75540002165812\"> </a></td><td>Colegio de LICENCIADOS EN FONOAUDIOLOGÍA, de Misiones</td></tr><tr><td style=\"white-space:nowrap\">75540002165820<a name=\"tipos-matricula-codesystem-75540002165820\"> </a></td><td>Colegio de LICENCIADOS EN GENÉTICA, de Misiones</td></tr><tr><td style=\"white-space:nowrap\">75540002165825<a name=\"tipos-matricula-codesystem-75540002165825\"> </a></td><td>Colegio de LICENCIADOS EN KINESIOLOGÍA, de Misiones</td></tr><tr><td style=\"white-space:nowrap\">75540002165816<a name=\"tipos-matricula-codesystem-75540002165816\"> </a></td><td>Colegio de LICENCIADOS EN NUTRICIÓN, de Misiones</td></tr><tr><td style=\"white-space:nowrap\">75540002165824<a name=\"tipos-matricula-codesystem-75540002165824\"> </a></td><td>Colegio de LICENCIADOS EN OBSTETRICIA, de Misiones</td></tr><tr><td style=\"white-space:nowrap\">75540002165810<a name=\"tipos-matricula-codesystem-75540002165810\"> </a></td><td>Colegio de LICENCIADOS EN PSICOLOGÍA, de Misiones</td></tr><tr><td style=\"white-space:nowrap\">75540002165811<a name=\"tipos-matricula-codesystem-75540002165811\"> </a></td><td>Colegio de LICENCIADOS EN PSICOPEDAGOGÍA, de Misiones</td></tr><tr><td style=\"white-space:nowrap\">75540002165823<a name=\"tipos-matricula-codesystem-75540002165823\"> </a></td><td>Colegio de LICENCIADOS EN TERAPIA OCUPACIONAL, de Misiones</td></tr><tr><td style=\"white-space:nowrap\">75540002165826<a name=\"tipos-matricula-codesystem-75540002165826\"> </a></td><td>Colegio de LICENCIADOS EN TRABAJO SOCIAL, de Misiones</td></tr><tr><td style=\"white-space:nowrap\">75540002165817<a name=\"tipos-matricula-codesystem-75540002165817\"> </a></td><td>Colegio de MECÁNICOS DENTALES, de Misiones</td></tr><tr><td style=\"white-space:nowrap\">75540282165805<a name=\"tipos-matricula-codesystem-75540282165805\"> </a></td><td>Colegio de MEDICOS, de Misiones</td></tr><tr><td style=\"white-space:nowrap\">75540002165815<a name=\"tipos-matricula-codesystem-75540002165815\"> </a></td><td>Colegio de MUSICOTERAPEUTAS, de Misiones</td></tr><tr><td style=\"white-space:nowrap\">75540002165822<a name=\"tipos-matricula-codesystem-75540002165822\"> </a></td><td>Colegio de ODONTÓLOGOS, de Misiones</td></tr><tr><td style=\"white-space:nowrap\">75540002165808<a name=\"tipos-matricula-codesystem-75540002165808\"> </a></td><td>Colegio de TÉCNICOS EN ESTIMULACIÓN TEMPRANA, de Misiones</td></tr><tr><td style=\"white-space:nowrap\">75540002165818<a name=\"tipos-matricula-codesystem-75540002165818\"> </a></td><td>Colegio de TÉCNICOS EN ÓPTICA, de Misiones</td></tr><tr><td style=\"white-space:nowrap\">75580352367254<a name=\"tipos-matricula-codesystem-75580352367254\"> </a></td><td>Colegio de PSICOLOGOS, de Neuquén</td></tr><tr><td style=\"white-space:nowrap\">75620002170884<a name=\"tipos-matricula-codesystem-75620002170884\"> </a></td><td>Colegio de ASISTENTES SOCIALES, de Río Negro</td></tr><tr><td style=\"white-space:nowrap\">75660002174121<a name=\"tipos-matricula-codesystem-75660002174121\"> </a></td><td>Colegio de BIOQUÍMICOS, de Salta</td></tr><tr><td style=\"white-space:nowrap\">75660002174126<a name=\"tipos-matricula-codesystem-75660002174126\"> </a></td><td>Colegio de ENFERMEROS, de Salta</td></tr><tr><td style=\"white-space:nowrap\">75660283074197<a name=\"tipos-matricula-codesystem-75660283074197\"> </a></td><td>COLEGIO DE FARMACEUTICOS, de Salta</td></tr><tr><td style=\"white-space:nowrap\">75660002174116<a name=\"tipos-matricula-codesystem-75660002174116\"> </a></td><td>Colegio de KINESIÓLOGOS, de Salta</td></tr><tr><td style=\"white-space:nowrap\">75660002174124<a name=\"tipos-matricula-codesystem-75660002174124\"> </a></td><td>Colegio de LICENCIADOS EN FONOAUDIOLOGÍA, de Salta</td></tr><tr><td style=\"white-space:nowrap\">75660002174115<a name=\"tipos-matricula-codesystem-75660002174115\"> </a></td><td>Colegio de LICENCIADOS ENFERMERÍA, de Salta</td></tr><tr><td style=\"white-space:nowrap\">75660282374385<a name=\"tipos-matricula-codesystem-75660282374385\"> </a></td><td>COLEGIO PROFESIONAL DE LICENCIADOS Y TECNICOS RADIOLOGOS, de Salta</td></tr><tr><td style=\"white-space:nowrap\">75660002174122<a name=\"tipos-matricula-codesystem-75660002174122\"> </a></td><td>Colegio de MECÁNICOS PARA ODONTÓLOGOS, de Salta</td></tr><tr><td style=\"white-space:nowrap\">75660002174119<a name=\"tipos-matricula-codesystem-75660002174119\"> </a></td><td>Colegio de MÉDICOS, de Salta</td></tr><tr><td style=\"white-space:nowrap\">75660002174120<a name=\"tipos-matricula-codesystem-75660002174120\"> </a></td><td>Colegio de NUTRICIONISTAS, de Salta</td></tr><tr><td style=\"white-space:nowrap\">75660002174125<a name=\"tipos-matricula-codesystem-75660002174125\"> </a></td><td>Colegio de ODONTÓLOGOS, de Salta</td></tr><tr><td style=\"white-space:nowrap\">75660002174118<a name=\"tipos-matricula-codesystem-75660002174118\"> </a></td><td>Colegio de PODÓLOGOS, de Salta</td></tr><tr><td style=\"white-space:nowrap\">75660002174117<a name=\"tipos-matricula-codesystem-75660002174117\"> </a></td><td>Colegio de PSICOPEDAGOGOS, de Salta</td></tr><tr><td style=\"white-space:nowrap\">75660002174123<a name=\"tipos-matricula-codesystem-75660002174123\"> </a></td><td>Colegio de PSICÓLOGOS, de Salta</td></tr><tr><td style=\"white-space:nowrap\">75660282174392<a name=\"tipos-matricula-codesystem-75660282174392\"> </a></td><td>COLEGIO DE PROFESIONALES DE TRABAJO SOCIAL Y SERVICIO SOCIAL, de Salta</td></tr><tr><td style=\"white-space:nowrap\">75700282177512<a name=\"tipos-matricula-codesystem-75700282177512\"> </a></td><td>Colegio FISIOKINESICO, de San Juan</td></tr><tr><td style=\"white-space:nowrap\">75700282177507<a name=\"tipos-matricula-codesystem-75700282177507\"> </a></td><td>Colegio de FONOAUDIOLOGOS, de San Juan</td></tr><tr><td style=\"white-space:nowrap\">75700002177887<a name=\"tipos-matricula-codesystem-75700002177887\"> </a></td><td>Colegio de FONOAUDIÓLOGOS, de San Juan</td></tr><tr><td style=\"white-space:nowrap\">75700002177884<a name=\"tipos-matricula-codesystem-75700002177884\"> </a></td><td>Colegio de KINESIÓLOGOS, de San Juan</td></tr><tr><td style=\"white-space:nowrap\">75700002177885<a name=\"tipos-matricula-codesystem-75700002177885\"> </a></td><td>Colegio de LICENCIADOS EN FONOAUDIOLOGÍA, de San Juan</td></tr><tr><td style=\"white-space:nowrap\">75700282177511<a name=\"tipos-matricula-codesystem-75700282177511\"> </a></td><td>Colegio de PSICOLOGOS, de San Juan</td></tr><tr><td style=\"white-space:nowrap\">75700282177510<a name=\"tipos-matricula-codesystem-75700282177510\"> </a></td><td>Colegio de profesionales en SERVICIO SOCIAL, de San Juan</td></tr><tr><td style=\"white-space:nowrap\">75700283078066<a name=\"tipos-matricula-codesystem-75700283078066\"> </a></td><td>CONSEJO DE PROFESIONALES EN TECNOLOGIA EN ALIMENTOS, de San Juan</td></tr><tr><td style=\"white-space:nowrap\">75740002180604<a name=\"tipos-matricula-codesystem-75740002180604\"> </a></td><td>Colegio de FARMACÉUTICOS, de San Luis</td></tr><tr><td style=\"white-space:nowrap\">75740002180605<a name=\"tipos-matricula-codesystem-75740002180605\"> </a></td><td>Colegio de PSICÓLOGOS, de San Luis</td></tr><tr><td style=\"white-space:nowrap\">75740002180606<a name=\"tipos-matricula-codesystem-75740002180606\"> </a></td><td>Colegio de TRABAJADOR SOCIAL, de San Luis</td></tr><tr><td style=\"white-space:nowrap\">75780002183362<a name=\"tipos-matricula-codesystem-75780002183362\"> </a></td><td>Colegio de MÉDICOS, de Santa Cruz</td></tr><tr><td style=\"white-space:nowrap\">75780002183363<a name=\"tipos-matricula-codesystem-75780002183363\"> </a></td><td>Colegio de ODONTÓLOGOS, de Santa Cruz</td></tr><tr><td style=\"white-space:nowrap\">75780002183364<a name=\"tipos-matricula-codesystem-75780002183364\"> </a></td><td>Colegio de PSICÓLOGOS, de Santa Cruz</td></tr><tr><td style=\"white-space:nowrap\">75820632388588<a name=\"tipos-matricula-codesystem-75820632388588\"> </a></td><td>COLEGIO DE BIOQUIMICOS DE SANTA FE PRIMERA CIRCUNSCRIPCION</td></tr><tr><td style=\"white-space:nowrap\">75820842388590<a name=\"tipos-matricula-codesystem-75820842388590\"> </a></td><td>COLEGIO DE BIOQUIMICOS DE SANTA FE SEGUNDA CIRCUNSCRIPCION</td></tr><tr><td style=\"white-space:nowrap\">75820632388589<a name=\"tipos-matricula-codesystem-75820632388589\"> </a></td><td>COLEGIO DE ODONTOLOGOS-PRIMERA CIRCUNSCRIPCION</td></tr><tr><td style=\"white-space:nowrap\">75820632186879<a name=\"tipos-matricula-codesystem-75820632186879\"> </a></td><td>Colegio de ENFERMERIA - PRIMERA CIRCUNSCRIPCION, de Santa Fe</td></tr><tr><td style=\"white-space:nowrap\">75820842186880<a name=\"tipos-matricula-codesystem-75820842186880\"> </a></td><td>Colegio de ENFERMERIA - SEGUNDA CIRCUNSCRIPCION, de Santa Fe</td></tr><tr><td style=\"white-space:nowrap\">75820842186683<a name=\"tipos-matricula-codesystem-75820842186683\"> </a></td><td>Colegio de MEDICOS - PRIMERA CIRCUNSCRIPCION, de Santa Fe</td></tr><tr><td style=\"white-space:nowrap\">75820632186684<a name=\"tipos-matricula-codesystem-75820632186684\"> </a></td><td>Colegio de MEDICOS - SEGUNDA CIRCUNSCRIPCION, de Santa Fe</td></tr><tr><td style=\"white-space:nowrap\">75860493093373<a name=\"tipos-matricula-codesystem-75860493093373\"> </a></td><td>CONSEJO DE BIOQUIMICOS, de Santiago del Estero</td></tr><tr><td style=\"white-space:nowrap\">75860493093371<a name=\"tipos-matricula-codesystem-75860493093371\"> </a></td><td>Colegio de profesionales de ENFERMERIA, de Santiago del Estero</td></tr><tr><td style=\"white-space:nowrap\">75860493093376<a name=\"tipos-matricula-codesystem-75860493093376\"> </a></td><td>Colegio de FARMACEUTICOS, de Santiago del Estero</td></tr><tr><td style=\"white-space:nowrap\">75860493093422<a name=\"tipos-matricula-codesystem-75860493093422\"> </a></td><td>COLEGIO DE FONOAUDIOLOGOS, de Santiago del Estero</td></tr><tr><td style=\"white-space:nowrap\">75860493093375<a name=\"tipos-matricula-codesystem-75860493093375\"> </a></td><td>Colegio de KINESIOLOGOS Y FISIOTERAPEUTAS, de Santiago del Estero</td></tr><tr><td style=\"white-space:nowrap\">75860493093348<a name=\"tipos-matricula-codesystem-75860493093348\"> </a></td><td>Consejo de MEDICOS, de Santiago del Estero</td></tr><tr><td style=\"white-space:nowrap\">75860493093425<a name=\"tipos-matricula-codesystem-75860493093425\"> </a></td><td>COLEGIO DE NUTRICIONISTAS, de Santiago del Estero</td></tr><tr><td style=\"white-space:nowrap\">75860493093423<a name=\"tipos-matricula-codesystem-75860493093423\"> </a></td><td>COLEGIO DE OBSTETRICIA, de Santiago del Estero</td></tr><tr><td style=\"white-space:nowrap\">75860493093372<a name=\"tipos-matricula-codesystem-75860493093372\"> </a></td><td>Colegio de ODONTOLOGOS, de Santiago del Estero</td></tr><tr><td style=\"white-space:nowrap\">75860493093374<a name=\"tipos-matricula-codesystem-75860493093374\"> </a></td><td>Colegio de PSICOLOGOS, de Santiago del Estero</td></tr><tr><td style=\"white-space:nowrap\">75860492393433<a name=\"tipos-matricula-codesystem-75860492393433\"> </a></td><td>COLEGIO DE TRABAJADORES SOCIALES, de Santiago del Estero</td></tr><tr><td style=\"white-space:nowrap\">75940142195218<a name=\"tipos-matricula-codesystem-75940142195218\"> </a></td><td>Colegio público de profesional ENFERMERIA, de Tierra del Fuego</td></tr><tr><td style=\"white-space:nowrap\">75940002195215<a name=\"tipos-matricula-codesystem-75940002195215\"> </a></td><td>Colegio de FARMACÉUTICOS, de Tierra del Fuego</td></tr><tr><td style=\"white-space:nowrap\">75900002198205<a name=\"tipos-matricula-codesystem-75900002198205\"> </a></td><td>Colegio de BIOQUÍMICOS, de Tucumán</td></tr><tr><td style=\"white-space:nowrap\">75900002198203<a name=\"tipos-matricula-codesystem-75900002198203\"> </a></td><td>Colegio de FARMACÉUTICOS, de Tucumán</td></tr><tr><td style=\"white-space:nowrap\">75900002198204<a name=\"tipos-matricula-codesystem-75900002198204\"> </a></td><td>Colegio de ODONTÓLOGOS, de Tucumán</td></tr><tr><td style=\"white-space:nowrap\">75900002198206<a name=\"tipos-matricula-codesystem-75900002198206\"> </a></td><td>Colegio de PSICÓLOGOS, de Tucumán</td></tr></table></div>"
  },
  "url" : "http://recuperocaba.gob.ar/CodeSystem/tipos-matricula-codesystem",
  "version" : "0.1.0",
  "name" : "RecuperoTiposMatricula",
  "title" : "Tipos de Matricula",
  "status" : "draft",
  "date" : "2025-07-12T16:20:05-03:00",
  "publisher" : "HL7 Argentina",
  "contact" : [{
    "name" : "HL7 Argentina",
    "telecom" : [{
      "system" : "url",
      "value" : "http://hl7.org.ar"
    },
    {
      "system" : "email",
      "value" : "info@hl7.org.ar"
    }]
  }],
  "description" : "Listado de Entidades certificantes de matriculas para REFEPS Codesystem",
  "content" : "complete",
  "count" : 277,
  "concept" : [{
    "code" : "10006441714000",
    "display" : "MINISTERIO DE SALUD DE BUENOS AIRES"
  },
  {
    "code" : "10002001710001",
    "display" : "MINISTERIO DE SALUD DE LA CIUDAD DE BUENOS AIRES"
  },
  {
    "code" : "10010049720000",
    "display" : "MINISTERIO DE SALUD DE CATAMARCA"
  },
  {
    "code" : "10022140723000",
    "display" : "MINISTERIO DE SALUD DE CHACO"
  },
  {
    "code" : "10026077727000",
    "display" : "MINISTERIO DE SALUD DE CHUBUT"
  },
  {
    "code" : "10014014730000",
    "display" : "MINISTERIO DE SALUD DE CORDOBA"
  },
  {
    "code" : "10018021734000",
    "display" : "MINISTERIO DE SALUD DE CORRIENTES"
  },
  {
    "code" : "10030084738000",
    "display" : "MINISTERIO DE SALUD DE ENTRE RIOS"
  },
  {
    "code" : "10034014742000",
    "display" : "MINISTERIO DE SALUD DE FORMOSA"
  },
  {
    "code" : "10038021750536",
    "display" : "MINISTERIO DE SALUD DE JUJUY"
  },
  {
    "code" : "10042021748000",
    "display" : "MINISTERIO DE SALUD DE LA PAMPA"
  },
  {
    "code" : "10046014751000",
    "display" : "MINISTERIO DE SALUD DE LA RIOJA"
  },
  {
    "code" : "10050007757000",
    "display" : "MINISTERIO DE SALUD DE MENDOZA"
  },
  {
    "code" : "10054028757000",
    "display" : "MINISTERIO DE SALUD DE MISIONES"
  },
  {
    "code" : "10002001110000",
    "display" : "MINISTERIO DE SALUD DE LA NACION"
  },
  {
    "code" : "10058035765691",
    "display" : "MINISTERIO DE SALUD DE NEUQUEN"
  },
  {
    "code" : "10062007764000",
    "display" : "MINISTERIO DE SALUD DE RIO NEGRO"
  },
  {
    "code" : "10066028767000",
    "display" : "MINISTERIO DE SALUD DE SALTA"
  },
  {
    "code" : "10070028777551",
    "display" : "MINISTERIO DE SALUD DE SAN JUAN"
  },
  {
    "code" : "10074056774000",
    "display" : "MINISTERIO DE SALUD DE SAN LUIS"
  },
  {
    "code" : "10078021777000",
    "display" : "MINISTERIO DE SALUD DE SANTA CRUZ"
  },
  {
    "code" : "10082063780000",
    "display" : "MINISTERIO DE SALUD DE SANTA FE"
  },
  {
    "code" : "10086049784000",
    "display" : "MINISTERIO DE SALUD DE SANTIAGO DEL ESTERO"
  },
  {
    "code" : "10094014795156",
    "display" : "MINISTERIO DE SALUD DE TIERRA DEL FUEGO"
  },
  {
    "code" : "10090084791000",
    "display" : "MINISTERIO DE SALUD DE TUCUMAN"
  },
  {
    "code" : "75060562116524",
    "display" : "Colegio de BIOQUIMICOS ZONA I, de BAHÍA BLANCA"
  },
  {
    "code" : "75066092116525",
    "display" : "Colegio de BIOQUIMICOS ZONA II, de PEHUAJÓ"
  },
  {
    "code" : "75064132116526",
    "display" : "Colegio de BIOQUIMICOS ZONA III, de JUNÍN"
  },
  {
    "code" : "75066232116527",
    "display" : "Colegio de BIOQUIMICOS ZONA IV, de PERGAMINO"
  },
  {
    "code" : "75061052116563",
    "display" : "Colegio de BIOQUIMICOS ZONA IX, de BOLÍVAR"
  },
  {
    "code" : "75067562116528",
    "display" : "Colegio de BIOQUIMICOS ZONA V, de SAN ISIDRO"
  },
  {
    "code" : "75064902116529",
    "display" : "Colegio de BIOQUIMICOS ZONA VI, de LOMAS DE ZAMORA"
  },
  {
    "code" : "75062382116561",
    "display" : "Colegio de BIOQUIMICOS ZONA VII, de DOLORES"
  },
  {
    "code" : "75063572116562",
    "display" : "Colegio de BIOQUIMICOS ZONA VIII, de GENERAL PUEYRREDÓN"
  },
  {
    "code" : "75062242116564",
    "display" : "Colegio de BIOQUIMICOS ZONA X, de CHIVILCOY"
  },
  {
    "code" : "75060842116566",
    "display" : "Colegio de BIOQUIMICOS ZONA XI, de BENITO JUÁREZ"
  },
  {
    "code" : "75064412116567",
    "display" : "Colegio de BIOQUIMICOS ZONA XII, de LA PLATA"
  },
  {
    "code" : "75064413015002",
    "display" : "COLEGIO DE FARMACEUTICOS, de LA PLATA"
  },
  {
    "code" : "75060562116504",
    "display" : "Colegio de FONOAUDIOLOGOS - BAHIA BLANCA, de BAHÍA BLANCA"
  },
  {
    "code" : "75064412116505",
    "display" : "Colegio de FONOAUDIOLOGOS - LA PLATA, de LA PLATA"
  },
  {
    "code" : "75063572116506",
    "display" : "Colegio de FONOAUDIOLOGOS - MAR DEL PLATA, de GENERAL PUEYRREDÓN"
  },
  {
    "code" : "75066232116507",
    "display" : "Colegio de FONOAUDIOLOGOS - PERGAMINO, de PERGAMINO"
  },
  {
    "code" : "75067562116508",
    "display" : "Colegio de FONOAUDIOLOGOS - SAN ISIDRO, de SAN ISIDRO"
  },
  {
    "code" : "75064412116494",
    "display" : "Colegio de KINESIOLOGOS REGIONAL I, de LA PLATA"
  },
  {
    "code" : "75064902116495",
    "display" : "Colegio de KINESIOLOGOS REGIONAL II, de LOMAS DE ZAMORA"
  },
  {
    "code" : "75065682116496",
    "display" : "Colegio de KINESIOLOGOS REGIONAL III, de MORÓN"
  },
  {
    "code" : "75068612116497",
    "display" : "Colegio de KINESIOLOGOS REGIONAL IV, de VICENTE LÓPEZ"
  },
  {
    "code" : "75063572116502",
    "display" : "Colegio de KINESIOLOGOS REGIONAL IX, de GENERAL PUEYRREDÓN"
  },
  {
    "code" : "75064972116498",
    "display" : "Colegio de KINESIOLOGOS REGIONAL V, de LUJÁN"
  },
  {
    "code" : "75066232116499",
    "display" : "Colegio de KINESIOLOGOS REGIONAL VI, de PERGAMINO"
  },
  {
    "code" : "75066092116500",
    "display" : "Colegio de KINESIOLOGOS REGIONAL VII, de PEHUAJÓ"
  },
  {
    "code" : "75067912116501",
    "display" : "Colegio de KINESIOLOGOS REGIONAL VIII, de TANDIL"
  },
  {
    "code" : "75060562116503",
    "display" : "Colegio de KINESIOLOGOS REGIONAL X, de BAHÍA BLANCA"
  },
  {
    "code" : "75064412115003",
    "display" : "Colegio de MEDICOS DISTRITO I, de LA PLATA"
  },
  {
    "code" : "75060352115003",
    "display" : "Colegio de MEDICOS DISTRITO II, de AVELLANEDA"
  },
  {
    "code" : "75065682115003",
    "display" : "Colegio de MEDICOS DISTRITO III, de MORÓN"
  },
  {
    "code" : "75063712115003",
    "display" : "Colegio de MEDICOS DISTRITO IV, de GENERAL SAN MARTÍN"
  },
  {
    "code" : "75063572115004",
    "display" : "Colegio de MEDICOS DISTRITO IX, de GENERAL PUEYRREDÓN"
  },
  {
    "code" : "75064342115003",
    "display" : "Colegio de MEDICOS DISTRITO V, de LANÚS"
  },
  {
    "code" : "75064132115003",
    "display" : "Colegio de MEDICOS DISTRITO VI, de JUNÍN"
  },
  {
    "code" : "75066092115003",
    "display" : "Colegio de MEDICOS DISTRITO VII, de PEHUAJÓ"
  },
  {
    "code" : "75060492115004",
    "display" : "Colegio de MEDICOS DISTRITO VIII, de AZUL"
  },
  {
    "code" : "75060562115004",
    "display" : "Colegio de MEDICOS DISTRITO X, de BAHÍA BLANCA"
  },
  {
    "code" : "75064412116600",
    "display" : "Colegio de NUTRICIONISTAS, de LA PLATA"
  },
  {
    "code" : "75064412116603",
    "display" : "Colegio de OBSTETRICAS DISTRITO I, de LA PLATA"
  },
  {
    "code" : "75063572116604",
    "display" : "Colegio de OBSTETRICAS DISTRITO II, de GENERAL PUEYRREDÓN"
  },
  {
    "code" : "75066232116605",
    "display" : "Colegio de OBSTETRICAS DISTRITO III, de PERGAMINO"
  },
  {
    "code" : "75060562116606",
    "display" : "Colegio de OBSTETRICAS DISTRITO IV, de BAHÍA BLANCA"
  },
  {
    "code" : "75067562116607",
    "display" : "Colegio de OBSTETRICAS DISTRITO V, de SAN ISIDRO"
  },
  {
    "code" : "75060582116608",
    "display" : "Colegio de OBSTETRICAS DISTRITO VI, de QUILMES"
  },
  {
    "code" : "75064412116510",
    "display" : "Colegio de ODONTOLOGOS DISTRITO I, de LA PLATA"
  },
  {
    "code" : "75060352116512",
    "display" : "Colegio de ODONTOLOGOS DISTRITO II, de AVELLANEDA"
  },
  {
    "code" : "75064272116513",
    "display" : "Colegio de ODONTOLOGOS DISTRITO III, de LA MATANZA"
  },
  {
    "code" : "75067562116514",
    "display" : "Colegio de ODONTOLOGOS DISTRITO IV, de SAN ISIDRO"
  },
  {
    "code" : "75063572116519",
    "display" : "Colegio de ODONTOLOGOS DISTRITO IX, de GENERAL PUEYRREDÓN"
  },
  {
    "code" : "75064972116515",
    "display" : "Colegio de ODONTOLOGOS DISTRITO V, de LUJÁN"
  },
  {
    "code" : "75066232116516",
    "display" : "Colegio de ODONTOLOGOS DISTRITO VI, de PERGAMINO"
  },
  {
    "code" : "75065882116517",
    "display" : "Colegio de ODONTOLOGOS DISTRITO VII, de 9 DE JULIO"
  },
  {
    "code" : "75060562116520",
    "display" : "Colegio de ODONTOLOGOS DISTRITO X, de BAHÍA BLANCA"
  },
  {
    "code" : "75060492116518",
    "display" : "Colegio de ODONTOLOGOS-DISTRITO VIII, de AZUL"
  },
  {
    "code" : "75064412116601",
    "display" : "Colegio de OPTICOS DE BUENOS AIRES, de LA PLATA"
  },
  {
    "code" : "75060562116478",
    "display" : "Colegio de PSICOLOGOS DISTRITO I, de BAHÍA BLANCA"
  },
  {
    "code" : "75068262116479",
    "display" : "Colegio de PSICOLOGOS DISTRITO II, de TRENQUE LAUQUEN"
  },
  {
    "code" : "75064132116480",
    "display" : "Colegio de PSICOLOGOS DISTRITO III, de JUNÍN"
  },
  {
    "code" : "75066232116481",
    "display" : "Colegio de PSICOLOGOS DISTRITO IV, de PERGAMINO"
  },
  {
    "code" : "75065812116486",
    "display" : "Colegio de PSICOLOGOS DISTRITO IX, de NECOCHEA"
  },
  {
    "code" : "75068822116482",
    "display" : "Colegio de PSICOLOGOS DISTRITO V, de ZÁRATE "
  },
  {
    "code" : "75064972116483",
    "display" : "Colegio de PSICOLOGOS DISTRITO VI, de LUJÁN"
  },
  {
    "code" : "75062242116484",
    "display" : "Colegio de PSICOLOGOS DISTRITO VII, de CHIVILCOY"
  },
  {
    "code" : "75060492116485",
    "display" : "Colegio de PSICOLOGOS DISTRITO VIII, de AZUL"
  },
  {
    "code" : "75063572116487",
    "display" : "Colegio de PSICOLOGOS DISTRITO X, de GENERAL PUEYRREDÓN"
  },
  {
    "code" : "75064412116488",
    "display" : "Colegio de PSICOLOGOS DISTRITO XI, de LA PLATA"
  },
  {
    "code" : "75060582116489",
    "display" : "Colegio de PSICOLOGOS DISTRITO XII, de QUILMES"
  },
  {
    "code" : "75064902116491",
    "display" : "Colegio de PSICOLOGOS DISTRITO XIII, de LOMAS DE ZAMORA"
  },
  {
    "code" : "75065682316492",
    "display" : "Colegio de PSICOLOGOS DISTRITO XIV, de MORÓN"
  },
  {
    "code" : "75067562116493",
    "display" : "Colegio de PSICOLOGOS DISTRITO XV, de SAN ISIDRO"
  },
  {
    "code" : "75060492116592",
    "display" : "Consejo profesional de QUIMICA - DISTRITO AZUL, de AZUL"
  },
  {
    "code" : "75060562116588",
    "display" : "Consejo profesional de QUIMICA - DISTRITO BAHIA BLANCA, de BAHÍA BLANCA"
  },
  {
    "code" : "75062382116590",
    "display" : "Consejo profesional de QUIMICA - DISTRITO DOLORES, de DOLORES"
  },
  {
    "code" : "75063572116587",
    "display" : "Consejo profesional de QUIMICA - DISTRITO MAR DEL PLATA, de GENERAL PUEYRREDÓN"
  },
  {
    "code" : "75065322116589",
    "display" : "Consejo profesional de QUIMICA - DISTRITO MERCEDES, de MERCEDES"
  },
  {
    "code" : "75065882116591",
    "display" : "Consejo profesional de QUIMICA - DISTRITO NUEVE DE JULIO, de 9 DE JULIO"
  },
  {
    "code" : "75068402116586",
    "display" : "Consejo profesional de QUIMICA - DISTRITO SAN ISIDRO, de TRES DE FEBRERO"
  },
  {
    "code" : "75060562116569",
    "display" : "Colegio de TRABAJADORES SOCIALES - BAHIA BLANCA, de BAHÍA BLANCA"
  },
  {
    "code" : "75060492116568",
    "display" : "Colegio de TRABAJADORES SOCIALES - DISTRITO AZUL, de AZUL"
  },
  {
    "code" : "75062382116570",
    "display" : "Colegio de TRABAJADORES SOCIALES - DOLORES, de DOLORES"
  },
  {
    "code" : "75064132116571",
    "display" : "Colegio de TRABAJADORES SOCIALES - JUNIN, de JUNÍN"
  },
  {
    "code" : "75064412116572",
    "display" : "Colegio de TRABAJADORES SOCIALES - LA PLATA, de LA PLATA"
  },
  {
    "code" : "75064902116573",
    "display" : "Colegio de TRABAJADORES SOCIALES - LOMAS DE ZAMORA, de LOMAS DE ZAMORA"
  },
  {
    "code" : "75063572116574",
    "display" : "Colegio de TRABAJADORES SOCIALES - MAR DEL PLATA, de GENERAL PUEYRREDÓN"
  },
  {
    "code" : "75065322116575",
    "display" : "Colegio de TRABAJADORES SOCIALES - MERCEDES, de MERCEDES"
  },
  {
    "code" : "75063642116576",
    "display" : "Colegio de TRABAJADORES SOCIALES - MORENO - GRAL. RODRIGUEZ, de GENERAL RODRÍGUEZ"
  },
  {
    "code" : "75065682116577",
    "display" : "Colegio de TRABAJADORES SOCIALES - MORON, de MORÓN"
  },
  {
    "code" : "75065812116578",
    "display" : "Colegio de TRABAJADORES SOCIALES - NECOCHEA, de NECOCHEA"
  },
  {
    "code" : "75066232116579",
    "display" : "Colegio de TRABAJADORES SOCIALES - PERGAMINO, de PERGAMINO"
  },
  {
    "code" : "75060582116580",
    "display" : "Colegio de TRABAJADORES SOCIALES - QUILMES, de QUILMES"
  },
  {
    "code" : "75067562116581",
    "display" : "Colegio de TRABAJADORES SOCIALES - SAN ISIDRO, de SAN ISIDRO"
  },
  {
    "code" : "75063712116582",
    "display" : "Colegio de TRABAJADORES SOCIALES - SAN MARTIN, de GENERAL SAN MARTÍN"
  },
  {
    "code" : "75067632116583",
    "display" : "Colegio de TRABAJADORES SOCIALES - SAN NICOLAS, de SAN NICOLÁS"
  },
  {
    "code" : "75068262116584",
    "display" : "Colegio de TRABAJADORES SOCIALES - TRENQUE LAUQUEN, de TRENQUE LAUQUEN"
  },
  {
    "code" : "75068822116585",
    "display" : "Colegio de TRABAJADORES SOCIALES - ZARATE - CAMPANA, de ZÁRATE "
  },
  {
    "code" : "75100002124679",
    "display" : "Colegio de ASISTENTES SOCIALES, de Catamarca"
  },
  {
    "code" : "75100492124617",
    "display" : "Colegio de BIOQUIMICOS, de Catamarca"
  },
  {
    "code" : "75100002124684",
    "display" : "COLEGIO MATRICULACION de LICENCIADO ENFERMERÍA de la Provincia de Catamarca"
  },
  {
    "code" : "75100492124606",
    "display" : "Colegio de DIETISTAS Y NUTRICIONISTAS, de Catamarca"
  },
  {
    "code" : "75100492124612",
    "display" : "COLEGIO DE ENFERMERIA, de Catamarca"
  },
  {
    "code" : "75100492124607",
    "display" : "Colegio de FARMACEUTICOS, de Catamarca"
  },
  {
    "code" : "75100492124608",
    "display" : "Colegio de FONOUDIOLOGO, de Catamarca"
  },
  {
    "code" : "75100492124605",
    "display" : "Colegio de KINESIOLOGOS Y FISIOTERAPEUTAS, de Catamarca"
  },
  {
    "code" : "75100492124610",
    "display" : "Colegio de MEDICOS, de Catamarca"
  },
  {
    "code" : "75100492124611",
    "display" : "Colegio de ODONTOLOGOS, de Catamarca"
  },
  {
    "code" : "75100492124609",
    "display" : "Colegio de PSICOLOGOS, de Catamarca"
  },
  {
    "code" : "75221402126940",
    "display" : "Colegio de BIOQUIMICOS, de Chaco"
  },
  {
    "code" : "75221402126939",
    "display" : "Colegio de KINESIOLOGOS, de Chaco"
  },
  {
    "code" : "75221402126937",
    "display" : "Colegio de ODONTOLOGOS, de Chaco"
  },
  {
    "code" : "75221402126938",
    "display" : "Colegio de PSICOLOGOS, de Chaco"
  },
  {
    "code" : "75260772129591",
    "display" : "Colegio de PSICOLOGOS, de Chubut"
  },
  {
    "code" : "75260772129592",
    "display" : "Colegio de PSICOPEDAGOGOS, de Chubut"
  },
  {
    "code" : "75260772129593",
    "display" : "Colegio de TRABAJADORES SOCIALES, de Chubut"
  },
  {
    "code" : "75140142134173",
    "display" : "Colegio de BIOLOGOS, de Córdoba"
  },
  {
    "code" : "75140142134171",
    "display" : "Colegio de BIOQUIMICOS, de Córdoba"
  },
  {
    "code" : "75140142134164",
    "display" : "Colegio de FARMACEUTICOS, de Córdoba"
  },
  {
    "code" : "75140142134168",
    "display" : "Colegio de FONOAUDIOLOGOS, de Córdoba"
  },
  {
    "code" : "75140142134167",
    "display" : "Colegio de KINESIOLOGOS, de Córdoba"
  },
  {
    "code" : "75140142134170",
    "display" : "Colegio de LICENCIADOS EN PRODUCCION DE BIOIMAGENES, de Córdoba"
  },
  {
    "code" : "75140142134162",
    "display" : "Consejo de MEDICOS, de Córdoba"
  },
  {
    "code" : "75140142134169",
    "display" : "Colegio de NUTRICIONISTAS, de Córdoba"
  },
  {
    "code" : "75140142134163",
    "display" : "Colegio de ODONTOLOGOS, de Córdoba"
  },
  {
    "code" : "75140142134165",
    "display" : "Colegio de PSICOLOGOS, de Córdoba"
  },
  {
    "code" : "75140142134166",
    "display" : "Colegio de PSICOPEDAGOGOS, de Córdoba"
  },
  {
    "code" : "75140142134174",
    "display" : "Colegio de TECNICOS OPTICOS, de Córdoba"
  },
  {
    "code" : "75140142134172",
    "display" : "Colegio de TRABAJADORES SOCIALES, de Córdoba"
  },
  {
    "code" : "75300842142723",
    "display" : "Colegio de BIOQUIMICOS, de PARANÁ"
  },
  {
    "code" : "75300002143375",
    "display" : "COLEGIO MATRICULACION de LICENCIADO EN OBSTETRICIA de la Provincia de Entre Ríos"
  },
  {
    "code" : "75300002143361",
    "display" : "Colegio de FARMACÉUTICOS, de Entre Ríos"
  },
  {
    "code" : "75300842142721",
    "display" : "Colegio de FONOAUDIOLOGOS, de PARANÁ"
  },
  {
    "code" : "75300842142719",
    "display" : "COLEGIO DE KINESIOLOGOS, de PARANÁ"
  },
  {
    "code" : "75300002143363",
    "display" : "Colegio de LICENCIADOS EN TERAPIA FÍSICA, de Entre Ríos"
  },
  {
    "code" : "75300842142716",
    "display" : "Colegio de ODONTOLOGOS, de PARANÁ"
  },
  {
    "code" : "75300002143373",
    "display" : "Colegio de PODÓLOGOS, de Entre Ríos"
  },
  {
    "code" : "75300842142717",
    "display" : "Colegio de PSICOLOGOS, de PARANÁ"
  },
  {
    "code" : "75300842142718",
    "display" : "Colegio de PSICOPEDAGOGOS, de PARANÁ"
  },
  {
    "code" : "75300842142725",
    "display" : "Colegio de TECNICOS EN PROTESIS DENTALES, de PARANÁ"
  },
  {
    "code" : "75300842142720",
    "display" : "Colegio de TERAPISTAS OCUPACIONALES, de PARANÁ"
  },
  {
    "code" : "75300842142724",
    "display" : "Colegio de TRABAJADORES SOCIALES, de PARANÁ"
  },
  {
    "code" : "75340002147826",
    "display" : "Colegio de LICENCIADOS EN ASISTENCIA SOCIAL, de Formosa"
  },
  {
    "code" : "75380212150790",
    "display" : "Colegio de BIOQUIMICOS, de Jujuy"
  },
  {
    "code" : "75380212351059",
    "display" : "COLEGIO DE ENFERMEROS de Jujuy"
  },
  {
    "code" : "75380212351062",
    "display" : "COLEGIO DE PROF. Y TEC. SUP. EN PRODUCCION DE BIOIMAGENES de Jujuy"
  },
  {
    "code" : "75380212350538",
    "display" : "CONSEJO DE MEDICOS de Jujuy"
  },
  {
    "code" : "75380212150785",
    "display" : "Consejo de FARMACEUTICOS, de Jujuy"
  },
  {
    "code" : "75380212150788",
    "display" : "Consejo de FONOAUDIOLOGOS, de Jujuy"
  },
  {
    "code" : "75380212150787",
    "display" : "Colegio de KINESIOLOGOS, de Jujuy"
  },
  {
    "code" : "75380212150789",
    "display" : "Colegio de NUTRICIONISTAS, de Jujuy"
  },
  {
    "code" : "75380212150784",
    "display" : "Colegio de ODONTOLOGOS, de Jujuy"
  },
  {
    "code" : "75380212150786",
    "display" : "Colegio de PSICOLOGOS, de Jujuy"
  },
  {
    "code" : "75380212150791",
    "display" : "COLEGIO DE PROFESIONALES DEL SERVICIO SOCIAL, de Jujuy"
  },
  {
    "code" : "75420002154038",
    "display" : "Colegio de FARMACÉUTICOS, de La Pampa"
  },
  {
    "code" : "75420002154039",
    "display" : "Colegio de FONOAUDIÓLOGOS, de La Pampa"
  },
  {
    "code" : "75420002154044",
    "display" : "Colegio de KINESIÓLOGOS, de La Pampa"
  },
  {
    "code" : "75420002154042",
    "display" : "Colegio de LICENCIADOS EN ASISTENCIA SOCIAL, de La Pampa"
  },
  {
    "code" : "75420002154037",
    "display" : "Colegio de LICENCIADOS EN NUTRICIÓN, de La Pampa"
  },
  {
    "code" : "75420002154041",
    "display" : "Colegio de LICENCIADOS EN PSICOLOGÍA, de La Pampa"
  },
  {
    "code" : "75420002154043",
    "display" : "Colegio de LICENCIADOS EN PSICOPEDAGOGÍA, de La Pampa"
  },
  {
    "code" : "75420002154040",
    "display" : "Colegio de MÉDICOS, de La Pampa"
  },
  {
    "code" : "75420002154036",
    "display" : "Colegio de NUTRICIONISTAS, de La Pampa"
  },
  {
    "code" : "75460002155489",
    "display" : "Colegio de ASISTENTES SOCIALES, de La Rioja"
  },
  {
    "code" : "75460142355627",
    "display" : " COLEGIO PROFESIONAL DE ENFERMERIA, de La Rioja"
  },
  {
    "code" : "75460002155493",
    "display" : "Colegio de FARMACÉUTICOS, de La Rioja"
  },
  {
    "code" : "75460002155490",
    "display" : "Colegio de KINESIÓLOGOS, de La Rioja"
  },
  {
    "code" : "75460002155487",
    "display" : "Colegio de LICENCIADOS EN DIAGNÓSTICO POR IMÁGENES, de La Rioja"
  },
  {
    "code" : "75460002155491",
    "display" : "Colegio de LICENCIADOS EN NUTRICIÓN, de La Rioja"
  },
  {
    "code" : "75460002155492",
    "display" : "Colegio de MÉDICOS, de La Rioja"
  },
  {
    "code" : "75460002155496",
    "display" : "Colegio de ODONTÓLOGOS, de La Rioja"
  },
  {
    "code" : "75460002155488",
    "display" : "Colegio de PSICOPEDAGOGOS, de La Rioja"
  },
  {
    "code" : "75460002155495",
    "display" : "Colegio de PSICÓLOGOS, de La Rioja"
  },
  {
    "code" : "75460002155494",
    "display" : "Colegio de TERAPISTAS OCUPACIONALES, de La Rioja"
  },
  {
    "code" : "75500002160187",
    "display" : "Colegio de KINESIÓLOGOS, de Mendoza"
  },
  {
    "code" : "75500002160188",
    "display" : "Colegio de MÉDICOS VETERINARIOS, de Mendoza"
  },
  {
    "code" : "75500072160937",
    "display" : "COLEGIO DE PSICOLOGOS, de Mendoza"
  },
  {
    "code" : "75500002160189",
    "display" : "Colegio de TRABAJADORES SOCIALES, de Mendoza"
  },
  {
    "code" : "75540002165819",
    "display" : "Colegio de AUXILIARES DE ENFERMERÍA, de Misiones"
  },
  {
    "code" : "75540002165813",
    "display" : "Colegio de BIOQUÍMICOS, de Misiones"
  },
  {
    "code" : "75540002165814",
    "display" : "COLEGIO MATRICULACION de ENFERMERO de la Provincia de Misiones"
  },
  {
    "code" : "75540002165807",
    "display" : "COLEGIO MATRICULACION de LICENCIADO ENFERMERÍA de la Provincia de Misiones"
  },
  {
    "code" : "75540002165809",
    "display" : "Colegio de FARMACÉUTICOS, de Misiones"
  },
  {
    "code" : "75540002165821",
    "display" : "Colegio de INSTRUMENTADORES QUIRÚRGICOS, de Misiones"
  },
  {
    "code" : "75540002165812",
    "display" : "Colegio de LICENCIADOS EN FONOAUDIOLOGÍA, de Misiones"
  },
  {
    "code" : "75540002165820",
    "display" : "Colegio de LICENCIADOS EN GENÉTICA, de Misiones"
  },
  {
    "code" : "75540002165825",
    "display" : "Colegio de LICENCIADOS EN KINESIOLOGÍA, de Misiones"
  },
  {
    "code" : "75540002165816",
    "display" : "Colegio de LICENCIADOS EN NUTRICIÓN, de Misiones"
  },
  {
    "code" : "75540002165824",
    "display" : "Colegio de LICENCIADOS EN OBSTETRICIA, de Misiones"
  },
  {
    "code" : "75540002165810",
    "display" : "Colegio de LICENCIADOS EN PSICOLOGÍA, de Misiones"
  },
  {
    "code" : "75540002165811",
    "display" : "Colegio de LICENCIADOS EN PSICOPEDAGOGÍA, de Misiones"
  },
  {
    "code" : "75540002165823",
    "display" : "Colegio de LICENCIADOS EN TERAPIA OCUPACIONAL, de Misiones"
  },
  {
    "code" : "75540002165826",
    "display" : "Colegio de LICENCIADOS EN TRABAJO SOCIAL, de Misiones"
  },
  {
    "code" : "75540002165817",
    "display" : "Colegio de MECÁNICOS DENTALES, de Misiones"
  },
  {
    "code" : "75540282165805",
    "display" : "Colegio de MEDICOS, de Misiones"
  },
  {
    "code" : "75540002165815",
    "display" : "Colegio de MUSICOTERAPEUTAS, de Misiones"
  },
  {
    "code" : "75540002165822",
    "display" : "Colegio de ODONTÓLOGOS, de Misiones"
  },
  {
    "code" : "75540002165808",
    "display" : "Colegio de TÉCNICOS EN ESTIMULACIÓN TEMPRANA, de Misiones"
  },
  {
    "code" : "75540002165818",
    "display" : "Colegio de TÉCNICOS EN ÓPTICA, de Misiones"
  },
  {
    "code" : "75580352367254",
    "display" : "Colegio de PSICOLOGOS, de Neuquén"
  },
  {
    "code" : "75620002170884",
    "display" : "Colegio de ASISTENTES SOCIALES, de Río Negro"
  },
  {
    "code" : "75660002174121",
    "display" : "Colegio de BIOQUÍMICOS, de Salta"
  },
  {
    "code" : "75660002174126",
    "display" : "Colegio de ENFERMEROS, de Salta"
  },
  {
    "code" : "75660283074197",
    "display" : "COLEGIO DE FARMACEUTICOS, de Salta"
  },
  {
    "code" : "75660002174116",
    "display" : "Colegio de KINESIÓLOGOS, de Salta"
  },
  {
    "code" : "75660002174124",
    "display" : "Colegio de LICENCIADOS EN FONOAUDIOLOGÍA, de Salta"
  },
  {
    "code" : "75660002174115",
    "display" : "Colegio de LICENCIADOS ENFERMERÍA, de Salta"
  },
  {
    "code" : "75660282374385",
    "display" : "COLEGIO PROFESIONAL DE LICENCIADOS Y TECNICOS RADIOLOGOS, de Salta"
  },
  {
    "code" : "75660002174122",
    "display" : "Colegio de MECÁNICOS PARA ODONTÓLOGOS, de Salta"
  },
  {
    "code" : "75660002174119",
    "display" : "Colegio de MÉDICOS, de Salta"
  },
  {
    "code" : "75660002174120",
    "display" : "Colegio de NUTRICIONISTAS, de Salta"
  },
  {
    "code" : "75660002174125",
    "display" : "Colegio de ODONTÓLOGOS, de Salta"
  },
  {
    "code" : "75660002174118",
    "display" : "Colegio de PODÓLOGOS, de Salta"
  },
  {
    "code" : "75660002174117",
    "display" : "Colegio de PSICOPEDAGOGOS, de Salta"
  },
  {
    "code" : "75660002174123",
    "display" : "Colegio de PSICÓLOGOS, de Salta"
  },
  {
    "code" : "75660282174392",
    "display" : "COLEGIO DE PROFESIONALES DE TRABAJO SOCIAL Y SERVICIO SOCIAL, de Salta"
  },
  {
    "code" : "75700282177512",
    "display" : "Colegio FISIOKINESICO, de San Juan"
  },
  {
    "code" : "75700282177507",
    "display" : "Colegio de FONOAUDIOLOGOS, de San Juan"
  },
  {
    "code" : "75700002177887",
    "display" : "Colegio de FONOAUDIÓLOGOS, de San Juan"
  },
  {
    "code" : "75700002177884",
    "display" : "Colegio de KINESIÓLOGOS, de San Juan"
  },
  {
    "code" : "75700002177885",
    "display" : "Colegio de LICENCIADOS EN FONOAUDIOLOGÍA, de San Juan"
  },
  {
    "code" : "75700282177511",
    "display" : "Colegio de PSICOLOGOS, de San Juan"
  },
  {
    "code" : "75700282177510",
    "display" : "Colegio de profesionales en SERVICIO SOCIAL, de San Juan"
  },
  {
    "code" : "75700283078066",
    "display" : "CONSEJO DE PROFESIONALES EN TECNOLOGIA EN ALIMENTOS, de San Juan"
  },
  {
    "code" : "75740002180604",
    "display" : "Colegio de FARMACÉUTICOS, de San Luis"
  },
  {
    "code" : "75740002180605",
    "display" : "Colegio de PSICÓLOGOS, de San Luis"
  },
  {
    "code" : "75740002180606",
    "display" : "Colegio de TRABAJADOR SOCIAL, de San Luis"
  },
  {
    "code" : "75780002183362",
    "display" : "Colegio de MÉDICOS, de Santa Cruz"
  },
  {
    "code" : "75780002183363",
    "display" : "Colegio de ODONTÓLOGOS, de Santa Cruz"
  },
  {
    "code" : "75780002183364",
    "display" : "Colegio de PSICÓLOGOS, de Santa Cruz"
  },
  {
    "code" : "75820632388588",
    "display" : "COLEGIO DE BIOQUIMICOS DE SANTA FE PRIMERA CIRCUNSCRIPCION"
  },
  {
    "code" : "75820842388590",
    "display" : "COLEGIO DE BIOQUIMICOS DE SANTA FE SEGUNDA CIRCUNSCRIPCION"
  },
  {
    "code" : "75820632388589",
    "display" : "COLEGIO DE ODONTOLOGOS-PRIMERA CIRCUNSCRIPCION"
  },
  {
    "code" : "75820632186879",
    "display" : "Colegio de ENFERMERIA - PRIMERA CIRCUNSCRIPCION, de Santa Fe"
  },
  {
    "code" : "75820842186880",
    "display" : "Colegio de ENFERMERIA - SEGUNDA CIRCUNSCRIPCION, de Santa Fe"
  },
  {
    "code" : "75820842186683",
    "display" : "Colegio de MEDICOS - PRIMERA CIRCUNSCRIPCION, de Santa Fe"
  },
  {
    "code" : "75820632186684",
    "display" : "Colegio de MEDICOS - SEGUNDA CIRCUNSCRIPCION, de Santa Fe"
  },
  {
    "code" : "75860493093373",
    "display" : "CONSEJO DE BIOQUIMICOS, de Santiago del Estero"
  },
  {
    "code" : "75860493093371",
    "display" : "Colegio de profesionales de ENFERMERIA, de Santiago del Estero"
  },
  {
    "code" : "75860493093376",
    "display" : "Colegio de FARMACEUTICOS, de Santiago del Estero"
  },
  {
    "code" : "75860493093422",
    "display" : "COLEGIO DE FONOAUDIOLOGOS, de Santiago del Estero"
  },
  {
    "code" : "75860493093375",
    "display" : "Colegio de KINESIOLOGOS Y FISIOTERAPEUTAS, de Santiago del Estero"
  },
  {
    "code" : "75860493093348",
    "display" : "Consejo de MEDICOS, de Santiago del Estero"
  },
  {
    "code" : "75860493093425",
    "display" : "COLEGIO DE NUTRICIONISTAS, de Santiago del Estero"
  },
  {
    "code" : "75860493093423",
    "display" : "COLEGIO DE OBSTETRICIA, de Santiago del Estero"
  },
  {
    "code" : "75860493093372",
    "display" : "Colegio de ODONTOLOGOS, de Santiago del Estero"
  },
  {
    "code" : "75860493093374",
    "display" : "Colegio de PSICOLOGOS, de Santiago del Estero"
  },
  {
    "code" : "75860492393433",
    "display" : "COLEGIO DE TRABAJADORES SOCIALES, de Santiago del Estero"
  },
  {
    "code" : "75940142195218",
    "display" : "Colegio público de profesional ENFERMERIA, de Tierra del Fuego"
  },
  {
    "code" : "75940002195215",
    "display" : "Colegio de FARMACÉUTICOS, de Tierra del Fuego"
  },
  {
    "code" : "75900002198205",
    "display" : "Colegio de BIOQUÍMICOS, de Tucumán"
  },
  {
    "code" : "75900002198203",
    "display" : "Colegio de FARMACÉUTICOS, de Tucumán"
  },
  {
    "code" : "75900002198204",
    "display" : "Colegio de ODONTÓLOGOS, de Tucumán"
  },
  {
    "code" : "75900002198206",
    "display" : "Colegio de PSICÓLOGOS, de Tucumán"
  }]
}