{
  "codeSystems" : [
    {
      "url" : "http://recuperocaba.gob.ar/CodeSystem/coberturas-codesystem",
      "version" : "0.1.0",
      "status" : "active",
      "name" : "RecuperoCoberturasCS",
      "title" : "Coberturas para Recupero",
      "description" : "Listado de Coberturas"
    },
    {
      "url" : "http://recuperocaba.gob.ar/CodeSystem/diagnosticos-codesystem",
      "version" : "0.1.0",
      "status" : "active",
      "name" : "RecuperoDiagnosticosCS",
      "title" : "Diagnósticos para Recupero",
      "description" : "Listado de Diagnósticos"
    },
    {
      "url" : "http://recuperocaba.gob.ar/CodeSystem/procedimientos-codesystem",
      "version" : "0.1.0",
      "status" : "active",
      "name" : "RecuperoProcedimientosCS",
      "title" : "Procedimientos para Recupero",
      "description" : "Listado de Procedimientos"
    },
    {
      "url" : "http://recuperocaba.gob.ar/CodeSystem/profesiones-codesystem",
      "version" : "0.1.0",
      "status" : "active",
      "name" : "RecuperoProfesionesCS",
      "title" : "Profesiones Solicitantes para Recupero",
      "description" : "Listado de Profesiones para Solicitantes"
    },
    {
      "url" : "http://recuperocaba.gob.ar/CodeSystem/profesiones-efectores-codesystem",
      "version" : "0.1.0",
      "status" : "active",
      "name" : "RecuperoProfesionesEfectoresCS",
      "title" : "Profesiones Efectores para Recupero",
      "description" : "Listado de Profesiones para Efectores"
    },
    {
      "url" : "http://recuperocaba.gob.ar/CodeSystem/tipos-documento-codesystem",
      "version" : "0.1.0",
      "status" : "draft",
      "name" : "RecuperoTiposDocumentoCS",
      "title" : "Tipos de Documento",
      "description" : "Listado de Tipos de Documento para Personas"
    },
    {
      "url" : "http://recuperocaba.gob.ar/CodeSystem/tipos-matricula-codesystem",
      "version" : "0.1.0",
      "status" : "draft",
      "name" : "RecuperoTiposMatriculaCS",
      "title" : "Tipos de Matricula",
      "description" : "Listado de Entidades certificantes de matriculas para REFEPS Codesystem"
    }
  ]
}
