<?xml version="1.0" encoding="UTF-8"?>

<CodeSystem xmlns="http://hl7.org/fhir">
  <id value="profesiones-efectores-codesystem"/>
  <text>
    <status value="generated"/><div xmlns="http://www.w3.org/1999/xhtml"><p class="res-header-id"><b>Generated Narrative: CodeSystem profesiones-efectores-codesystem</b></p><a name="profesiones-efectores-codesystem"> </a><a name="hcprofesiones-efectores-codesystem"> </a><p>This case-sensitive code system <code>http://recuperocaba.gob.ar/CodeSystem/profesiones-efectores-codesystem</code> defines the following codes:</p><table class="codes"><tr><td style="white-space:nowrap"><b>Code</b></td><td><b>Display</b></td><td><b>Definition</b></td></tr><tr><td style="white-space:nowrap">27<a name="profesiones-efectores-codesystem-27"> </a></td><td>Bioquímico</td><td>Bioquímico</td></tr><tr><td style="white-space:nowrap">28<a name="profesiones-efectores-codesystem-28"> </a></td><td>Licenciado en bioquímica</td><td>Licenciado en bioquímica</td></tr><tr><td style="white-space:nowrap">29<a name="profesiones-efectores-codesystem-29"> </a></td><td>Profesiones de análisis clínicos</td><td>Profesiones de análisis clínicos</td></tr><tr><td style="white-space:nowrap">30<a name="profesiones-efectores-codesystem-30"> </a></td><td>Licenciado en química</td><td>Licenciado en química</td></tr><tr><td style="white-space:nowrap">31<a name="profesiones-efectores-codesystem-31"> </a></td><td>Químico</td><td>Químico</td></tr><tr><td style="white-space:nowrap">32<a name="profesiones-efectores-codesystem-32"> </a></td><td>Licenciado en física-química</td><td>Licenciado en física-química</td></tr><tr><td style="white-space:nowrap">33<a name="profesiones-efectores-codesystem-33"> </a></td><td>Licenciado en química industrial</td><td>Licenciado en química industrial</td></tr><tr><td style="white-space:nowrap">34<a name="profesiones-efectores-codesystem-34"> </a></td><td>Licenciado en análisis clínicos</td><td>Licenciado en análisis clínicos</td></tr><tr><td style="white-space:nowrap">35<a name="profesiones-efectores-codesystem-35"> </a></td><td>Ingeniero químico</td><td>Ingeniero químico</td></tr><tr><td style="white-space:nowrap">41<a name="profesiones-efectores-codesystem-41"> </a></td><td>Licenciado biología</td><td>Licenciado biología</td></tr><tr><td style="white-space:nowrap">42<a name="profesiones-efectores-codesystem-42"> </a></td><td>Biólogo</td><td>Biólogo</td></tr><tr><td style="white-space:nowrap">43<a name="profesiones-efectores-codesystem-43"> </a></td><td>Licenciado biología molecular</td><td>Licenciado biología molecular</td></tr><tr><td style="white-space:nowrap">44<a name="profesiones-efectores-codesystem-44"> </a></td><td>Licenciado microbiología</td><td>Licenciado microbiología</td></tr><tr><td style="white-space:nowrap">45<a name="profesiones-efectores-codesystem-45"> </a></td><td>Microbiólogo</td><td>Microbiólogo</td></tr><tr><td style="white-space:nowrap">46<a name="profesiones-efectores-codesystem-46"> </a></td><td>Bacteriólogo</td><td>Bacteriólogo</td></tr><tr><td style="white-space:nowrap">47<a name="profesiones-efectores-codesystem-47"> </a></td><td>Bacteriólogo clínico industrial</td><td>Bacteriólogo clínico industrial</td></tr><tr><td style="white-space:nowrap">48<a name="profesiones-efectores-codesystem-48"> </a></td><td>Licenciado en genética</td><td>Licenciado en genética</td></tr><tr><td style="white-space:nowrap">49<a name="profesiones-efectores-codesystem-49"> </a></td><td>Bromatólogo</td><td>Bromatólogo</td></tr><tr><td style="white-space:nowrap">50<a name="profesiones-efectores-codesystem-50"> </a></td><td>Licenciado en bromatología</td><td>Licenciado en bromatología</td></tr><tr><td style="white-space:nowrap">51<a name="profesiones-efectores-codesystem-51"> </a></td><td>Licenciado en tecnología y alimentos</td><td>Licenciado en tecnología y alimentos</td></tr></table></div>
  </text>
  <url value="http://recuperocaba.gob.ar/CodeSystem/profesiones-efectores-codesystem"/>
  <version value="0.1.0"/>
  <name value="RecuperoProfesionesEfectoresCS"/>
  <title value="Profesiones Efectores para Recupero"/>
  <status value="active"/>
  <experimental value="false"/>
  <date value="2025-07-14T16:52:57-03:00"/>
  <publisher value="HL7 Argentina"/>
  <contact>
    <name value="HL7 Argentina"/>
    <telecom>
      <system value="url"/>
      <value value="http://hl7.org.ar"/>
    </telecom>
    <telecom>
      <system value="email"/>
      <value value="info@hl7.org.ar"/>
    </telecom>
  </contact>
  <description value="Listado de Profesiones para Efectores"/>
  <caseSensitive value="true"/>
  <content value="complete"/>
  <count value="20"/>
  <concept>
    <code value="27"/>
    <display value="Bioquímico"/>
    <definition value="Bioquímico"/>
  </concept>
  <concept>
    <code value="28"/>
    <display value="Licenciado en bioquímica"/>
    <definition value="Licenciado en bioquímica"/>
  </concept>
  <concept>
    <code value="29"/>
    <display value="Profesiones de análisis clínicos"/>
    <definition value="Profesiones de análisis clínicos"/>
  </concept>
  <concept>
    <code value="30"/>
    <display value="Licenciado en química"/>
    <definition value="Licenciado en química"/>
  </concept>
  <concept>
    <code value="31"/>
    <display value="Químico"/>
    <definition value="Químico"/>
  </concept>
  <concept>
    <code value="32"/>
    <display value="Licenciado en física-química"/>
    <definition value="Licenciado en física-química"/>
  </concept>
  <concept>
    <code value="33"/>
    <display value="Licenciado en química industrial"/>
    <definition value="Licenciado en química industrial"/>
  </concept>
  <concept>
    <code value="34"/>
    <display value="Licenciado en análisis clínicos"/>
    <definition value="Licenciado en análisis clínicos"/>
  </concept>
  <concept>
    <code value="35"/>
    <display value="Ingeniero químico"/>
    <definition value="Ingeniero químico"/>
  </concept>
  <concept>
    <code value="41"/>
    <display value="Licenciado biología"/>
    <definition value="Licenciado biología"/>
  </concept>
  <concept>
    <code value="42"/>
    <display value="Biólogo"/>
    <definition value="Biólogo"/>
  </concept>
  <concept>
    <code value="43"/>
    <display value="Licenciado biología molecular"/>
    <definition value="Licenciado biología molecular"/>
  </concept>
  <concept>
    <code value="44"/>
    <display value="Licenciado microbiología"/>
    <definition value="Licenciado microbiología"/>
  </concept>
  <concept>
    <code value="45"/>
    <display value="Microbiólogo"/>
    <definition value="Microbiólogo"/>
  </concept>
  <concept>
    <code value="46"/>
    <display value="Bacteriólogo"/>
    <definition value="Bacteriólogo"/>
  </concept>
  <concept>
    <code value="47"/>
    <display value="Bacteriólogo clínico industrial"/>
    <definition value="Bacteriólogo clínico industrial"/>
  </concept>
  <concept>
    <code value="48"/>
    <display value="Licenciado en genética"/>
    <definition value="Licenciado en genética"/>
  </concept>
  <concept>
    <code value="49"/>
    <display value="Bromatólogo"/>
    <definition value="Bromatólogo"/>
  </concept>
  <concept>
    <code value="50"/>
    <display value="Licenciado en bromatología"/>
    <definition value="Licenciado en bromatología"/>
  </concept>
  <concept>
    <code value="51"/>
    <display value="Licenciado en tecnología y alimentos"/>
    <definition value="Licenciado en tecnología y alimentos"/>
  </concept>
</CodeSystem>