{
  "resourceType" : "Encounter",
  "id" : "RecuperoCABAEncounterEjemplo",
  "meta" : {
    "profile" : ["http://recuperocaba.gob.ar/StructureDefinition/EncounterCabaRecupero"]
  },
  "text" : {
    "status" : "generated",
    "div" : "<div xmlns=\"http://www.w3.org/1999/xhtml\"><p class=\"res-header-id\"><b>Generated Narrative: Encounter RecuperoCABAEncounterEjemplo</b></p><a name=\"RecuperoCABAEncounterEjemplo\"> </a><a name=\"hcRecuperoCABAEncounterEjemplo\"> </a><div style=\"display: inline-block; background-color: #d9e0e7; padding: 6px; margin: 4px; border: 1px solid #8da1b4; border-radius: 5px; line-height: 60%\"><p style=\"margin-bottom: 0px\"/><p style=\"margin-bottom: 0px\">Profile: <a href=\"StructureDefinition-EncounterCabaRecupero.html\">Encuentro para Recupero CABA</a></p></div><p><b>identifier</b>: <code>http://hospital1.gob.ar/episodios</code>/130145562</p><p><b>status</b>: Unknown</p><p><b>class</b>: <a href=\"http://terminology.hl7.org/6.5.0/CodeSystem-v3-ActCode.html#v3-ActCode-AMB\">ActCode AMB</a>: ambulatory</p><p><b>type</b>: <span title=\"Codes:\">Immunología</span></p><p><b>subject</b>: <a href=\"Bundle-RecuperoCABABundleEjemplo.html#urn-uuid-de45db8b-8e3f-404e-a7af-910a289eeb8c\">Bundle: identifier = http://hospital1.gob.ar/recuperos#1234567890; type = collection; timestamp = 2025-03-13 07:19:12-0300</a></p></div>"
  },
  "identifier" : [{
    "system" : "http://hospital1.gob.ar/episodios",
    "value" : "130145562"
  }],
  "status" : "unknown",
  "class" : {
    "system" : "http://terminology.hl7.org/CodeSystem/v3-ActCode",
    "code" : "AMB",
    "display" : "ambulatory"
  },
  "type" : [{
    "text" : "Immunología"
  }],
  "subject" : {
    "reference" : "urn:uuid:de45db8b-8e3f-404e-a7af-910a289eeb8c"
  }
}