{
  "resourceType" : "NamingSystem",
  "id" : "renaper-dni",
  "text" : {
    "status" : "generated",
    "div" : "<div xmlns=\"http://www.w3.org/1999/xhtml\"><p class=\"res-header-id\"><b>Generated Narrative: NamingSystem renaper-dni</b></p><a name=\"renaper-dni\"> </a><a name=\"hcrenaper-dni\"> </a><h3>Summary</h3><table class=\"grid\"><tr><td>Defining URL</td><td>http://recuperocaba.gob.ar/NamingSystem/renaper-dni</td></tr><tr><td>Version</td><td>0.1.0</td></tr><tr><td>Name</td><td>RenaperDNI</td></tr><tr><td>Status</td><td>active</td></tr><tr><td>Definition</td><td><div><p>This NamingSystem defines the official identification document issued by RENAPER in Argentina, the Documento Nacional de Identidad (DNI).</p>\n</div></td></tr><tr><td>Publisher</td><td>HL7 Argentina</td></tr></table><h3>Identifiers</h3><table class=\"grid\"><tr><td><b>Type</b></td><td><b>Value</b></td><td><b>Preferred</b></td></tr><tr><td>URI</td><td>http://renaper.gob.ar/dni</td><td>true</td></tr></table></div>"
  },
  "extension" : [{
    "url" : "http://hl7.org/fhir/5.0/StructureDefinition/extension-NamingSystem.url",
    "valueUri" : "http://recuperocaba.gob.ar/NamingSystem/renaper-dni"
  },
  {
    "url" : "http://hl7.org/fhir/5.0/StructureDefinition/extension-NamingSystem.version",
    "valueString" : "0.1.0"
  }],
  "name" : "RenaperDNI",
  "status" : "active",
  "kind" : "identifier",
  "date" : "2025-07-01",
  "publisher" : "HL7 Argentina",
  "contact" : [{
    "name" : "HL7 Argentina",
    "telecom" : [{
      "system" : "url",
      "value" : "http://hl7.org.ar"
    },
    {
      "system" : "email",
      "value" : "info@hl7.org.ar"
    }]
  }],
  "description" : "This NamingSystem defines the official identification document issued by RENAPER in Argentina, the Documento Nacional de Identidad (DNI).",
  "uniqueId" : [{
    "type" : "uri",
    "value" : "http://renaper.gob.ar/dni",
    "preferred" : true
  }]
}