<?xml version="1.0" encoding="UTF-8"?>

<NamingSystem xmlns="http://hl7.org/fhir">
  <id value="renaper-dni"/>
  <text>
    <status value="generated"/><div xmlns="http://www.w3.org/1999/xhtml"><p class="res-header-id"><b>Generated Narrative: NamingSystem renaper-dni</b></p><a name="renaper-dni"> </a><a name="hcrenaper-dni"> </a><h3>Summary</h3><table class="grid"><tr><td>Defining URL</td><td>http://recuperocaba.gob.ar/NamingSystem/renaper-dni</td></tr><tr><td>Version</td><td>0.1.0</td></tr><tr><td>Name</td><td>RenaperDNI</td></tr><tr><td>Status</td><td>active</td></tr><tr><td>Definition</td><td><div><p>This NamingSystem defines the official identification document issued by RENAPER in Argentina, the Documento Nacional de Identidad (DNI).</p>
</div></td></tr><tr><td>Publisher</td><td>HL7 Argentina</td></tr></table><h3>Identifiers</h3><table class="grid"><tr><td><b>Type</b></td><td><b>Value</b></td><td><b>Preferred</b></td></tr><tr><td>URI</td><td>http://renaper.gob.ar/dni</td><td>true</td></tr></table></div>
  </text>
  <extension url="http://hl7.org/fhir/5.0/StructureDefinition/extension-NamingSystem.url">
    <valueUri value="http://recuperocaba.gob.ar/NamingSystem/renaper-dni"/>
  </extension>
  <extension url="http://hl7.org/fhir/5.0/StructureDefinition/extension-NamingSystem.version">
    <valueString value="0.1.0"/>
  </extension>
  <name value="RenaperDNI"/>
  <status value="active"/>
  <kind value="identifier"/>
  <date value="2025-07-01"/>
  <publisher value="HL7 Argentina"/>
  <contact>
    <name value="HL7 Argentina"/>
    <telecom>
      <system value="url"/>
      <value value="http://hl7.org.ar"/>
    </telecom>
    <telecom>
      <system value="email"/>
      <value value="info@hl7.org.ar"/>
    </telecom>
  </contact>
  <description value="This NamingSystem defines the official identification document issued by RENAPER in Argentina, the Documento Nacional de Identidad (DNI)."/>
  <uniqueId>
    <type value="uri"/>
    <value value="http://renaper.gob.ar/dni"/>
    <preferred value="true"/>
  </uniqueId>
</NamingSystem>