{
  "resourceType" : "Patient",
  "id" : "RecuperoCABAPacienteEjemplo",
  "meta" : {
    "profile" : ["http://recuperocaba.gob.ar/StructureDefinition/PatientCabaRecupero"]
  },
  "text" : {
    "status" : "generated",
    "div" : "<div xmlns=\"http://www.w3.org/1999/xhtml\"><p class=\"res-header-id\"><b>Generated Narrative: Patient RecuperoCABAPacienteEjemplo</b></p><a name=\"RecuperoCABAPacienteEjemplo\"> </a><a name=\"hcRecuperoCABAPacienteEjemplo\"> </a><div style=\"display: inline-block; background-color: #d9e0e7; padding: 6px; margin: 4px; border: 1px solid #8da1b4; border-radius: 5px; line-height: 60%\"><p style=\"margin-bottom: 0px\"/><p style=\"margin-bottom: 0px\">Profile: <a href=\"StructureDefinition-PatientCabaRecupero.html\">Paciente para Recupero CABA</a></p></div><p style=\"border: 1px #661aff solid; background-color: #e6e6ff; padding: 10px;\">BELU  Female, DoB: 1990-01-01 ( http://hospital1.gob.ar/pacientes#7699001\u00a0(use:\u00a0usual,\u00a0))</p><hr/><table class=\"grid\"><tr><td style=\"background-color: #f3f5da\" title=\"Other Id (see the one above)\">Other Id:</td><td colspan=\"3\"><a href=\"NamingSystem-renaper-dni.html\" title=\"This NamingSystem defines the official identification document issued by RENAPER in Argentina, the Documento Nacional de Identidad (DNI).\">RenaperDNI</a>/99990001\u00a0(use:\u00a0official,\u00a0)</td></tr><tr><td style=\"background-color: #f3f5da\" title=\"Alternate names (see the one above)\">Alt. Name:</td><td colspan=\"3\">FLORENCIA BELEN PRUEBAPA PRUEBAMA (Official)</td></tr></table></div>"
  },
  "identifier" : [{
    "use" : "usual",
    "system" : "http://hospital1.gob.ar/pacientes",
    "value" : "7699001"
  },
  {
    "use" : "official",
    "system" : "http://renaper.gob.ar/dni",
    "value" : "99990001"
  }],
  "name" : [{
    "use" : "official",
    "family" : "PRUEBAPA PRUEBAMA",
    "_family" : {
      "extension" : [{
        "url" : "http://recuperocaba.gob.ar/StructureDefinition/ExtensionFathersFamilyName",
        "valueString" : "PRUEBAPA"
      },
      {
        "url" : "http://recuperocaba.gob.ar/StructureDefinition/ExtensionMothersFamilyName",
        "valueString" : "PRUEBAMA"
      }]
    },
    "given" : ["FLORENCIA",
    "BELEN"]
  },
  {
    "use" : "usual",
    "given" : ["BELU"]
  }],
  "gender" : "female",
  "birthDate" : "1990-01-01"
}