<?xml version="1.0" encoding="UTF-8"?>

<Patient xmlns="http://hl7.org/fhir">
  <id value="RecuperoCABAPacienteEjemplo"/>
  <meta>
    <profile value="http://recuperocaba.gob.ar/StructureDefinition/PatientCabaRecupero"/>
  </meta>
  <text>
    <status value="generated"/><div xmlns="http://www.w3.org/1999/xhtml"><p class="res-header-id"><b>Generated Narrative: Patient RecuperoCABAPacienteEjemplo</b></p><a name="RecuperoCABAPacienteEjemplo"> </a><a name="hcRecuperoCABAPacienteEjemplo"> </a><div style="display: inline-block; background-color: #d9e0e7; padding: 6px; margin: 4px; border: 1px solid #8da1b4; border-radius: 5px; line-height: 60%"><p style="margin-bottom: 0px"/><p style="margin-bottom: 0px">Profile: <a href="StructureDefinition-PatientCabaRecupero.html">Paciente para Recupero CABA</a></p></div><p style="border: 1px #661aff solid; background-color: #e6e6ff; padding: 10px;">BELU  Female, DoB: 1990-01-01 ( http://hospital1.gob.ar/pacientes#7699001 (use: usual, ))</p><hr/><table class="grid"><tr><td style="background-color: #f3f5da" title="Other Id (see the one above)">Other Id:</td><td colspan="3"><a href="NamingSystem-renaper-dni.html" title="This NamingSystem defines the official identification document issued by RENAPER in Argentina, the Documento Nacional de Identidad (DNI).">RenaperDNI</a>/99990001 (use: official, )</td></tr><tr><td style="background-color: #f3f5da" title="Alternate names (see the one above)">Alt. Name:</td><td colspan="3">FLORENCIA BELEN PRUEBAPA PRUEBAMA (Official)</td></tr></table></div>
  </text>
  <identifier>
    <use value="usual"/>
    <system value="http://hospital1.gob.ar/pacientes"/>
    <value value="7699001"/>
  </identifier>
  <identifier>
    <use value="official"/>
    <system value="http://renaper.gob.ar/dni"/>
    <value value="99990001"/>
  </identifier>
  <name>
    <use value="official"/>
    <family value="PRUEBAPA PRUEBAMA">
      <extension url="http://recuperocaba.gob.ar/StructureDefinition/ExtensionFathersFamilyName">
        <valueString value="PRUEBAPA"/>
      </extension>
      <extension url="http://recuperocaba.gob.ar/StructureDefinition/ExtensionMothersFamilyName">
        <valueString value="PRUEBAMA"/>
      </extension>
    </family>
    <given value="FLORENCIA"/>
    <given value="BELEN"/>
  </name>
  <name>
    <use value="usual"/>
    <given value="BELU"/>
  </name>
  <gender value="female"/>
  <birthDate value="1990-01-01"/>
</Patient>