<?xml version="1.0" encoding="UTF-8"?>

<Practitioner xmlns="http://hl7.org/fhir">
  <id value="RecuperoCABAProfesionalSolicitanteEjemplo"/>
  <meta>
    <profile value="http://recuperocaba.gob.ar/StructureDefinition/PractitionerCabaSolicitanteRecupero"/>
  </meta>
  <text>
    <status value="generated"/><div xmlns="http://www.w3.org/1999/xhtml"><p class="res-header-id"><b>Generated Narrative: Practitioner RecuperoCABAProfesionalSolicitanteEjemplo</b></p><a name="RecuperoCABAProfesionalSolicitanteEjemplo"> </a><a name="hcRecuperoCABAProfesionalSolicitanteEjemplo"> </a><div style="display: inline-block; background-color: #d9e0e7; padding: 6px; margin: 4px; border: 1px solid #8da1b4; border-radius: 5px; line-height: 60%"><p style="margin-bottom: 0px"/><p style="margin-bottom: 0px">Profile: <a href="StructureDefinition-PractitionerCabaSolicitanteRecupero.html">Practitioner Solicitante para Recupero CABA</a></p></div><p><b>identifier</b>: <code>http://recuperocaba.gob.ar/CodeSystem/recupero-tipos-matricula/10006441714000</code>/16772</p><p><b>name</b>: CARRERA VALERIA</p><h3>Qualifications</h3><table class="grid"><tr><td style="display: none">-</td><td><b>Code</b></td></tr><tr><td style="display: none">*</td><td><span title="Codes:{http://recuperocaba.gob.ar/CodeSystem/profesiones-codesystem 1}">Médico</span></td></tr></table></div>
  </text>
  <identifier>
    <system value="http://recuperocaba.gob.ar/CodeSystem/recupero-tipos-matricula/10006441714000"/>
    <value value="16772"/>
  </identifier>
  <name>
    <text value="CARRERA VALERIA"/>
  </name>
  <qualification>
    <code>
      <coding>
        <system value="http://recuperocaba.gob.ar/CodeSystem/profesiones-codesystem"/>
        <code value="1"/>
        <display value="Médico"/>
      </coding>
    </code>
  </qualification>
</Practitioner>