"Id","Path","Slice Name","Alias(s)","Label","Min","Max","Must Support?","Is Modifier?","Is Summary?","Type(s)","Short","Definition","Comments","Requirements","Default Value","Meaning When Missing","Fixed Value","Pattern","Example","Minimum Value","Maximum Value","Maximum Length","Binding Strength","Binding Description","Binding Value Set","Code","Slicing Discriminator","Slicing Description","Slicing Ordered","Slicing Rules","Base Path","Base Min","Base Max","Condition(s)","Constraint(s)"
"RecuperoLaboratorioPrestacion","RecuperoLaboratorioPrestacion","","","",0,*,"","","","null {[]} {[]}
","RecuperoLaboratorioPrestacion","Representa un único servicio o procedimiento","","","","","","","","","",,,,,"",,,,"Base",0,*,"",""
"RecuperoLaboratorioPrestacion.codPrestacion","RecuperoLaboratorioPrestacion.codPrestacion","","","",1,1,"","","","string {[]} {[]}
","Identificador de la prestación/procedimiento","Identificador de la prestación/procedimiento","","","","","","","","","",,,,,"",,,,"RecuperoLaboratorioPrestacion.codPrestacion",1,1,"",""
"RecuperoLaboratorioPrestacion.desPrestacion","RecuperoLaboratorioPrestacion.desPrestacion","","","",1,1,"","","","string {[]} {[]}
","Descripción de la prestación/procedimiento","Descripción de la prestación/procedimiento","","","","","","","","","",,,,,"",,,,"RecuperoLaboratorioPrestacion.desPrestacion",1,1,"",""
"RecuperoLaboratorioPrestacion.codSnomed","RecuperoLaboratorioPrestacion.codSnomed","","","",0,1,"","","","string {[]} {[]}
","Identificador SNOMED CT para la prestación/procedimiento","Identificador SNOMED CT para la prestación/procedimiento","","","","","","","","","",,,,,"",,,,"RecuperoLaboratorioPrestacion.codSnomed",0,1,"",""
"RecuperoLaboratorioPrestacion.desPrestacionSnomed","RecuperoLaboratorioPrestacion.desPrestacionSnomed","","","",0,1,"","","","string {[]} {[]}
","Descripción SNOMED CT para la prestación/procedimiento","Descripción SNOMED CT para la prestación/procedimiento","","","","","","","","","",,,,,"",,,,"RecuperoLaboratorioPrestacion.desPrestacionSnomed",0,1,"",""
