{
  "package": "recupero-caba",
  "version": "0.1.0",
  "fhirVersion": "4.0.1",
  "extensions": [
    {
      "url": "http://recuperocaba.gob.ar/StructureDefinition/ExtensionFathersFamilyName",
      "title": "Extension: FathersFamilyName",
      "types": [
        "string"
      ]
    },
    {
      "url": "http://recuperocaba.gob.ar/StructureDefinition/ExtensionMothersFamilyName",
      "title": "Extension: MothersFamilyName",
      "types": [
        "string"
      ]
    }
  ],
  "profiles": {
    "Bundle": [
      {
        "url": "http://recuperocaba.gob.ar/StructureDefinition/BundleCabaRecupero",
        "title": "Bundle Recupero Para CABA"
      }
    ],
    "Claim": [
      {
        "url": "http://recuperocaba.gob.ar/StructureDefinition/ClaimCabaRecupero",
        "title": "Claim Recupero Para CABA"
      }
    ],
    "DocumentReference": [
      {
        "url": "http://recuperocaba.gob.ar/StructureDefinition/DocumentReferenceCabaRecupero",
        "title": "DocumentReference Recupero Para CABA"
      }
    ],
    "Encounter": [
      {
        "url": "http://recuperocaba.gob.ar/StructureDefinition/EncounterCabaRecupero",
        "title": "Encuentro para Recupero CABA"
      }
    ],
    "Patient": [
      {
        "url": "http://recuperocaba.gob.ar/StructureDefinition/PatientCabaRecupero",
        "title": "Paciente para Recupero CABA"
      }
    ],
    "Practitioner": [
      {
        "url": "http://recuperocaba.gob.ar/StructureDefinition/PractitionerCabaRecupero",
        "title": "Practitioner para Recupero CABA"
      }
    ],
    "ServiceRequest": [
      {
        "url": "http://recuperocaba.gob.ar/StructureDefinition/ServiceRequestCabaRecupero",
        "title": "ServiceRequest para Recupero CABA"
      }
    ]
  },
  "usage": {
    "http://hl7.org/fhir/StructureDefinition/elementdefinition-bestpractice": [
      "StructureDefinition.snapshot.element.constraint"
    ],
    "http://hl7.org/fhir/StructureDefinition/elementdefinition-bestpractice-explanation": [
      "StructureDefinition.snapshot.element.constraint"
    ],
    "http://hl7.org/fhir/StructureDefinition/elementdefinition-bindingName": [
      "StructureDefinition.snapshot.element.binding"
    ],
    "http://hl7.org/fhir/StructureDefinition/elementdefinition-maxValueSet": [
      "StructureDefinition.snapshot.element.binding"
    ],
    "http://hl7.org/fhir/StructureDefinition/elementdefinition-translatable": [
      "StructureDefinition.snapshot.element"
    ],
    "http://hl7.org/fhir/StructureDefinition/regex": [
      "StructureDefinition.snapshot.element.type"
    ],
    "http://hl7.org/fhir/StructureDefinition/structuredefinition-fhir-type": [
      "StructureDefinition.snapshot.element.type"
    ],
    "http://hl7.org/fhir/StructureDefinition/structuredefinition-hierarchy": [
      "StructureDefinition.snapshot.element.type"
    ],
    "http://hl7.org/fhir/tools/StructureDefinition/ig-internal-dependency": [
      "ImplementationGuide.definition"
    ],
    "http://hl7.org/fhir/tools/StructureDefinition/ig-page-name": [
      "ImplementationGuide.definition.page",
      "ImplementationGuide.definition.page.page"
    ],
    "http://hl7.org/fhir/tools/StructureDefinition/ig-parameter": [
      "ImplementationGuide.definition"
    ],
    "http://hl7.org/fhir/tools/StructureDefinition/implementationguide-dependency-comment": [
      "ImplementationGuide.dependsOn"
    ],
    "http://hl7.org/fhir/tools/StructureDefinition/resource-information": [
      "ImplementationGuide.definition.resource"
    ],
    "http://hl7.org/fhir/tools/StructureDefinition/snapshot-base-version": [
      "StructureDefinition.snapshot"
    ],
    "http://recuperocaba.gob.ar/StructureDefinition/ExtensionFathersFamilyName": [
      "Bundle.entry.resource.name.family",
      "Patient.name.family"
    ],
    "http://recuperocaba.gob.ar/StructureDefinition/ExtensionMothersFamilyName": [
      "Bundle.entry.resource.name.family",
      "Patient.name.family"
    ]
  }
}