{
  "resourceType" : "ValueSet",
  "id" : "recuperoprofesionesefectores-valueset",
  "text" : {
    "status" : "generated",
    "div" : "<div xmlns=\"http://www.w3.org/1999/xhtml\"><p class=\"res-header-id\"><b>Generated Narrative: ValueSet recuperoprofesionesefectores-valueset</b></p><a name=\"recuperoprofesionesefectores-valueset\"> </a><a name=\"hcrecuperoprofesionesefectores-valueset\"> </a><ul><li>Include all codes defined in <a href=\"CodeSystem-profesiones-efectores-codesystem.html\"><code>http://recuperocaba.gob.ar/CodeSystem/profesiones-efectores-codesystem</code></a></li></ul></div>"
  },
  "url" : "http://recuperocaba.gob.ar/ValueSet/recuperoprofesionesefectores-valueset",
  "version" : "0.1.0",
  "name" : "RecuperoProfesionesEfectoresVS",
  "title" : "Recupero Profesiones Efectores ValueSet",
  "status" : "active",
  "experimental" : false,
  "date" : "2025-07-14T12:58:17-03:00",
  "publisher" : "HL7 Argentina",
  "contact" : [{
    "name" : "HL7 Argentina",
    "telecom" : [{
      "system" : "url",
      "value" : "http://hl7.org.ar"
    },
    {
      "system" : "email",
      "value" : "info@hl7.org.ar"
    }]
  }],
  "description" : "ValueSet que incluye todos los códigos del sistema recupero profesiones efectores",
  "compose" : {
    "include" : [{
      "system" : "http://recuperocaba.gob.ar/CodeSystem/profesiones-efectores-codesystem"
    }]
  }
}