{
  "codeSystems" : [
    {
      "url" : "http://hl7.org/fhir/ValueSet/administrative-gender",
      "version" : "4.0.1",
      "status" : "active",
      "name" : "AdministrativeGender",
      "title" : "AdministrativeGender",
      "description" : "The gender of a person used for administrative purposes.",
      "systems" : ["http://hl7.org/fhir/administrative-gender"],
      "oids" : ["2.16.840.1.113883.4.642.3.1"],
      "sources" : ["2.16.840.1.113883.4.642.3.1"],
      "uses" : {
      },
      "StructureDefinition-PatientCabaRecupero.html" : "Paciente para Recupero CABA"
    },
    {
      "url" : "http://recuperocaba.gob.ar/ValueSet/recuperocoberturas-valueset",
      "version" : "0.1.0",
      "status" : "active",
      "name" : "RecuperoCoberturasVS",
      "title" : "Recupero Coberturas ValueSet",
      "description" : "ValueSet que incluye todos los códigos del sistema recupero coberturas",
      "systems" : [
        "http://recuperocaba.gob.ar/CodeSystem/coberturas-codesystem"
      ]
    },
    {
      "url" : "http://recuperocaba.gob.ar/ValueSet/recuperodiagnosticos-valueset",
      "version" : "0.1.0",
      "status" : "active",
      "name" : "RecuperoDiagnosticosVS",
      "title" : "Recupero Diagnosticos ValueSet",
      "description" : "ValueSet que incluye todos los códigos del sistema recupero diagnosticos",
      "systems" : [
        "http://recuperocaba.gob.ar/CodeSystem/diagnosticos-codesystem"
      ],
      "uses" : {
      },
      "StructureDefinition-ClaimCabaRecupero.html" : "Claim Recupero Para CABA"
    },
    {
      "url" : "http://recuperocaba.gob.ar/ValueSet/recuperoprocedimientos-valueset",
      "version" : "0.1.0",
      "status" : "active",
      "name" : "RecuperoProcedimientosVS",
      "title" : "Recupero Procedimientos ValueSet",
      "description" : "ValueSet que incluye todos los códigos del sistema recupero procedimientos",
      "systems" : [
        "http://recuperocaba.gob.ar/CodeSystem/procedimientos-codesystem"
      ],
      "uses" : {
      },
      "StructureDefinition-ClaimCabaRecupero.html" : "Claim Recupero Para CABA"
    },
    {
      "url" : "http://recuperocaba.gob.ar/ValueSet/recuperoprofesiones-valueset",
      "version" : "0.1.0",
      "status" : "active",
      "name" : "RecuperoProfesionesVS",
      "title" : "Recupero Profesiones ValueSet",
      "description" : "ValueSet que incluye todos los códigos del sistema recupero profesiones",
      "systems" : [
        "http://recuperocaba.gob.ar/CodeSystem/profesiones-codesystem"
      ],
      "uses" : {
      },
      "StructureDefinition-PractitionerCabaRecupero.html" : "Practitioner para Recupero CABA"
    },
    {
      "url" : "http://recuperocaba.gob.ar/ValueSet/recuperotiposdocumento-valueset",
      "version" : "0.1.0",
      "status" : "active",
      "name" : "RecuperoTiposDocumentoVS",
      "title" : "Recupero TiposDocumento ValueSet",
      "description" : "ValueSet que incluye todos los códigos del sistema recupero tiposdocumento",
      "systems" : [
        "http://recuperocaba.gob.ar/CodeSystem/tipos-documento-codesystem"
      ]
    },
    {
      "url" : "http://recuperocaba.gob.ar/ValueSet/recuperotiposmatricula-valueset",
      "version" : "0.1.0",
      "status" : "active",
      "name" : "RecuperoTiposMatriculaVS",
      "title" : "Recupero TiposMatricula ValueSet",
      "description" : "ValueSet que incluye todos los códigos del sistema recupero tiposmatricula",
      "systems" : [
        "http://recuperocaba.gob.ar/CodeSystem/tipos-matricula-codesystem"
      ]
    },
    {
      "url" : "http://terminology.hl7.org/ValueSet/v3-ActEncounterCode",
      "version" : "3.0.0",
      "status" : "active",
      "name" : "ActEncounterCode",
      "title" : "ActEncounterCode",
      "description" : "Domain provides codes that qualify the ActEncounterClass (ENC)",
      "systems" : ["http://terminology.hl7.org/CodeSystem/v3-ActCode"],
      "oids" : ["2.16.840.1.113883.1.11.13955"],
      "sources" : ["2.16.840.1.113883.1.11.13955"],
      "uses" : {
      },
      "StructureDefinition-EncounterCabaRecupero.html" : "Encuentro para Recupero CABA"
    }
  ]
}
