{
  "resourceType" : "ValueSet",
  "id" : "recuperodiagnosticos-valueset",
  "text" : {
    "status" : "generated",
    "div" : "<div xmlns=\"http://www.w3.org/1999/xhtml\"><p class=\"res-header-id\"><b>Generated Narrative: ValueSet recuperodiagnosticos-valueset</b></p><a name=\"recuperodiagnosticos-valueset\"> </a><a name=\"hcrecuperodiagnosticos-valueset\"> </a><ul><li>Include all codes defined in <a href=\"CodeSystem-diagnosticos-codesystem.html\"><code>http://recuperocaba.gob.ar/CodeSystem/diagnosticos-codesystem</code></a></li></ul></div>"
  },
  "url" : "http://recuperocaba.gob.ar/ValueSet/recuperodiagnosticos-valueset",
  "version" : "0.1.0",
  "name" : "RecuperoDiagnosticosVS",
  "title" : "Recupero Diagnosticos ValueSet",
  "status" : "active",
  "experimental" : false,
  "date" : "2025-07-12T17:02:17-03:00",
  "publisher" : "HL7 Argentina",
  "contact" : [{
    "name" : "HL7 Argentina",
    "telecom" : [{
      "system" : "url",
      "value" : "http://hl7.org.ar"
    },
    {
      "system" : "email",
      "value" : "info@hl7.org.ar"
    }]
  }],
  "description" : "ValueSet que incluye todos los códigos del sistema recupero diagnosticos",
  "compose" : {
    "include" : [{
      "system" : "http://recuperocaba.gob.ar/CodeSystem/diagnosticos-codesystem"
    }]
  }
}