<?xml version="1.0" encoding="UTF-8"?>

<ValueSet xmlns="http://hl7.org/fhir">
  <id value="recuperotiposmatricula-valueset"/>
  <text>
    <status value="generated"/><div xmlns="http://www.w3.org/1999/xhtml"><p class="res-header-id"><b>Generated Narrative: ValueSet recuperotiposmatricula-valueset</b></p><a name="recuperotiposmatricula-valueset"> </a><a name="hcrecuperotiposmatricula-valueset"> </a><ul><li>Include all codes defined in <a href="CodeSystem-tipos-matricula-codesystem.html"><code>http://recuperocaba.gob.ar/CodeSystem/tipos-matricula-codesystem</code></a></li></ul></div>
  </text>
  <url value="http://recuperocaba.gob.ar/ValueSet/recuperotiposmatricula-valueset"/>
  <version value="0.1.0"/>
  <name value="RecuperoTiposMatriculaVS"/>
  <title value="Recupero TiposMatricula ValueSet"/>
  <status value="active"/>
  <experimental value="false"/>
  <date value="2025-07-12T17:02:17-03:00"/>
  <publisher value="HL7 Argentina"/>
  <contact>
    <name value="HL7 Argentina"/>
    <telecom>
      <system value="url"/>
      <value value="http://hl7.org.ar"/>
    </telecom>
    <telecom>
      <system value="email"/>
      <value value="info@hl7.org.ar"/>
    </telecom>
  </contact>
  <description value="ValueSet que incluye todos los códigos del sistema recupero tiposmatricula"/>
  <compose>
    <include>
      <system value="http://recuperocaba.gob.ar/CodeSystem/tipos-matricula-codesystem"/>
    </include>
  </compose>
</ValueSet>