<?xml version="1.0" encoding="UTF-8"?>

<ValueSet xmlns="http://hl7.org/fhir">
  <id value="recuperoprocedimientos-valueset"/>
  <text>
    <status value="generated"/><div xmlns="http://www.w3.org/1999/xhtml"><p class="res-header-id"><b>Generated Narrative: ValueSet recuperoprocedimientos-valueset</b></p><a name="recuperoprocedimientos-valueset"> </a><a name="hcrecuperoprocedimientos-valueset"> </a><ul><li>Include all codes defined in <a href="CodeSystem-procedimientos-codesystem.html"><code>http://recuperocaba.gob.ar/CodeSystem/procedimientos-codesystem</code></a></li></ul></div>
  </text>
  <url value="http://recuperocaba.gob.ar/ValueSet/recuperoprocedimientos-valueset"/>
  <version value="0.1.0"/>
  <name value="RecuperoProcedimientosVS"/>
  <title value="Recupero Procedimientos ValueSet"/>
  <status value="active"/>
  <experimental value="false"/>
  <date value="2025-07-14T12:58:17-03:00"/>
  <publisher value="HL7 Argentina"/>
  <contact>
    <name value="HL7 Argentina"/>
    <telecom>
      <system value="url"/>
      <value value="http://hl7.org.ar"/>
    </telecom>
    <telecom>
      <system value="email"/>
      <value value="info@hl7.org.ar"/>
    </telecom>
  </contact>
  <description value="ValueSet que incluye todos los códigos del sistema recupero procedimientos"/>
  <compose>
    <include>
      <system value="http://recuperocaba.gob.ar/CodeSystem/procedimientos-codesystem"/>
    </include>
  </compose>
</ValueSet>