URL,Version,Status,OIDs,Name,Title,Description,Used
http://recuperocaba.gob.ar/CodeSystem/coberturas-codesystem,0.1.0,active,,RecuperoCoberturasCS,Coberturas para Recupero,"Listado de Coberturas",
http://recuperocaba.gob.ar/CodeSystem/diagnosticos-codesystem,0.1.0,active,,RecuperoDiagnosticosCS,Diagnósticos para Recupero,"Listado de Diagnósticos",
http://recuperocaba.gob.ar/CodeSystem/procedimientos-codesystem,0.1.0,active,,RecuperoProcedimientosCS,Procedimientos para Recupero,"Listado de Procedimientos",
http://recuperocaba.gob.ar/CodeSystem/profesiones-codesystem,0.1.0,draft,,RecuperoProfesionesCS,Profesiones Solicitantes para Recupero,"Listado de Profesiones para Solicitantes",
http://recuperocaba.gob.ar/CodeSystem/profesiones-efectores-codesystem,0.1.0,draft,,RecuperoProfesionesEfectoresCS,Profesiones Efectores para Recupero,"Listado de Profesiones para Efectores",
http://recuperocaba.gob.ar/CodeSystem/tipos-documento-codesystem,0.1.0,draft,,RecuperoTiposDocumentoCS,Tipos de Documento,"Listado de Tipos de Documento para Personas",
http://recuperocaba.gob.ar/CodeSystem/tipos-matricula-codesystem,0.1.0,draft,,RecuperoTiposMatricula,Tipos de Matricula,"Listado de Entidades certificantes de matriculas para REFEPS Codesystem",
