URL,Version,Status,OIDs,Name,Title,Descriptino,Uses,Used,Sources
http://hl7.org/fhir/ValueSet/administrative-gender,4.0.1,active,"2.16.840.1.113883.4.642.3.1",AdministrativeGender,AdministrativeGender,"The gender of a person used for administrative purposes.","StructureDefinition/PatientCabaRecupero","hl7.fhir.r4.core"
http://recuperocaba.gob.ar/ValueSet/recuperocoberturas-valueset,0.1.0,active,,RecuperoCoberturasVS,Recupero Coberturas ValueSet,"ValueSet que incluye todos los códigos del sistema recupero coberturas",,"Internal"
http://recuperocaba.gob.ar/ValueSet/recuperodiagnosticos-valueset,0.1.0,active,,RecuperoDiagnosticosVS,Recupero Diagnosticos ValueSet,"ValueSet que incluye todos los códigos del sistema recupero diagnosticos","StructureDefinition/ClaimCabaRecupero","Internal"
http://recuperocaba.gob.ar/ValueSet/recuperoprocedimientos-valueset,0.1.0,active,,RecuperoProcedimientosVS,Recupero Procedimientos ValueSet,"ValueSet que incluye todos los códigos del sistema recupero procedimientos","StructureDefinition/ClaimCabaRecupero","Internal"
http://recuperocaba.gob.ar/ValueSet/recuperoprofesiones-valueset,0.1.0,active,,RecuperoProfesionesVS,Recupero Profesiones ValueSet,"ValueSet que incluye todos los códigos del sistema recupero profesiones","StructureDefinition/PractitionerCabaSolicitanteRecupero","Internal"
http://recuperocaba.gob.ar/ValueSet/recuperoprofesionesefectores-valueset,0.1.0,active,,RecuperoProfesionesEfectoresVS,Recupero Profesiones Efectores ValueSet,"ValueSet que incluye todos los códigos del sistema recupero profesiones efectores","StructureDefinition/PractitionerCabaFirmanteRecupero","Internal"
http://recuperocaba.gob.ar/ValueSet/recuperotiposdocumento-valueset,0.1.0,active,,RecuperoTiposDocumentoVS,Recupero TiposDocumento ValueSet,"ValueSet que incluye todos los códigos del sistema recupero tiposdocumento",,"Internal"
http://recuperocaba.gob.ar/ValueSet/recuperotiposmatricula-valueset,0.1.0,active,,RecuperoTiposMatriculaVS,Recupero TiposMatricula ValueSet,"ValueSet que incluye todos los códigos del sistema recupero tiposmatricula",,"Internal"
http://terminology.hl7.org/ValueSet/v3-ActEncounterCode,3.0.0,active,"2.16.840.1.113883.1.11.13955",ActEncounterCode,ActEncounterCode,"Domain provides codes that qualify the ActEncounterClass (ENC)","StructureDefinition/EncounterCabaRecupero","THO (V3)"
