{"resourceType":"ImplementationGuide","id":"recupero-caba","text":{"status":"generated","div":"<div xmlns=\"http://www.w3.org/1999/xhtml\"><p class=\"res-header-id\"><b>Generated Narrative: ImplementationGuide recupero-caba</b></p><a name=\"recupero-caba\"> </a><a name=\"hcrecupero-caba\"> </a><h2>RecuperoCABA</h2><p>The official URL for this implementation guide is: </p><pre>http://recuperocaba.gob.ar/ImplementationGuide/recupero-caba</pre><div><p>Guia de Ejemplo Recupero Caba</p>\n</div></div>"},"url":"http://recuperocaba.gob.ar/ImplementationGuide/recupero-caba","version":"0.1.0","name":"RecuperoCABA","title":"Recupero CABA","status":"draft","date":"2025-07-14T16:52:57-03:00","publisher":"HL7 Argentina","contact":[{"name":"HL7 Argentina","telecom":[{"system":"url","value":"http://hl7.org.ar"},{"system":"email","value":"info@hl7.org.ar"}]}],"description":"Guia de Ejemplo Recupero Caba","packageId":"recupero-caba","license":"CC0-1.0","fhirVersion":["4.0.1"],"dependsOn":[{"id":"hl7tx","extension":[{"url":"http://hl7.org/fhir/tools/StructureDefinition/implementationguide-dependency-comment","valueMarkdown":"Automatically added as a dependency - all IGs depend on HL7 Terminology"}],"uri":"http://terminology.hl7.org/ImplementationGuide/hl7.terminology","packageId":"hl7.terminology.r4","version":"6.5.0"},{"id":"hl7ext","extension":[{"url":"http://hl7.org/fhir/tools/StructureDefinition/implementationguide-dependency-comment","valueMarkdown":"Automatically added as a dependency - all IGs depend on the HL7 Extension Pack"}],"uri":"http://hl7.org/fhir/extensions/ImplementationGuide/hl7.fhir.uv.extensions","packageId":"hl7.fhir.uv.extensions.r4","version":"5.2.0"}],"definition":{"extension":[{"extension":[{"url":"code","valueString":"copyrightyear"},{"url":"value","valueString":"2025+"}],"url":"http://hl7.org/fhir/tools/StructureDefinition/ig-parameter"},{"extension":[{"url":"code","valueString":"releaselabel"},{"url":"value","valueString":"ci-build"}],"url":"http://hl7.org/fhir/tools/StructureDefinition/ig-parameter"},{"extension":[{"url":"code","valueString":"autoload-resources"},{"url":"value","valueString":"true"}],"url":"http://hl7.org/fhir/tools/StructureDefinition/ig-parameter"},{"extension":[{"url":"code","valueString":"path-liquid"},{"url":"value","valueString":"template/liquid"}],"url":"http://hl7.org/fhir/tools/StructureDefinition/ig-parameter"},{"extension":[{"url":"code","valueString":"path-liquid"},{"url":"value","valueString":"input/liquid"}],"url":"http://hl7.org/fhir/tools/StructureDefinition/ig-parameter"},{"extension":[{"url":"code","valueString":"path-qa"},{"url":"value","valueString":"temp/qa"}],"url":"http://hl7.org/fhir/tools/StructureDefinition/ig-parameter"},{"extension":[{"url":"code","valueString":"path-temp"},{"url":"value","valueString":"temp/pages"}],"url":"http://hl7.org/fhir/tools/StructureDefinition/ig-parameter"},{"extension":[{"url":"code","valueString":"path-output"},{"url":"value","valueString":"output"}],"url":"http://hl7.org/fhir/tools/StructureDefinition/ig-parameter"},{"extension":[{"url":"code","valueString":"path-suppressed-warnings"},{"url":"value","valueString":"input/ignoreWarnings.txt"}],"url":"http://hl7.org/fhir/tools/StructureDefinition/ig-parameter"},{"extension":[{"url":"code","valueString":"path-history"},{"url":"value","valueString":"http://recuperocaba.gob.ar/history.html"}],"url":"http://hl7.org/fhir/tools/StructureDefinition/ig-parameter"},{"extension":[{"url":"code","valueString":"template-html"},{"url":"value","valueString":"template-page.html"}],"url":"http://hl7.org/fhir/tools/StructureDefinition/ig-parameter"},{"extension":[{"url":"code","valueString":"template-md"},{"url":"value","valueString":"template-page-md.html"}],"url":"http://hl7.org/fhir/tools/StructureDefinition/ig-parameter"},{"extension":[{"url":"code","valueString":"apply-contact"},{"url":"value","valueString":"true"}],"url":"http://hl7.org/fhir/tools/StructureDefinition/ig-parameter"},{"extension":[{"url":"code","valueString":"apply-context"},{"url":"value","valueString":"true"}],"url":"http://hl7.org/fhir/tools/StructureDefinition/ig-parameter"},{"extension":[{"url":"code","valueString":"apply-copyright"},{"url":"value","valueString":"true"}],"url":"http://hl7.org/fhir/tools/StructureDefinition/ig-parameter"},{"extension":[{"url":"code","valueString":"apply-jurisdiction"},{"url":"value","valueString":"true"}],"url":"http://hl7.org/fhir/tools/StructureDefinition/ig-parameter"},{"extension":[{"url":"code","valueString":"apply-license"},{"url":"value","valueString":"true"}],"url":"http://hl7.org/fhir/tools/StructureDefinition/ig-parameter"},{"extension":[{"url":"code","valueString":"apply-publisher"},{"url":"value","valueString":"true"}],"url":"http://hl7.org/fhir/tools/StructureDefinition/ig-parameter"},{"extension":[{"url":"code","valueString":"apply-version"},{"url":"value","valueString":"true"}],"url":"http://hl7.org/fhir/tools/StructureDefinition/ig-parameter"},{"extension":[{"url":"code","valueString":"apply-wg"},{"url":"value","valueString":"true"}],"url":"http://hl7.org/fhir/tools/StructureDefinition/ig-parameter"},{"extension":[{"url":"code","valueString":"active-tables"},{"url":"value","valueString":"true"}],"url":"http://hl7.org/fhir/tools/StructureDefinition/ig-parameter"},{"extension":[{"url":"code","valueString":"fmm-definition"},{"url":"value","valueString":"http://hl7.org/fhir/versions.html#maturity"}],"url":"http://hl7.org/fhir/tools/StructureDefinition/ig-parameter"},{"extension":[{"url":"code","valueString":"propagate-status"},{"url":"value","valueString":"true"}],"url":"http://hl7.org/fhir/tools/StructureDefinition/ig-parameter"},{"extension":[{"url":"code","valueString":"excludelogbinaryformat"},{"url":"value","valueString":"true"}],"url":"http://hl7.org/fhir/tools/StructureDefinition/ig-parameter"},{"extension":[{"url":"code","valueString":"tabbed-snapshots"},{"url":"value","valueString":"true"}],"url":"http://hl7.org/fhir/tools/StructureDefinition/ig-parameter"},{"url":"http://hl7.org/fhir/tools/StructureDefinition/ig-internal-dependency","valueCode":"hl7.fhir.uv.tools.r4#0.5.0"},{"extension":[{"url":"code","valueCode":"copyrightyear"},{"url":"value","valueString":"2025+"}],"url":"http://hl7.org/fhir/tools/StructureDefinition/ig-parameter"},{"extension":[{"url":"code","valueCode":"releaselabel"},{"url":"value","valueString":"ci-build"}],"url":"http://hl7.org/fhir/tools/StructureDefinition/ig-parameter"},{"extension":[{"url":"code","valueCode":"autoload-resources"},{"url":"value","valueString":"true"}],"url":"http://hl7.org/fhir/tools/StructureDefinition/ig-parameter"},{"extension":[{"url":"code","valueCode":"path-liquid"},{"url":"value","valueString":"template/liquid"}],"url":"http://hl7.org/fhir/tools/StructureDefinition/ig-parameter"},{"extension":[{"url":"code","valueCode":"path-liquid"},{"url":"value","valueString":"input/liquid"}],"url":"http://hl7.org/fhir/tools/StructureDefinition/ig-parameter"},{"extension":[{"url":"code","valueCode":"path-qa"},{"url":"value","valueString":"temp/qa"}],"url":"http://hl7.org/fhir/tools/StructureDefinition/ig-parameter"},{"extension":[{"url":"code","valueCode":"path-temp"},{"url":"value","valueString":"temp/pages"}],"url":"http://hl7.org/fhir/tools/StructureDefinition/ig-parameter"},{"extension":[{"url":"code","valueCode":"path-output"},{"url":"value","valueString":"output"}],"url":"http://hl7.org/fhir/tools/StructureDefinition/ig-parameter"},{"extension":[{"url":"code","valueCode":"path-suppressed-warnings"},{"url":"value","valueString":"input/ignoreWarnings.txt"}],"url":"http://hl7.org/fhir/tools/StructureDefinition/ig-parameter"},{"extension":[{"url":"code","valueCode":"path-history"},{"url":"value","valueString":"http://recuperocaba.gob.ar/history.html"}],"url":"http://hl7.org/fhir/tools/StructureDefinition/ig-parameter"},{"extension":[{"url":"code","valueCode":"template-html"},{"url":"value","valueString":"template-page.html"}],"url":"http://hl7.org/fhir/tools/StructureDefinition/ig-parameter"},{"extension":[{"url":"code","valueCode":"template-md"},{"url":"value","valueString":"template-page-md.html"}],"url":"http://hl7.org/fhir/tools/StructureDefinition/ig-parameter"},{"extension":[{"url":"code","valueCode":"apply-contact"},{"url":"value","valueString":"true"}],"url":"http://hl7.org/fhir/tools/StructureDefinition/ig-parameter"},{"extension":[{"url":"code","valueCode":"apply-context"},{"url":"value","valueString":"true"}],"url":"http://hl7.org/fhir/tools/StructureDefinition/ig-parameter"},{"extension":[{"url":"code","valueCode":"apply-copyright"},{"url":"value","valueString":"true"}],"url":"http://hl7.org/fhir/tools/StructureDefinition/ig-parameter"},{"extension":[{"url":"code","valueCode":"apply-jurisdiction"},{"url":"value","valueString":"true"}],"url":"http://hl7.org/fhir/tools/StructureDefinition/ig-parameter"},{"extension":[{"url":"code","valueCode":"apply-license"},{"url":"value","valueString":"true"}],"url":"http://hl7.org/fhir/tools/StructureDefinition/ig-parameter"},{"extension":[{"url":"code","valueCode":"apply-publisher"},{"url":"value","valueString":"true"}],"url":"http://hl7.org/fhir/tools/StructureDefinition/ig-parameter"},{"extension":[{"url":"code","valueCode":"apply-version"},{"url":"value","valueString":"true"}],"url":"http://hl7.org/fhir/tools/StructureDefinition/ig-parameter"},{"extension":[{"url":"code","valueCode":"apply-wg"},{"url":"value","valueString":"true"}],"url":"http://hl7.org/fhir/tools/StructureDefinition/ig-parameter"},{"extension":[{"url":"code","valueCode":"active-tables"},{"url":"value","valueString":"true"}],"url":"http://hl7.org/fhir/tools/StructureDefinition/ig-parameter"},{"extension":[{"url":"code","valueCode":"fmm-definition"},{"url":"value","valueString":"http://hl7.org/fhir/versions.html#maturity"}],"url":"http://hl7.org/fhir/tools/StructureDefinition/ig-parameter"},{"extension":[{"url":"code","valueCode":"propagate-status"},{"url":"value","valueString":"true"}],"url":"http://hl7.org/fhir/tools/StructureDefinition/ig-parameter"},{"extension":[{"url":"code","valueCode":"excludelogbinaryformat"},{"url":"value","valueString":"true"}],"url":"http://hl7.org/fhir/tools/StructureDefinition/ig-parameter"},{"extension":[{"url":"code","valueCode":"tabbed-snapshots"},{"url":"value","valueString":"true"}],"url":"http://hl7.org/fhir/tools/StructureDefinition/ig-parameter"},{"extension":[{"url":"code","valueCode":"copyrightyear"},{"url":"value","valueString":"2025+"}],"url":"http://hl7.org/fhir/tools/StructureDefinition/ig-parameter"},{"extension":[{"url":"code","valueCode":"releaselabel"},{"url":"value","valueString":"ci-build"}],"url":"http://hl7.org/fhir/tools/StructureDefinition/ig-parameter"},{"extension":[{"url":"code","valueCode":"autoload-resources"},{"url":"value","valueString":"true"}],"url":"http://hl7.org/fhir/tools/StructureDefinition/ig-parameter"},{"extension":[{"url":"code","valueCode":"path-liquid"},{"url":"value","valueString":"template/liquid"}],"url":"http://hl7.org/fhir/tools/StructureDefinition/ig-parameter"},{"extension":[{"url":"code","valueCode":"path-liquid"},{"url":"value","valueString":"input/liquid"}],"url":"http://hl7.org/fhir/tools/StructureDefinition/ig-parameter"},{"extension":[{"url":"code","valueCode":"path-qa"},{"url":"value","valueString":"temp/qa"}],"url":"http://hl7.org/fhir/tools/StructureDefinition/ig-parameter"},{"extension":[{"url":"code","valueCode":"path-temp"},{"url":"value","valueString":"temp/pages"}],"url":"http://hl7.org/fhir/tools/StructureDefinition/ig-parameter"},{"extension":[{"url":"code","valueCode":"path-output"},{"url":"value","valueString":"output"}],"url":"http://hl7.org/fhir/tools/StructureDefinition/ig-parameter"},{"extension":[{"url":"code","valueCode":"path-suppressed-warnings"},{"url":"value","valueString":"input/ignoreWarnings.txt"}],"url":"http://hl7.org/fhir/tools/StructureDefinition/ig-parameter"},{"extension":[{"url":"code","valueCode":"path-history"},{"url":"value","valueString":"http://recuperocaba.gob.ar/history.html"}],"url":"http://hl7.org/fhir/tools/StructureDefinition/ig-parameter"},{"extension":[{"url":"code","valueCode":"template-html"},{"url":"value","valueString":"template-page.html"}],"url":"http://hl7.org/fhir/tools/StructureDefinition/ig-parameter"},{"extension":[{"url":"code","valueCode":"template-md"},{"url":"value","valueString":"template-page-md.html"}],"url":"http://hl7.org/fhir/tools/StructureDefinition/ig-parameter"},{"extension":[{"url":"code","valueCode":"apply-contact"},{"url":"value","valueString":"true"}],"url":"http://hl7.org/fhir/tools/StructureDefinition/ig-parameter"},{"extension":[{"url":"code","valueCode":"apply-context"},{"url":"value","valueString":"true"}],"url":"http://hl7.org/fhir/tools/StructureDefinition/ig-parameter"},{"extension":[{"url":"code","valueCode":"apply-copyright"},{"url":"value","valueString":"true"}],"url":"http://hl7.org/fhir/tools/StructureDefinition/ig-parameter"},{"extension":[{"url":"code","valueCode":"apply-jurisdiction"},{"url":"value","valueString":"true"}],"url":"http://hl7.org/fhir/tools/StructureDefinition/ig-parameter"},{"extension":[{"url":"code","valueCode":"apply-license"},{"url":"value","valueString":"true"}],"url":"http://hl7.org/fhir/tools/StructureDefinition/ig-parameter"},{"extension":[{"url":"code","valueCode":"apply-publisher"},{"url":"value","valueString":"true"}],"url":"http://hl7.org/fhir/tools/StructureDefinition/ig-parameter"},{"extension":[{"url":"code","valueCode":"apply-version"},{"url":"value","valueString":"true"}],"url":"http://hl7.org/fhir/tools/StructureDefinition/ig-parameter"},{"extension":[{"url":"code","valueCode":"apply-wg"},{"url":"value","valueString":"true"}],"url":"http://hl7.org/fhir/tools/StructureDefinition/ig-parameter"},{"extension":[{"url":"code","valueCode":"active-tables"},{"url":"value","valueString":"true"}],"url":"http://hl7.org/fhir/tools/StructureDefinition/ig-parameter"},{"extension":[{"url":"code","valueCode":"fmm-definition"},{"url":"value","valueString":"http://hl7.org/fhir/versions.html#maturity"}],"url":"http://hl7.org/fhir/tools/StructureDefinition/ig-parameter"},{"extension":[{"url":"code","valueCode":"propagate-status"},{"url":"value","valueString":"true"}],"url":"http://hl7.org/fhir/tools/StructureDefinition/ig-parameter"},{"extension":[{"url":"code","valueCode":"excludelogbinaryformat"},{"url":"value","valueString":"true"}],"url":"http://hl7.org/fhir/tools/StructureDefinition/ig-parameter"},{"extension":[{"url":"code","valueCode":"tabbed-snapshots"},{"url":"value","valueString":"true"}],"url":"http://hl7.org/fhir/tools/StructureDefinition/ig-parameter"}],"grouping":[{"id":"-str-logicalmodel","name":"Structures: Logical Models","description":"These define data models that represent the domain covered by this implementation guide in more business-friendly terms than the underlying FHIR resources."},{"id":"-str-profile","name":"Structures: Resource Profiles","description":"These define constraints on FHIR resources for systems conforming to this implementation guide."},{"id":"-str-extension","name":"Structures: Extension Definitions","description":"These define constraints on FHIR data types for systems conforming to this implementation guide."},{"id":"-term-valueset","name":"Terminology: Value Sets","description":"These define sets of codes used by systems conforming to this implementation guide."},{"id":"-term-codesystem","name":"Terminology: Code Systems","description":"These define new code systems used by systems conforming to this implementation guide."},{"id":"-term-namingsystem","name":"Terminology: Naming Systems","description":"These define identifier and/or code system identities used by systems conforming to this implementation guide."},{"id":"-ex-example","name":"Example: Example Instances","description":"These are example instances that show what data produced and consumed by systems conforming with this implementation guide might look like."}],"resource":[{"extension":[{"url":"http://hl7.org/fhir/tools/StructureDefinition/resource-sort","valueInteger":999999999},{"url":"http://hl7.org/fhir/StructureDefinition/implementationguide-page","valueUri":"StructureDefinition-RecuperoLaboratorioPrestacion.html"}],"reference":{"reference":"StructureDefinition/RecuperoLaboratorioPrestacion"},"name":"RecuperoLaboratorioPrestacion","description":"Representa un único servicio o procedimiento","exampleBoolean":false,"groupingId":"-str-logicalmodel"},{"extension":[{"url":"http://hl7.org/fhir/tools/StructureDefinition/resource-sort","valueInteger":999999999},{"url":"http://hl7.org/fhir/StructureDefinition/implementationguide-page","valueUri":"StructureDefinition-RecuperoLaboratorioSolicitud.html"}],"reference":{"reference":"StructureDefinition/RecuperoLaboratorioSolicitud"},"name":"RecuperoLaboratorioSolicitud","description":"Representa una solicitud de recupero de gastos de laboratorio, incluyendo la información relevante","exampleBoolean":false,"groupingId":"-str-logicalmodel"},{"extension":[{"url":"http://hl7.org/fhir/tools/StructureDefinition/resource-sort","valueInteger":999999999},{"url":"http://hl7.org/fhir/StructureDefinition/implementationguide-page","valueUri":"StructureDefinition-BundleCabaRecupero.html"}],"reference":{"reference":"StructureDefinition/BundleCabaRecupero"},"name":"Bundle Recupero Para CABA","description":"Perfil de Bundle para CABA Recupero","exampleBoolean":false,"groupingId":"-str-profile"},{"extension":[{"url":"http://hl7.org/fhir/tools/StructureDefinition/resource-sort","valueInteger":999999999},{"url":"http://hl7.org/fhir/StructureDefinition/implementationguide-page","valueUri":"StructureDefinition-ClaimCabaRecupero.html"}],"reference":{"reference":"StructureDefinition/ClaimCabaRecupero"},"name":"Claim Recupero Para CABA","description":"Perfil de Claim para CABA Recupero","exampleBoolean":false,"groupingId":"-str-profile"},{"extension":[{"url":"http://hl7.org/fhir/tools/StructureDefinition/resource-sort","valueInteger":999999999},{"url":"http://hl7.org/fhir/StructureDefinition/implementationguide-page","valueUri":"StructureDefinition-DocumentReferenceCabaRecupero.html"}],"reference":{"reference":"StructureDefinition/DocumentReferenceCabaRecupero"},"name":"DocumentReference Recupero Para CABA","description":"Perfil de DocumentReference para CABA Recupero","exampleBoolean":false,"groupingId":"-str-profile"},{"extension":[{"url":"http://hl7.org/fhir/tools/StructureDefinition/resource-sort","valueInteger":999999999},{"url":"http://hl7.org/fhir/StructureDefinition/implementationguide-page","valueUri":"StructureDefinition-EncounterCabaRecupero.html"}],"reference":{"reference":"StructureDefinition/EncounterCabaRecupero"},"name":"Encuentro para Recupero CABA","description":"Perfil de Encuentro Para RECUPERO CABA","exampleBoolean":false,"groupingId":"-str-profile"},{"extension":[{"url":"http://hl7.org/fhir/tools/StructureDefinition/resource-sort","valueInteger":999999999},{"url":"http://hl7.org/fhir/StructureDefinition/implementationguide-page","valueUri":"StructureDefinition-PatientCabaRecupero.html"}],"reference":{"reference":"StructureDefinition/PatientCabaRecupero"},"name":"Paciente para Recupero CABA","description":"Perfil de Paciente Para RECUPERO CABA","exampleBoolean":false,"groupingId":"-str-profile"},{"extension":[{"url":"http://hl7.org/fhir/tools/StructureDefinition/resource-sort","valueInteger":999999999},{"url":"http://hl7.org/fhir/StructureDefinition/implementationguide-page","valueUri":"StructureDefinition-PractitionerCabaFirmanteRecupero.html"}],"reference":{"reference":"StructureDefinition/PractitionerCabaFirmanteRecupero"},"name":"Practitioner Firmante para Recupero CABA","description":"Perfil de Practitioner Firmante Para RECUPERO CABA","exampleBoolean":false,"groupingId":"-str-profile"},{"extension":[{"url":"http://hl7.org/fhir/tools/StructureDefinition/resource-sort","valueInteger":999999999},{"url":"http://hl7.org/fhir/StructureDefinition/implementationguide-page","valueUri":"StructureDefinition-PractitionerCabaSolicitanteRecupero.html"}],"reference":{"reference":"StructureDefinition/PractitionerCabaSolicitanteRecupero"},"name":"Practitioner Solicitante para Recupero CABA","description":"Perfil de Practitioner Solicitante Para RECUPERO CABA","exampleBoolean":false,"groupingId":"-str-profile"},{"extension":[{"url":"http://hl7.org/fhir/tools/StructureDefinition/resource-sort","valueInteger":999999999},{"url":"http://hl7.org/fhir/StructureDefinition/implementationguide-page","valueUri":"StructureDefinition-PractitionerCabaRecupero.html"}],"reference":{"reference":"StructureDefinition/PractitionerCabaRecupero"},"name":"Practitioner para Recupero CABA","description":"Perfil de Practitioner Para RECUPERO CABA","exampleBoolean":false,"groupingId":"-str-profile"},{"extension":[{"url":"http://hl7.org/fhir/tools/StructureDefinition/resource-sort","valueInteger":999999999},{"url":"http://hl7.org/fhir/StructureDefinition/implementationguide-page","valueUri":"StructureDefinition-ServiceRequestCabaRecupero.html"}],"reference":{"reference":"StructureDefinition/ServiceRequestCabaRecupero"},"name":"ServiceRequest para Recupero CABA","description":"Perfil de ServiceRequest Para RECUPERO CABA","exampleBoolean":false,"groupingId":"-str-profile"},{"extension":[{"url":"http://hl7.org/fhir/tools/StructureDefinition/resource-sort","valueInteger":999999999},{"url":"http://hl7.org/fhir/StructureDefinition/implementationguide-page","valueUri":"StructureDefinition-ExtensionFathersFamilyName.html"}],"reference":{"reference":"StructureDefinition/ExtensionFathersFamilyName"},"name":"Extension: FathersFamilyName","description":"Extension used in the HumanName.family element to record the person's first (or paternal) family name.","exampleBoolean":false,"groupingId":"-str-extension"},{"extension":[{"url":"http://hl7.org/fhir/tools/StructureDefinition/resource-sort","valueInteger":999999999},{"url":"http://hl7.org/fhir/StructureDefinition/implementationguide-page","valueUri":"StructureDefinition-ExtensionMothersFamilyName.html"}],"reference":{"reference":"StructureDefinition/ExtensionMothersFamilyName"},"name":"Extension: MothersFamilyName","description":"Extension used in the HumanName.family element to record the person's first (or paternal) family name.","exampleBoolean":false,"groupingId":"-str-extension"},{"extension":[{"url":"http://hl7.org/fhir/tools/StructureDefinition/resource-sort","valueInteger":999999999},{"url":"http://hl7.org/fhir/StructureDefinition/implementationguide-page","valueUri":"ValueSet-recuperocoberturas-valueset.html"}],"reference":{"reference":"ValueSet/recuperocoberturas-valueset"},"name":"Recupero Coberturas ValueSet","description":"ValueSet que incluye todos los códigos del sistema recupero coberturas","exampleBoolean":false,"groupingId":"-term-valueset"},{"extension":[{"url":"http://hl7.org/fhir/tools/StructureDefinition/resource-sort","valueInteger":999999999},{"url":"http://hl7.org/fhir/StructureDefinition/implementationguide-page","valueUri":"ValueSet-recuperodiagnosticos-valueset.html"}],"reference":{"reference":"ValueSet/recuperodiagnosticos-valueset"},"name":"Recupero Diagnosticos ValueSet","description":"ValueSet que incluye todos los códigos del sistema recupero diagnosticos","exampleBoolean":false,"groupingId":"-term-valueset"},{"extension":[{"url":"http://hl7.org/fhir/tools/StructureDefinition/resource-sort","valueInteger":999999999},{"url":"http://hl7.org/fhir/StructureDefinition/implementationguide-page","valueUri":"ValueSet-recuperoprocedimientos-valueset.html"}],"reference":{"reference":"ValueSet/recuperoprocedimientos-valueset"},"name":"Recupero Procedimientos ValueSet","description":"ValueSet que incluye todos los códigos del sistema recupero procedimientos","exampleBoolean":false,"groupingId":"-term-valueset"},{"extension":[{"url":"http://hl7.org/fhir/tools/StructureDefinition/resource-sort","valueInteger":999999999},{"url":"http://hl7.org/fhir/StructureDefinition/implementationguide-page","valueUri":"ValueSet-recuperoprofesionesefectores-valueset.html"}],"reference":{"reference":"ValueSet/recuperoprofesionesefectores-valueset"},"name":"Recupero Profesiones Efectores ValueSet","description":"ValueSet que incluye todos los códigos del sistema recupero profesiones efectores","exampleBoolean":false,"groupingId":"-term-valueset"},{"extension":[{"url":"http://hl7.org/fhir/tools/StructureDefinition/resource-sort","valueInteger":999999999},{"url":"http://hl7.org/fhir/StructureDefinition/implementationguide-page","valueUri":"ValueSet-recuperoprofesiones-valueset.html"}],"reference":{"reference":"ValueSet/recuperoprofesiones-valueset"},"name":"Recupero Profesiones ValueSet","description":"ValueSet que incluye todos los códigos del sistema recupero profesiones","exampleBoolean":false,"groupingId":"-term-valueset"},{"extension":[{"url":"http://hl7.org/fhir/tools/StructureDefinition/resource-sort","valueInteger":999999999},{"url":"http://hl7.org/fhir/StructureDefinition/implementationguide-page","valueUri":"ValueSet-recuperotiposdocumento-valueset.html"}],"reference":{"reference":"ValueSet/recuperotiposdocumento-valueset"},"name":"Recupero TiposDocumento ValueSet","description":"ValueSet que incluye todos los códigos del sistema recupero tiposdocumento","exampleBoolean":false,"groupingId":"-term-valueset"},{"extension":[{"url":"http://hl7.org/fhir/tools/StructureDefinition/resource-sort","valueInteger":999999999},{"url":"http://hl7.org/fhir/StructureDefinition/implementationguide-page","valueUri":"ValueSet-recuperotiposmatricula-valueset.html"}],"reference":{"reference":"ValueSet/recuperotiposmatricula-valueset"},"name":"Recupero TiposMatricula ValueSet","description":"ValueSet que incluye todos los códigos del sistema recupero tiposmatricula","exampleBoolean":false,"groupingId":"-term-valueset"},{"extension":[{"url":"http://hl7.org/fhir/tools/StructureDefinition/resource-sort","valueInteger":999999999},{"url":"http://hl7.org/fhir/StructureDefinition/implementationguide-page","valueUri":"CodeSystem-coberturas-codesystem.html"}],"reference":{"reference":"CodeSystem/coberturas-codesystem"},"name":"Coberturas para Recupero","description":"Listado de Coberturas","exampleBoolean":false,"groupingId":"-term-codesystem"},{"extension":[{"url":"http://hl7.org/fhir/tools/StructureDefinition/resource-sort","valueInteger":999999999},{"url":"http://hl7.org/fhir/StructureDefinition/implementationguide-page","valueUri":"CodeSystem-diagnosticos-codesystem.html"}],"reference":{"reference":"CodeSystem/diagnosticos-codesystem"},"name":"Diagnósticos para Recupero","description":"Listado de Diagnósticos","exampleBoolean":false,"groupingId":"-term-codesystem"},{"extension":[{"url":"http://hl7.org/fhir/tools/StructureDefinition/resource-sort","valueInteger":999999999},{"url":"http://hl7.org/fhir/StructureDefinition/implementationguide-page","valueUri":"CodeSystem-procedimientos-codesystem.html"}],"reference":{"reference":"CodeSystem/procedimientos-codesystem"},"name":"Procedimientos para Recupero","description":"Listado de Procedimientos","exampleBoolean":false,"groupingId":"-term-codesystem"},{"extension":[{"url":"http://hl7.org/fhir/tools/StructureDefinition/resource-sort","valueInteger":999999999},{"url":"http://hl7.org/fhir/StructureDefinition/implementationguide-page","valueUri":"CodeSystem-profesiones-efectores-codesystem.html"}],"reference":{"reference":"CodeSystem/profesiones-efectores-codesystem"},"name":"Profesiones Efectores para Recupero","description":"Listado de Profesiones para Efectores","exampleBoolean":false,"groupingId":"-term-codesystem"},{"extension":[{"url":"http://hl7.org/fhir/tools/StructureDefinition/resource-sort","valueInteger":999999999},{"url":"http://hl7.org/fhir/StructureDefinition/implementationguide-page","valueUri":"CodeSystem-profesiones-codesystem.html"}],"reference":{"reference":"CodeSystem/profesiones-codesystem"},"name":"Profesiones Solicitantes para Recupero","description":"Listado de Profesiones para Solicitantes","exampleBoolean":false,"groupingId":"-term-codesystem"},{"extension":[{"url":"http://hl7.org/fhir/tools/StructureDefinition/resource-sort","valueInteger":999999999},{"url":"http://hl7.org/fhir/StructureDefinition/implementationguide-page","valueUri":"CodeSystem-tipos-documento-codesystem.html"}],"reference":{"reference":"CodeSystem/tipos-documento-codesystem"},"name":"Tipos de Documento","description":"Listado de Tipos de Documento para Personas","exampleBoolean":false,"groupingId":"-term-codesystem"},{"extension":[{"url":"http://hl7.org/fhir/tools/StructureDefinition/resource-sort","valueInteger":999999999},{"url":"http://hl7.org/fhir/StructureDefinition/implementationguide-page","valueUri":"CodeSystem-tipos-matricula-codesystem.html"}],"reference":{"reference":"CodeSystem/tipos-matricula-codesystem"},"name":"Tipos de Matricula","description":"Listado de Entidades certificantes de matriculas para REFEPS Codesystem","exampleBoolean":false,"groupingId":"-term-codesystem"},{"extension":[{"url":"http://hl7.org/fhir/tools/StructureDefinition/resource-sort","valueInteger":999999999},{"url":"http://hl7.org/fhir/StructureDefinition/implementationguide-page","valueUri":"NamingSystem-renaper-dni.html"}],"reference":{"reference":"NamingSystem/renaper-dni"},"name":"renaper-dni","description":"This NamingSystem defines the official identification document issued by RENAPER in Argentina, the Documento Nacional de Identidad (DNI).","exampleBoolean":false,"groupingId":"-term-namingsystem"},{"extension":[{"url":"http://hl7.org/fhir/tools/StructureDefinition/resource-sort","valueInteger":999999999},{"url":"http://hl7.org/fhir/StructureDefinition/implementationguide-page","valueUri":"Bundle-RecuperoCABABundleEjemplo.html"}],"reference":{"reference":"Bundle/RecuperoCABABundleEjemplo"},"name":"RecuperoCABABundleEjemplo","exampleCanonical":"http://recuperocaba.gob.ar/StructureDefinition/BundleCabaRecupero","groupingId":"-ex-example"},{"extension":[{"url":"http://hl7.org/fhir/tools/StructureDefinition/resource-sort","valueInteger":999999999},{"url":"http://hl7.org/fhir/StructureDefinition/implementationguide-page","valueUri":"Claim-RecuperoCABAClaimEjemplo.html"}],"reference":{"reference":"Claim/RecuperoCABAClaimEjemplo"},"name":"RecuperoCABAClaimEjemplo","exampleCanonical":"http://recuperocaba.gob.ar/StructureDefinition/ClaimCabaRecupero","groupingId":"-ex-example"},{"extension":[{"url":"http://hl7.org/fhir/tools/StructureDefinition/resource-sort","valueInteger":999999999},{"url":"http://hl7.org/fhir/StructureDefinition/implementationguide-page","valueUri":"DocumentReference-RecuperoCABADocumentacionAdicionalEjemplo.html"}],"reference":{"reference":"DocumentReference/RecuperoCABADocumentacionAdicionalEjemplo"},"name":"RecuperoCABADocumentacionAdicionalEjemplo","exampleBoolean":true,"groupingId":"-ex-example"},{"extension":[{"url":"http://hl7.org/fhir/tools/StructureDefinition/resource-sort","valueInteger":999999999},{"url":"http://hl7.org/fhir/StructureDefinition/implementationguide-page","valueUri":"Encounter-RecuperoCABAEncounterEjemplo.html"}],"reference":{"reference":"Encounter/RecuperoCABAEncounterEjemplo"},"name":"RecuperoCABAEncounterEjemplo","exampleCanonical":"http://recuperocaba.gob.ar/StructureDefinition/EncounterCabaRecupero","groupingId":"-ex-example"},{"extension":[{"url":"http://hl7.org/fhir/tools/StructureDefinition/resource-sort","valueInteger":999999999},{"url":"http://hl7.org/fhir/StructureDefinition/implementationguide-page","valueUri":"Patient-RecuperoCABAPacienteEjemplo.html"}],"reference":{"reference":"Patient/RecuperoCABAPacienteEjemplo"},"name":"RecuperoCABAPacienteEjemplo","exampleCanonical":"http://recuperocaba.gob.ar/StructureDefinition/PatientCabaRecupero","groupingId":"-ex-example"},{"extension":[{"url":"http://hl7.org/fhir/tools/StructureDefinition/resource-sort","valueInteger":999999999},{"url":"http://hl7.org/fhir/StructureDefinition/implementationguide-page","valueUri":"Practitioner-RecuperoCABAProfesionalFirmanteEjemplo.html"}],"reference":{"reference":"Practitioner/RecuperoCABAProfesionalFirmanteEjemplo"},"name":"RecuperoCABAProfesionalFirmanteEjemplo","exampleCanonical":"http://recuperocaba.gob.ar/StructureDefinition/PractitionerCabaFirmanteRecupero","groupingId":"-ex-example"},{"extension":[{"url":"http://hl7.org/fhir/tools/StructureDefinition/resource-sort","valueInteger":999999999},{"url":"http://hl7.org/fhir/StructureDefinition/implementationguide-page","valueUri":"Practitioner-RecuperoCABAProfesionalSolicitanteEjemplo.html"}],"reference":{"reference":"Practitioner/RecuperoCABAProfesionalSolicitanteEjemplo"},"name":"RecuperoCABAProfesionalSolicitanteEjemplo","exampleCanonical":"http://recuperocaba.gob.ar/StructureDefinition/PractitionerCabaSolicitanteRecupero","groupingId":"-ex-example"},{"extension":[{"url":"http://hl7.org/fhir/tools/StructureDefinition/resource-sort","valueInteger":999999999},{"url":"http://hl7.org/fhir/StructureDefinition/implementationguide-page","valueUri":"ServiceRequest-RecuperoCABAServiceRequestEjemplo.html"}],"reference":{"reference":"ServiceRequest/RecuperoCABAServiceRequestEjemplo"},"name":"RecuperoCABAServiceRequestEjemplo","exampleCanonical":"http://recuperocaba.gob.ar/StructureDefinition/ServiceRequestCabaRecupero","groupingId":"-ex-example"}],"page":{"extension":[{"url":"http://hl7.org/fhir/tools/StructureDefinition/ig-page-name","valueUrl":"toc.html"}],"nameUrl":"toc.html","title":"Table of Contents","generation":"html","page":[{"extension":[{"url":"http://hl7.org/fhir/tools/StructureDefinition/ig-page-name","valueUrl":"index.html"}],"nameUrl":"index.html","title":"Home","generation":"markdown"},{"extension":[{"url":"http://hl7.org/fhir/tools/StructureDefinition/ig-page-name","valueUrl":"casosdeuso.html"}],"nameUrl":"casosdeuso.html","title":"Casosdeuso","generation":"markdown"},{"extension":[{"url":"http://hl7.org/fhir/tools/StructureDefinition/ig-page-name","valueUrl":"mapping_logical_to_bundle.html"}],"nameUrl":"mapping_logical_to_bundle.html","title":"Mapping Logical to Bundle","generation":"markdown"},{"extension":[{"url":"http://hl7.org/fhir/tools/StructureDefinition/ig-page-name","valueUrl":"modelologico.html"}],"nameUrl":"modelologico.html","title":"Modelologico","generation":"markdown"},{"extension":[{"url":"http://hl7.org/fhir/tools/StructureDefinition/ig-page-name","valueUrl":"practica_implementacion.html"}],"nameUrl":"practica_implementacion.html","title":"Practica Implementacion","generation":"markdown"},{"extension":[{"url":"http://hl7.org/fhir/tools/StructureDefinition/ig-page-name","valueUrl":"refimpl.html"}],"nameUrl":"refimpl.html","title":"Refimpl","generation":"markdown"},{"extension":[{"url":"http://hl7.org/fhir/tools/StructureDefinition/ig-page-name","valueUrl":"xba-manual.html"}],"nameUrl":"xba-manual.html","title":"Xba Manual","generation":"markdown"},{"extension":[{"url":"http://hl7.org/fhir/tools/StructureDefinition/ig-page-name","valueUrl":"artifacts.html"}],"nameUrl":"artifacts.html","title":"Artifacts Summary","generation":"html","page":[{"extension":[{"url":"http://hl7.org/fhir/tools/StructureDefinition/ig-page-name","valueUrl":"StructureDefinition-RecuperoLaboratorioPrestacion.html"}],"nameUrl":"StructureDefinition-RecuperoLaboratorioPrestacion.html","title":"RecuperoLaboratorioPrestacion","generation":"generated"},{"extension":[{"url":"http://hl7.org/fhir/tools/StructureDefinition/ig-page-name","valueUrl":"StructureDefinition-RecuperoLaboratorioSolicitud.html"}],"nameUrl":"StructureDefinition-RecuperoLaboratorioSolicitud.html","title":"RecuperoLaboratorioSolicitud","generation":"generated"},{"extension":[{"url":"http://hl7.org/fhir/tools/StructureDefinition/ig-page-name","valueUrl":"StructureDefinition-BundleCabaRecupero.html"}],"nameUrl":"StructureDefinition-BundleCabaRecupero.html","title":"Bundle Recupero Para CABA","generation":"generated"},{"extension":[{"url":"http://hl7.org/fhir/tools/StructureDefinition/ig-page-name","valueUrl":"StructureDefinition-ClaimCabaRecupero.html"}],"nameUrl":"StructureDefinition-ClaimCabaRecupero.html","title":"Claim Recupero Para CABA","generation":"generated"},{"extension":[{"url":"http://hl7.org/fhir/tools/StructureDefinition/ig-page-name","valueUrl":"StructureDefinition-DocumentReferenceCabaRecupero.html"}],"nameUrl":"StructureDefinition-DocumentReferenceCabaRecupero.html","title":"DocumentReference Recupero Para CABA","generation":"generated"},{"extension":[{"url":"http://hl7.org/fhir/tools/StructureDefinition/ig-page-name","valueUrl":"StructureDefinition-EncounterCabaRecupero.html"}],"nameUrl":"StructureDefinition-EncounterCabaRecupero.html","title":"Encuentro para Recupero CABA","generation":"generated"},{"extension":[{"url":"http://hl7.org/fhir/tools/StructureDefinition/ig-page-name","valueUrl":"StructureDefinition-PatientCabaRecupero.html"}],"nameUrl":"StructureDefinition-PatientCabaRecupero.html","title":"Paciente para Recupero CABA","generation":"generated"},{"extension":[{"url":"http://hl7.org/fhir/tools/StructureDefinition/ig-page-name","valueUrl":"StructureDefinition-PractitionerCabaFirmanteRecupero.html"}],"nameUrl":"StructureDefinition-PractitionerCabaFirmanteRecupero.html","title":"Practitioner Firmante para Recupero CABA","generation":"generated"},{"extension":[{"url":"http://hl7.org/fhir/tools/StructureDefinition/ig-page-name","valueUrl":"StructureDefinition-PractitionerCabaRecupero.html"}],"nameUrl":"StructureDefinition-PractitionerCabaRecupero.html","title":"Practitioner para Recupero CABA","generation":"generated"},{"extension":[{"url":"http://hl7.org/fhir/tools/StructureDefinition/ig-page-name","valueUrl":"StructureDefinition-PractitionerCabaSolicitanteRecupero.html"}],"nameUrl":"StructureDefinition-PractitionerCabaSolicitanteRecupero.html","title":"Practitioner Solicitante para Recupero CABA","generation":"generated"},{"extension":[{"url":"http://hl7.org/fhir/tools/StructureDefinition/ig-page-name","valueUrl":"StructureDefinition-ServiceRequestCabaRecupero.html"}],"nameUrl":"StructureDefinition-ServiceRequestCabaRecupero.html","title":"ServiceRequest para Recupero CABA","generation":"generated"},{"extension":[{"url":"http://hl7.org/fhir/tools/StructureDefinition/ig-page-name","valueUrl":"StructureDefinition-ExtensionFathersFamilyName.html"}],"nameUrl":"StructureDefinition-ExtensionFathersFamilyName.html","title":"Extension: FathersFamilyName","generation":"generated"},{"extension":[{"url":"http://hl7.org/fhir/tools/StructureDefinition/ig-page-name","valueUrl":"StructureDefinition-ExtensionMothersFamilyName.html"}],"nameUrl":"StructureDefinition-ExtensionMothersFamilyName.html","title":"Extension: MothersFamilyName","generation":"generated"},{"extension":[{"url":"http://hl7.org/fhir/tools/StructureDefinition/ig-page-name","valueUrl":"ValueSet-recuperocoberturas-valueset.html"}],"nameUrl":"ValueSet-recuperocoberturas-valueset.html","title":"Recupero Coberturas ValueSet","generation":"generated"},{"extension":[{"url":"http://hl7.org/fhir/tools/StructureDefinition/ig-page-name","valueUrl":"ValueSet-recuperodiagnosticos-valueset.html"}],"nameUrl":"ValueSet-recuperodiagnosticos-valueset.html","title":"Recupero Diagnosticos ValueSet","generation":"generated"},{"extension":[{"url":"http://hl7.org/fhir/tools/StructureDefinition/ig-page-name","valueUrl":"ValueSet-recuperoprocedimientos-valueset.html"}],"nameUrl":"ValueSet-recuperoprocedimientos-valueset.html","title":"Recupero Procedimientos ValueSet","generation":"generated"},{"extension":[{"url":"http://hl7.org/fhir/tools/StructureDefinition/ig-page-name","valueUrl":"ValueSet-recuperoprofesionesefectores-valueset.html"}],"nameUrl":"ValueSet-recuperoprofesionesefectores-valueset.html","title":"Recupero Profesiones Efectores ValueSet","generation":"generated"},{"extension":[{"url":"http://hl7.org/fhir/tools/StructureDefinition/ig-page-name","valueUrl":"ValueSet-recuperoprofesiones-valueset.html"}],"nameUrl":"ValueSet-recuperoprofesiones-valueset.html","title":"Recupero Profesiones ValueSet","generation":"generated"},{"extension":[{"url":"http://hl7.org/fhir/tools/StructureDefinition/ig-page-name","valueUrl":"ValueSet-recuperotiposdocumento-valueset.html"}],"nameUrl":"ValueSet-recuperotiposdocumento-valueset.html","title":"Recupero TiposDocumento ValueSet","generation":"generated"},{"extension":[{"url":"http://hl7.org/fhir/tools/StructureDefinition/ig-page-name","valueUrl":"ValueSet-recuperotiposmatricula-valueset.html"}],"nameUrl":"ValueSet-recuperotiposmatricula-valueset.html","title":"Recupero TiposMatricula ValueSet","generation":"generated"},{"extension":[{"url":"http://hl7.org/fhir/tools/StructureDefinition/ig-page-name","valueUrl":"CodeSystem-coberturas-codesystem.html"}],"nameUrl":"CodeSystem-coberturas-codesystem.html","title":"Coberturas para Recupero","generation":"generated"},{"extension":[{"url":"http://hl7.org/fhir/tools/StructureDefinition/ig-page-name","valueUrl":"CodeSystem-diagnosticos-codesystem.html"}],"nameUrl":"CodeSystem-diagnosticos-codesystem.html","title":"Diagnósticos para Recupero","generation":"generated"},{"extension":[{"url":"http://hl7.org/fhir/tools/StructureDefinition/ig-page-name","valueUrl":"CodeSystem-procedimientos-codesystem.html"}],"nameUrl":"CodeSystem-procedimientos-codesystem.html","title":"Procedimientos para Recupero","generation":"generated"},{"extension":[{"url":"http://hl7.org/fhir/tools/StructureDefinition/ig-page-name","valueUrl":"CodeSystem-profesiones-efectores-codesystem.html"}],"nameUrl":"CodeSystem-profesiones-efectores-codesystem.html","title":"Profesiones Efectores para Recupero","generation":"generated"},{"extension":[{"url":"http://hl7.org/fhir/tools/StructureDefinition/ig-page-name","valueUrl":"CodeSystem-profesiones-codesystem.html"}],"nameUrl":"CodeSystem-profesiones-codesystem.html","title":"Profesiones Solicitantes para Recupero","generation":"generated"},{"extension":[{"url":"http://hl7.org/fhir/tools/StructureDefinition/ig-page-name","valueUrl":"CodeSystem-tipos-documento-codesystem.html"}],"nameUrl":"CodeSystem-tipos-documento-codesystem.html","title":"Tipos de Documento","generation":"generated"},{"extension":[{"url":"http://hl7.org/fhir/tools/StructureDefinition/ig-page-name","valueUrl":"CodeSystem-tipos-matricula-codesystem.html"}],"nameUrl":"CodeSystem-tipos-matricula-codesystem.html","title":"Tipos de Matricula","generation":"generated"},{"extension":[{"url":"http://hl7.org/fhir/tools/StructureDefinition/ig-page-name","valueUrl":"NamingSystem-renaper-dni.html"}],"nameUrl":"NamingSystem-renaper-dni.html","title":"renaper-dni","generation":"generated"},{"extension":[{"url":"http://hl7.org/fhir/tools/StructureDefinition/ig-page-name","valueUrl":"Bundle-RecuperoCABABundleEjemplo.html"}],"nameUrl":"Bundle-RecuperoCABABundleEjemplo.html","title":"RecuperoCABABundleEjemplo","generation":"generated"},{"extension":[{"url":"http://hl7.org/fhir/tools/StructureDefinition/ig-page-name","valueUrl":"Claim-RecuperoCABAClaimEjemplo.html"}],"nameUrl":"Claim-RecuperoCABAClaimEjemplo.html","title":"RecuperoCABAClaimEjemplo","generation":"generated"},{"extension":[{"url":"http://hl7.org/fhir/tools/StructureDefinition/ig-page-name","valueUrl":"DocumentReference-RecuperoCABADocumentacionAdicionalEjemplo.html"}],"nameUrl":"DocumentReference-RecuperoCABADocumentacionAdicionalEjemplo.html","title":"RecuperoCABADocumentacionAdicionalEjemplo","generation":"generated"},{"extension":[{"url":"http://hl7.org/fhir/tools/StructureDefinition/ig-page-name","valueUrl":"Encounter-RecuperoCABAEncounterEjemplo.html"}],"nameUrl":"Encounter-RecuperoCABAEncounterEjemplo.html","title":"RecuperoCABAEncounterEjemplo","generation":"generated"},{"extension":[{"url":"http://hl7.org/fhir/tools/StructureDefinition/ig-page-name","valueUrl":"Patient-RecuperoCABAPacienteEjemplo.html"}],"nameUrl":"Patient-RecuperoCABAPacienteEjemplo.html","title":"RecuperoCABAPacienteEjemplo","generation":"generated"},{"extension":[{"url":"http://hl7.org/fhir/tools/StructureDefinition/ig-page-name","valueUrl":"Practitioner-RecuperoCABAProfesionalFirmanteEjemplo.html"}],"nameUrl":"Practitioner-RecuperoCABAProfesionalFirmanteEjemplo.html","title":"RecuperoCABAProfesionalFirmanteEjemplo","generation":"generated"},{"extension":[{"url":"http://hl7.org/fhir/tools/StructureDefinition/ig-page-name","valueUrl":"Practitioner-RecuperoCABAProfesionalSolicitanteEjemplo.html"}],"nameUrl":"Practitioner-RecuperoCABAProfesionalSolicitanteEjemplo.html","title":"RecuperoCABAProfesionalSolicitanteEjemplo","generation":"generated"},{"extension":[{"url":"http://hl7.org/fhir/tools/StructureDefinition/ig-page-name","valueUrl":"ServiceRequest-RecuperoCABAServiceRequestEjemplo.html"}],"nameUrl":"ServiceRequest-RecuperoCABAServiceRequestEjemplo.html","title":"RecuperoCABAServiceRequestEjemplo","generation":"generated"}]}]},"parameter":[{"code":"path-resource","value":"input/capabilities"},{"code":"path-resource","value":"input/examples"},{"code":"path-resource","value":"input/extensions"},{"code":"path-resource","value":"input/models"},{"code":"path-resource","value":"input/operations"},{"code":"path-resource","value":"input/profiles"},{"code":"path-resource","value":"input/resources"},{"code":"path-resource","value":"input/vocabulary"},{"code":"path-resource","value":"input/maps"},{"code":"path-resource","value":"input/testing"},{"code":"path-resource","value":"input/history"},{"code":"path-resource","value":"fsh-generated/resources"},{"code":"path-pages","value":"template/config"},{"code":"path-pages","value":"input/images"},{"code":"path-tx-cache","value":"input-cache/txcache"}]}}