{"resourceType":"ValueSet","id":"recuperotiposmatricula-valueset","text":{"status":"generated","div":"<div xmlns=\"http://www.w3.org/1999/xhtml\"><p class=\"res-header-id\"><b>Generated Narrative: ValueSet recuperotiposmatricula-valueset</b></p><a name=\"recuperotiposmatricula-valueset\"> </a><a name=\"hcrecuperotiposmatricula-valueset\"> </a><ul><li>Include all codes defined in <a href=\"CodeSystem-tipos-matricula-codesystem.html\"><code>http://recuperocaba.gob.ar/CodeSystem/tipos-matricula-codesystem</code></a></li></ul></div>"},"url":"http://recuperocaba.gob.ar/ValueSet/recuperotiposmatricula-valueset","version":"0.1.0","name":"RecuperoTiposMatriculaVS","title":"Recupero TiposMatricula ValueSet","status":"active","experimental":false,"date":"2025-07-12T16:20:05-03:00","publisher":"HL7 Argentina","contact":[{"name":"HL7 Argentina","telecom":[{"system":"url","value":"http://hl7.org.ar"},{"system":"email","value":"info@hl7.org.ar"}]}],"description":"ValueSet que incluye todos los códigos del sistema recupero tiposmatricula","compose":{"include":[{"system":"http://recuperocaba.gob.ar/CodeSystem/tipos-matricula-codesystem"}]}}