{"resourceType":"ValueSet","id":"recuperoprofesiones-valueset","text":{"status":"generated","div":"<div xmlns=\"http://www.w3.org/1999/xhtml\"><p class=\"res-header-id\"><b>Generated Narrative: ValueSet recuperoprofesiones-valueset</b></p><a name=\"recuperoprofesiones-valueset\"> </a><a name=\"hcrecuperoprofesiones-valueset\"> </a><ul><li>Include all codes defined in <a href=\"CodeSystem-profesiones-codesystem.html\"><code>http://recuperocaba.gob.ar/CodeSystem/profesiones-codesystem</code></a></li></ul></div>"},"url":"http://recuperocaba.gob.ar/ValueSet/recuperoprofesiones-valueset","version":"0.1.0","name":"RecuperoProfesionesVS","title":"Recupero Profesiones ValueSet","status":"active","experimental":false,"date":"2025-07-14T12:58:17-03:00","publisher":"HL7 Argentina","contact":[{"name":"HL7 Argentina","telecom":[{"system":"url","value":"http://hl7.org.ar"},{"system":"email","value":"info@hl7.org.ar"}]}],"description":"ValueSet que incluye todos los códigos del sistema recupero profesiones","compose":{"include":[{"system":"http://recuperocaba.gob.ar/CodeSystem/profesiones-codesystem"}]}}