{"resourceType":"ValueSet","id":"recuperotiposdocumento-valueset","text":{"status":"generated","div":"<div xmlns=\"http://www.w3.org/1999/xhtml\"><p class=\"res-header-id\"><b>Generated Narrative: ValueSet recuperotiposdocumento-valueset</b></p><a name=\"recuperotiposdocumento-valueset\"> </a><a name=\"hcrecuperotiposdocumento-valueset\"> </a><ul><li>Include all codes defined in <a href=\"CodeSystem-tipos-documento-codesystem.html\"><code>http://recuperocaba.gob.ar/CodeSystem/tipos-documento-codesystem</code></a></li></ul></div>"},"url":"http://recuperocaba.gob.ar/ValueSet/recuperotiposdocumento-valueset","version":"0.1.0","name":"RecuperoTiposDocumentoVS","title":"Recupero TiposDocumento ValueSet","status":"active","experimental":false,"date":"2025-07-14T12:58:17-03:00","publisher":"HL7 Argentina","contact":[{"name":"HL7 Argentina","telecom":[{"system":"url","value":"http://hl7.org.ar"},{"system":"email","value":"info@hl7.org.ar"}]}],"description":"ValueSet que incluye todos los códigos del sistema recupero tiposdocumento","compose":{"include":[{"system":"http://recuperocaba.gob.ar/CodeSystem/tipos-documento-codesystem"}]}}