{"resourceType":"ValueSet","id":"recuperoprocedimientos-valueset","text":{"status":"generated","div":"<div xmlns=\"http://www.w3.org/1999/xhtml\"><p class=\"res-header-id\"><b>Generated Narrative: ValueSet recuperoprocedimientos-valueset</b></p><a name=\"recuperoprocedimientos-valueset\"> </a><a name=\"hcrecuperoprocedimientos-valueset\"> </a><ul><li>Include all codes defined in <a href=\"CodeSystem-procedimientos-codesystem.html\"><code>http://recuperocaba.gob.ar/CodeSystem/procedimientos-codesystem</code></a></li></ul></div>"},"url":"http://recuperocaba.gob.ar/ValueSet/recuperoprocedimientos-valueset","version":"0.1.0","name":"RecuperoProcedimientosVS","title":"Recupero Procedimientos ValueSet","status":"active","experimental":false,"date":"2025-07-14T12:58:17-03:00","publisher":"HL7 Argentina","contact":[{"name":"HL7 Argentina","telecom":[{"system":"url","value":"http://hl7.org.ar"},{"system":"email","value":"info@hl7.org.ar"}]}],"description":"ValueSet que incluye todos los códigos del sistema recupero procedimientos","compose":{"include":[{"system":"http://recuperocaba.gob.ar/CodeSystem/procedimientos-codesystem"}]}}